<?xml version="1.0" encoding="UTF-8"?>
<teamworks>
    <process id="1.012e1a27-1a81-4e0e-97d9-8a2d8976dda7" name="SQL Execute Multiple Statements (SQLResult)">
        <lastModified>1361372673512</lastModified>
        <lastModifiedBy>Internal TW Admin user</lastModifiedBy>
        <processId>1.012e1a27-1a81-4e0e-97d9-8a2d8976dda7</processId>
        <image isNull="true" />
        <tabGroup isNull="true" />
        <startingProcessItemId>2025.7c356392-dfd8-495f-8b9e-80bc7a22e271</startingProcessItemId>
        <isRootProcess>false</isRootProcess>
        <processType>4</processType>
        <isErrorHandlerEnabled>false</isErrorHandlerEnabled>
        <errorHandlerItemId isNull="true" />
        <isLoggingVariables>false</isLoggingVariables>
        <isTransactional>false</isTransactional>
        <processTimingLevel isNull="true" />
        <participantRef isNull="true" />
        <exposedType isNull="true" />
        <isTrackingEnabled>true</isTrackingEnabled>
        <xmlData isNull="true" />
        <cachingType>false</cachingType>
        <itemLabel isNull="true" />
        <cacheLength>43200</cacheLength>
        <mobileReady>false</mobileReady>
        <sboSyncEnabled>true</sboSyncEnabled>
        <externalId isNull="true" />
        <isSecured>false</isSecured>
        <description>Executes multiple SQL statements and returns the results based on the supplied return type.</description>
        <guid>guid:b5ffa6577ed3a684:-4e3a2174:115951f71d3:-7fe9</guid>
        <versionId>86c13dce-e34d-45ac-9196-8b1ca656db9c</versionId>
        <dependencySummary isNull="true" />
        <processParameter name="sqlStatements">
            <lastModified isNull="true" />
            <lastModifiedBy isNull="true" />
            <processParameterId>2055.9695b715-db44-410b-8a74-65cf1d31d8ab</processParameterId>
            <processId>1.012e1a27-1a81-4e0e-97d9-8a2d8976dda7</processId>
            <parameterType>1</parameterType>
            <isArrayOf>true</isArrayOf>
            <classId>/12.3990d8b4-983d-4250-bd06-3600f527fed0</classId>
            <seq>1</seq>
            <hasDefault>false</hasDefault>
            <defaultValue isNull="true" />
            <isLocked>false</isLocked>
            <description isNull="true" />
            <guid>guid:197d4ddc90fc5427:-1c619ffe:11def1582ed:-79c9</guid>
            <versionId>8c8a05a2-aa4d-46d4-a39b-d2fd6f982215</versionId>
        </processParameter>
        <processParameter name="dataSourceName">
            <lastModified isNull="true" />
            <lastModifiedBy isNull="true" />
            <processParameterId>2055.a634f531-c979-476c-91db-a17bf5e55c90</processParameterId>
            <processId>1.012e1a27-1a81-4e0e-97d9-8a2d8976dda7</processId>
            <parameterType>1</parameterType>
            <isArrayOf>false</isArrayOf>
            <classId>/12.db884a3c-c533-44b7-bb2d-47bec8ad4022</classId>
            <seq>2</seq>
            <hasDefault>true</hasDefault>
            <defaultValue>"jdbc/TeamWorksDB"</defaultValue>
            <isLocked>false</isLocked>
            <description isNull="true" />
            <guid>guid:197d4ddc90fc5427:-1c619ffe:11def1582ed:-79c7</guid>
            <versionId>d706f013-5765-42fa-a402-17e8f3399b1f</versionId>
        </processParameter>
        <processParameter name="results">
            <lastModified isNull="true" />
            <lastModifiedBy isNull="true" />
            <processParameterId>2055.921cdfd7-ed55-4dca-a71d-e4401a90c57e</processParameterId>
            <processId>1.012e1a27-1a81-4e0e-97d9-8a2d8976dda7</processId>
            <parameterType>2</parameterType>
            <isArrayOf>true</isArrayOf>
            <classId>/12.3b1e3757-a1f4-4c3f-bbb8-16fecd4d65c1</classId>
            <seq>3</seq>
            <hasDefault>false</hasDefault>
            <defaultValue isNull="true" />
            <isLocked>false</isLocked>
            <description isNull="true" />
            <guid>guid:197d4ddc90fc5427:-1c619ffe:11def1582ed:-79c5</guid>
            <versionId>2226a657-7bfa-42b5-b430-0c67863cc788</versionId>
        </processParameter>
        <processVariable name="returnType">
            <lastModified isNull="true" />
            <lastModifiedBy isNull="true" />
            <processVariableId>2056.d66c4c68-3962-4b15-9627-17c80da89037</processVariableId>
            <description isNull="true" />
            <processId>1.012e1a27-1a81-4e0e-97d9-8a2d8976dda7</processId>
            <namespace>2</namespace>
            <seq>1</seq>
            <isArrayOf>false</isArrayOf>
            <classId>/12.db884a3c-c533-44b7-bb2d-47bec8ad4022</classId>
            <hasDefault>true</hasDefault>
            <defaultValue>"SQLResult"</defaultValue>
            <guid>guid:197d4ddc90fc5427:-1c619ffe:11def1582ed:-79bf</guid>
            <versionId>0cc4ce2e-fc06-433f-9e05-039f49096625</versionId>
        </processVariable>
        <item>
            <lastModified isNull="true" />
            <lastModifiedBy isNull="true" />
            <processItemId>2025.7c356392-dfd8-495f-8b9e-80bc7a22e271</processItemId>
            <processId>1.012e1a27-1a81-4e0e-97d9-8a2d8976dda7</processId>
            <name>SQL Execute Multiple Statements</name>
            <tWComponentName>SubProcess</tWComponentName>
            <tWComponentId>3012.f13076db-4c08-486f-9de5-d8c9f25c6a5f</tWComponentId>
            <isLogEnabled>false</isLogEnabled>
            <isTraceEnabled>false</isTraceEnabled>
            <traceCategory isNull="true" />
            <traceLevel isNull="true" />
            <traceMessage isNull="true" />
            <traceSymbolTable isNull="true" />
            <isExecutionContextTraced>false</isExecutionContextTraced>
            <saveExecutionContext>false</saveExecutionContext>
            <documentation isNull="true" />
            <isErrorHandlerEnabled>false</isErrorHandlerEnabled>
            <errorHandlerItemId isNull="true" />
            <guid>guid:12be50909032b80c:18f81ea7:11f41c537ad:-7abe</guid>
            <versionId>486e2e52-bd03-4b13-aec6-f46d1aa265fc</versionId>
            <layoutData x="138" y="85">
                <errorLink>
                    <controlPoints />
                    <showEndState>false</showEndState>
                    <showName>false</showName>
                </errorLink>
            </layoutData>
            <TWComponent>
                <lastModified isNull="true" />
                <lastModifiedBy isNull="true" />
                <subProcessId>3012.f13076db-4c08-486f-9de5-d8c9f25c6a5f</subProcessId>
                <attachedProcessRef>/1.89ee1e72-5c6b-44ed-9e55-158a6cb613af</attachedProcessRef>
                <guid>guid:12be50909032b80c:18f81ea7:11f41c537ad:-7abd</guid>
                <versionId>b5865f57-9cc0-4ff8-992c-c7e6d9888796</versionId>
                <parameterMapping name="returnType">
                    <lastModified isNull="true" />
                    <lastModifiedBy isNull="true" />
                    <parameterMappingId>2054.99392ed7-52bb-49b3-b40a-4f92f8bd3f12</parameterMappingId>
                    <processParameterId>2055.628ceac6-aa42-426b-97c7-540674f12f38</processParameterId>
                    <parameterMappingParentId>3012.f13076db-4c08-486f-9de5-d8c9f25c6a5f</parameterMappingParentId>
                    <useDefault>false</useDefault>
                    <value>"SQLResult"</value>
                    <classRef>/12.db884a3c-c533-44b7-bb2d-47bec8ad4022</classRef>
                    <isList>false</isList>
                    <isInput>true</isInput>
                    <guid>guid:12be50909032b80c:18f81ea7:11f41c537ad:-7aa6</guid>
                    <versionId>110908c5-5b52-41d8-a631-9df48a0e2b7f</versionId>
                    <description isNull="true" />
                </parameterMapping>
                <parameterMapping name="dataSourceName">
                    <lastModified isNull="true" />
                    <lastModifiedBy isNull="true" />
                    <parameterMappingId>2054.02a50fd5-0e5d-46a3-abc7-4f0392dcfc36</parameterMappingId>
                    <processParameterId>2055.c007e1f5-b9cb-4b02-bf74-bc982112aade</processParameterId>
                    <parameterMappingParentId>3012.f13076db-4c08-486f-9de5-d8c9f25c6a5f</parameterMappingParentId>
                    <useDefault>false</useDefault>
                    <value>tw.local.dataSourceName</value>
                    <classRef>/12.db884a3c-c533-44b7-bb2d-47bec8ad4022</classRef>
                    <isList>false</isList>
                    <isInput>true</isInput>
                    <guid>guid:12be50909032b80c:18f81ea7:11f41c537ad:-7aa5</guid>
                    <versionId>2d843fb4-935a-4763-9308-8f44dc586570</versionId>
                    <description isNull="true" />
                </parameterMapping>
                <parameterMapping name="results">
                    <lastModified isNull="true" />
                    <lastModifiedBy isNull="true" />
                    <parameterMappingId>2054.752cb99e-ef40-4f38-9cfd-10d95f954b36</parameterMappingId>
                    <processParameterId>2055.24961b69-3b9b-4311-8707-6b6dfffaf207</processParameterId>
                    <parameterMappingParentId>3012.f13076db-4c08-486f-9de5-d8c9f25c6a5f</parameterMappingParentId>
                    <useDefault>false</useDefault>
                    <value>tw.local.results</value>
                    <classRef>/12.c09c9b6e-aabd-4897-bef2-ed61db106297</classRef>
                    <isList>false</isList>
                    <isInput>false</isInput>
                    <guid>guid:12be50909032b80c:18f81ea7:11f41c537ad:-7aa4</guid>
                    <versionId>1990d96c-fc85-4ffe-bf26-76f854295c43</versionId>
                    <description isNull="true" />
                </parameterMapping>
                <parameterMapping name="sqlStatements">
                    <lastModified isNull="true" />
                    <lastModifiedBy isNull="true" />
                    <parameterMappingId>2054.36a1b471-2b12-474f-a71f-9cc02e2271d7</parameterMappingId>
                    <processParameterId>2055.c023a0b3-e6e5-47a6-a920-04d6b2f8dc26</processParameterId>
                    <parameterMappingParentId>3012.f13076db-4c08-486f-9de5-d8c9f25c6a5f</parameterMappingParentId>
                    <useDefault>false</useDefault>
                    <value>tw.local.sqlStatements</value>
                    <classRef>/12.3990d8b4-983d-4250-bd06-3600f527fed0</classRef>
                    <isList>true</isList>
                    <isInput>true</isInput>
                    <guid>guid:12be50909032b80c:18f81ea7:11f41c537ad:-7aa7</guid>
                    <versionId>8e6fe33c-2cf0-4844-ae70-73d4c2f56c22</versionId>
                    <description isNull="true" />
                </parameterMapping>
            </TWComponent>
        </item>
        <item>
            <lastModified isNull="true" />
            <lastModifiedBy isNull="true" />
            <processItemId>2025.7d30a817-5b4c-40e7-9fc6-51822f2327ca</processItemId>
            <processId>1.012e1a27-1a81-4e0e-97d9-8a2d8976dda7</processId>
            <name>End</name>
            <tWComponentName>ExitPoint</tWComponentName>
            <tWComponentId>3008.0d0e804a-6ca8-4070-b9f6-037b11194ba0</tWComponentId>
            <isLogEnabled>false</isLogEnabled>
            <isTraceEnabled>false</isTraceEnabled>
            <traceCategory isNull="true" />
            <traceLevel isNull="true" />
            <traceMessage isNull="true" />
            <traceSymbolTable isNull="true" />
            <isExecutionContextTraced>false</isExecutionContextTraced>
            <saveExecutionContext>true</saveExecutionContext>
            <documentation isNull="true" />
            <isErrorHandlerEnabled>false</isErrorHandlerEnabled>
            <errorHandlerItemId isNull="true" />
            <guid>guid:b5ffa6577ed3a684:-4e3a2174:115951f71d3:-7fe8</guid>
            <versionId>58575d9a-76f2-4978-a62f-acea9d581274</versionId>
            <layoutData x="281" y="100">
                <errorLink>
                    <controlPoints />
                    <showEndState>false</showEndState>
                    <showName>false</showName>
                </errorLink>
            </layoutData>
            <TWComponent>
                <lastModified isNull="true" />
                <lastModifiedBy isNull="true" />
                <exitPointId>3008.0d0e804a-6ca8-4070-b9f6-037b11194ba0</exitPointId>
                <haltProcess>false</haltProcess>
                <guid>guid:197d4ddc90fc5427:-1c619ffe:11def1582ed:-79c1</guid>
                <versionId>3cb4e369-05df-4d36-b87e-27ae3fc40e6b</versionId>
            </TWComponent>
        </item>
        <startingProcessItemId>2025.7c356392-dfd8-495f-8b9e-80bc7a22e271</startingProcessItemId>
        <errorHandlerItemId isNull="true" />
        <layoutData noConversion="true">
            <errorLink>
                <controlPoints />
                <showEndState>false</showEndState>
                <showName>false</showName>
            </errorLink>
        </layoutData>
        <startPoint>
            <layoutData x="20" y="100">
                <errorLink>
                    <controlPoints />
                    <showEndState>false</showEndState>
                    <showName>false</showName>
                </errorLink>
            </layoutData>
        </startPoint>
        <startLink>
            <fromPort locationId="rightCenter" portType="1" />
            <toPort locationId="leftCenter" portType="2" />
            <layoutData>
                <controlPoints />
                <showEndState>false</showEndState>
                <showName>false</showName>
            </layoutData>
        </startLink>
        <link name="Untitled">
            <lastModified isNull="true" />
            <lastModifiedBy isNull="true" />
            <processLinkId>2027.ab7890c0-b593-4e15-a386-7bd3d8ea64af</processLinkId>
            <processId>1.012e1a27-1a81-4e0e-97d9-8a2d8976dda7</processId>
            <description isNull="true" />
            <fromProcessItemId>2025.7c356392-dfd8-495f-8b9e-80bc7a22e271</fromProcessItemId>
            <endStateId>guid:a93dd992dce2d4cc:-381cc70d:115a5e00b05:-7fdb</endStateId>
            <toProcessItemId>2025.7d30a817-5b4c-40e7-9fc6-51822f2327ca</toProcessItemId>
            <guid>guid:12be50909032b80c:18f81ea7:11f41c537ad:-7a97</guid>
            <versionId>e1c3b15a-9a84-4dd9-bb4a-4899df951293</versionId>
            <layoutData>
                <controlPoints />
                <showEndState>false</showEndState>
                <showName>false</showName>
            </layoutData>
            <fromItemPort locationId="rightCenter" portType="1" />
            <toItemPort locationId="leftCenter" portType="2" />
            <fromProcessItemId>2025.7c356392-dfd8-495f-8b9e-80bc7a22e271</fromProcessItemId>
            <toProcessItemId>2025.7d30a817-5b4c-40e7-9fc6-51822f2327ca</toProcessItemId>
        </link>
    </process>
</teamworks>

