<?xml version="1.0" encoding="UTF-8"?>
<teamworks>
    <process id="1.06489120-14ae-46d9-aff9-20ea88530b35" name="Validate XML File">
        <lastModified>1361372673512</lastModified>
        <lastModifiedBy>Internal TW Admin user</lastModifiedBy>
        <processId>1.06489120-14ae-46d9-aff9-20ea88530b35</processId>
        <image isNull="true" />
        <tabGroup isNull="true" />
        <startingProcessItemId>2025.7bab4366-ea39-4e3a-b28c-d63fb33bfbcf</startingProcessItemId>
        <isRootProcess>false</isRootProcess>
        <processType>4</processType>
        <isErrorHandlerEnabled>false</isErrorHandlerEnabled>
        <errorHandlerItemId isNull="true" />
        <isLoggingVariables>false</isLoggingVariables>
        <isTransactional>false</isTransactional>
        <processTimingLevel isNull="true" />
        <participantRef isNull="true" />
        <exposedType isNull="true" />
        <isTrackingEnabled>true</isTrackingEnabled>
        <xmlData isNull="true" />
        <cachingType>false</cachingType>
        <itemLabel isNull="true" />
        <cacheLength>43200</cacheLength>
        <mobileReady>false</mobileReady>
        <sboSyncEnabled>true</sboSyncEnabled>
        <externalId isNull="true" />
        <isSecured>false</isSecured>
        <description>Validates XML from a file</description>
        <guid>guid:12be50909032b80c:18f81ea7:11f41c537ad:-61c6</guid>
        <versionId>025cee5f-a012-44f1-a782-dcb4c07152b4</versionId>
        <dependencySummary isNull="true" />
        <processParameter name="filePath">
            <lastModified isNull="true" />
            <lastModifiedBy isNull="true" />
            <processParameterId>2055.76b575fc-75da-4657-af8a-b0104a2d846a</processParameterId>
            <processId>1.06489120-14ae-46d9-aff9-20ea88530b35</processId>
            <parameterType>1</parameterType>
            <isArrayOf>false</isArrayOf>
            <classId>/12.db884a3c-c533-44b7-bb2d-47bec8ad4022</classId>
            <seq>1</seq>
            <hasDefault>false</hasDefault>
            <defaultValue isNull="true" />
            <isLocked>false</isLocked>
            <description>XML file to evaluate</description>
            <guid>guid:12be50909032b80c:18f81ea7:11f41c537ad:-6190</guid>
            <versionId>ccbdcb91-cfd7-4f74-a826-b1be012cfa0b</versionId>
        </processParameter>
        <processParameter name="isValid">
            <lastModified isNull="true" />
            <lastModifiedBy isNull="true" />
            <processParameterId>2055.dea1d5cb-41b9-49a2-b9d8-fb058f7b9cce</processParameterId>
            <processId>1.06489120-14ae-46d9-aff9-20ea88530b35</processId>
            <parameterType>2</parameterType>
            <isArrayOf>false</isArrayOf>
            <classId>/12.83ff975e-8dbc-42e5-b738-fa8bc08274a2</classId>
            <seq>2</seq>
            <hasDefault>false</hasDefault>
            <defaultValue isNull="true" />
            <isLocked>false</isLocked>
            <description isNull="true" />
            <guid>guid:12be50909032b80c:18f81ea7:11f41c537ad:-616d</guid>
            <versionId>90c6d1e0-ab27-4c2e-ba5c-9ead8c6d9c15</versionId>
        </processParameter>
        <processParameter name="errorMessage">
            <lastModified isNull="true" />
            <lastModifiedBy isNull="true" />
            <processParameterId>2055.d1179b63-503c-40a4-be78-6a990c03ae6a</processParameterId>
            <processId>1.06489120-14ae-46d9-aff9-20ea88530b35</processId>
            <parameterType>2</parameterType>
            <isArrayOf>false</isArrayOf>
            <classId>/12.db884a3c-c533-44b7-bb2d-47bec8ad4022</classId>
            <seq>3</seq>
            <hasDefault>false</hasDefault>
            <defaultValue isNull="true" />
            <isLocked>false</isLocked>
            <description isNull="true" />
            <guid>guid:12be50909032b80c:18f81ea7:11f41c537ad:-6166</guid>
            <versionId>a6fbe8dc-1cdf-4367-a412-29f69b106bdf</versionId>
        </processParameter>
        <processVariable name="results">
            <lastModified isNull="true" />
            <lastModifiedBy isNull="true" />
            <processVariableId>2056.31017f1d-ef18-4d1a-8b33-4f7111f3359a</processVariableId>
            <description isNull="true" />
            <processId>1.06489120-14ae-46d9-aff9-20ea88530b35</processId>
            <namespace>2</namespace>
            <seq>1</seq>
            <isArrayOf>false</isArrayOf>
            <classId>/12.90c5b1d3-3fa1-4b3b-ab27-220b0652dc55</classId>
            <hasDefault>false</hasDefault>
            <defaultValue isNull="true" />
            <guid>guid:12be50909032b80c:18f81ea7:11f41c537ad:-614b</guid>
            <versionId>9f405e56-6ba5-46fc-93ad-0929a43085c0</versionId>
        </processVariable>
        <item>
            <lastModified isNull="true" />
            <lastModifiedBy isNull="true" />
            <processItemId>2025.7020ccc9-ef4c-4dfe-bf67-fa168bd3e6c2</processItemId>
            <processId>1.06489120-14ae-46d9-aff9-20ea88530b35</processId>
            <name>End</name>
            <tWComponentName>ExitPoint</tWComponentName>
            <tWComponentId>3008.e965acf6-e540-4981-9775-fa05606c8c62</tWComponentId>
            <isLogEnabled>false</isLogEnabled>
            <isTraceEnabled>false</isTraceEnabled>
            <traceCategory isNull="true" />
            <traceLevel isNull="true" />
            <traceMessage isNull="true" />
            <traceSymbolTable isNull="true" />
            <isExecutionContextTraced>false</isExecutionContextTraced>
            <saveExecutionContext>true</saveExecutionContext>
            <documentation isNull="true" />
            <isErrorHandlerEnabled>false</isErrorHandlerEnabled>
            <errorHandlerItemId isNull="true" />
            <guid>guid:12be50909032b80c:18f81ea7:11f41c537ad:-61c4</guid>
            <versionId>12df0f94-08eb-42b3-b87e-2f1ffe52ae10</versionId>
            <layoutData x="411" y="100">
                <errorLink>
                    <controlPoints />
                    <showEndState>false</showEndState>
                    <showName>false</showName>
                </errorLink>
            </layoutData>
            <TWComponent>
                <lastModified isNull="true" />
                <lastModifiedBy isNull="true" />
                <exitPointId>3008.e965acf6-e540-4981-9775-fa05606c8c62</exitPointId>
                <haltProcess>false</haltProcess>
                <guid>guid:12be50909032b80c:18f81ea7:11f41c537ad:-61c3</guid>
                <versionId>27b12bb9-7aae-4f39-a7fb-24342fb808b8</versionId>
            </TWComponent>
        </item>
        <item>
            <lastModified isNull="true" />
            <lastModifiedBy isNull="true" />
            <processItemId>2025.7bab4366-ea39-4e3a-b28c-d63fb33bfbcf</processItemId>
            <processId>1.06489120-14ae-46d9-aff9-20ea88530b35</processId>
            <name>Validate XML</name>
            <tWComponentName>JavaConnector</tWComponentName>
            <tWComponentId>3022.f613ab94-2f2b-46a9-bb74-3cc49a328768</tWComponentId>
            <isLogEnabled>false</isLogEnabled>
            <isTraceEnabled>false</isTraceEnabled>
            <traceCategory isNull="true" />
            <traceLevel isNull="true" />
            <traceMessage isNull="true" />
            <traceSymbolTable isNull="true" />
            <isExecutionContextTraced>false</isExecutionContextTraced>
            <saveExecutionContext>false</saveExecutionContext>
            <documentation isNull="true" />
            <isErrorHandlerEnabled>false</isErrorHandlerEnabled>
            <errorHandlerItemId isNull="true" />
            <guid>guid:12be50909032b80c:18f81ea7:11f41c537ad:-61b3</guid>
            <versionId>7e7b1c1e-305b-4777-97ad-e7cadb3cb811</versionId>
            <layoutData x="121" y="85">
                <errorLink>
                    <controlPoints />
                    <showEndState>false</showEndState>
                    <showName>false</showName>
                </errorLink>
            </layoutData>
            <TWComponent>
                <lastModified isNull="true" />
                <lastModifiedBy isNull="true" />
                <javaConnectorId>3022.f613ab94-2f2b-46a9-bb74-3cc49a328768</javaConnectorId>
                <definition>&lt;connector&gt;
  &lt;javaClassName&gt;teamworks.SimpleXMLValidator&lt;/javaClassName&gt;
  &lt;methodName&gt;validate&lt;/methodName&gt;
  &lt;inputRecord&gt;
    &lt;element type="java.io.File" nativeType="java.io.File" parameter="Parameter 0" argument="tw.local.filePath" description="*File Containing XML" /&gt;
  &lt;/inputRecord&gt;
  &lt;outputRecord&gt;
    &lt;element type="java.util.HashMap" nativeType="java.util.HashMap" parameter="Return Value" argument="tw.local.results" description="" /&gt;
  &lt;/outputRecord&gt;
&lt;/connector&gt;</definition>
                <guid>guid:12be50909032b80c:18f81ea7:11f41c537ad:-61b4</guid>
                <versionId>c609803d-e10d-45e1-8c4e-b49fa59e3553</versionId>
            </TWComponent>
        </item>
        <item>
            <lastModified isNull="true" />
            <lastModifiedBy isNull="true" />
            <processItemId>2025.7650c879-8156-44ca-8aca-a60ae16ccfc6</processItemId>
            <processId>1.06489120-14ae-46d9-aff9-20ea88530b35</processId>
            <name>Extract XML Validation Results</name>
            <tWComponentName>SubProcess</tWComponentName>
            <tWComponentId>3012.1e29ab56-5cf2-468b-ac69-5d0747cd7b64</tWComponentId>
            <isLogEnabled>false</isLogEnabled>
            <isTraceEnabled>false</isTraceEnabled>
            <traceCategory isNull="true" />
            <traceLevel isNull="true" />
            <traceMessage isNull="true" />
            <traceSymbolTable isNull="true" />
            <isExecutionContextTraced>false</isExecutionContextTraced>
            <saveExecutionContext>false</saveExecutionContext>
            <documentation isNull="true" />
            <isErrorHandlerEnabled>false</isErrorHandlerEnabled>
            <errorHandlerItemId isNull="true" />
            <guid>guid:12be50909032b80c:18f81ea7:11f41c537ad:-5cf8</guid>
            <versionId>c3d3e045-990a-481a-9ddf-4fa3a624e8cd</versionId>
            <layoutData x="272" y="85">
                <errorLink>
                    <controlPoints />
                    <showEndState>false</showEndState>
                    <showName>false</showName>
                </errorLink>
            </layoutData>
            <TWComponent>
                <lastModified isNull="true" />
                <lastModifiedBy isNull="true" />
                <subProcessId>3012.1e29ab56-5cf2-468b-ac69-5d0747cd7b64</subProcessId>
                <attachedProcessRef>/1.10bc573c-8696-4342-b22b-73f01ecacaf6</attachedProcessRef>
                <guid>guid:12be50909032b80c:18f81ea7:11f41c537ad:-5cf7</guid>
                <versionId>621169b8-3133-42da-8c23-9e8397ec7aed</versionId>
                <parameterMapping name="results">
                    <lastModified isNull="true" />
                    <lastModifiedBy isNull="true" />
                    <parameterMappingId>2054.21a7dfad-b4b2-4766-ab23-4bf2108bc6ae</parameterMappingId>
                    <processParameterId>2055.70bf4cef-a511-41ae-b6ad-2142118c11c8</processParameterId>
                    <parameterMappingParentId>3012.1e29ab56-5cf2-468b-ac69-5d0747cd7b64</parameterMappingParentId>
                    <useDefault>false</useDefault>
                    <value>tw.local.results</value>
                    <classRef>/12.90c5b1d3-3fa1-4b3b-ab27-220b0652dc55</classRef>
                    <isList>false</isList>
                    <isInput>true</isInput>
                    <guid>guid:12be50909032b80c:18f81ea7:11f41c537ad:-5ce5</guid>
                    <versionId>3d4b066a-4a7b-4dd9-b518-2474d17572ad</versionId>
                    <description isNull="true" />
                </parameterMapping>
                <parameterMapping name="errorMessage">
                    <lastModified isNull="true" />
                    <lastModifiedBy isNull="true" />
                    <parameterMappingId>2054.a1eb9fa6-7518-4c40-8ce3-d85d64c296a5</parameterMappingId>
                    <processParameterId>2055.5bf2c6e3-3908-4ae5-a55c-cb682e990c47</processParameterId>
                    <parameterMappingParentId>3012.1e29ab56-5cf2-468b-ac69-5d0747cd7b64</parameterMappingParentId>
                    <useDefault>false</useDefault>
                    <value>tw.local.errorMessage</value>
                    <classRef>/12.db884a3c-c533-44b7-bb2d-47bec8ad4022</classRef>
                    <isList>false</isList>
                    <isInput>false</isInput>
                    <guid>guid:12be50909032b80c:18f81ea7:11f41c537ad:-5ce3</guid>
                    <versionId>c366410e-a7ca-411a-80c2-dbf3a93ccb77</versionId>
                    <description isNull="true" />
                </parameterMapping>
                <parameterMapping name="isValid">
                    <lastModified isNull="true" />
                    <lastModifiedBy isNull="true" />
                    <parameterMappingId>2054.97311e4d-46a4-4e15-bcb2-9e50326de5e7</parameterMappingId>
                    <processParameterId>2055.a4f8e847-12e0-468f-a18d-0a80cabc7f8a</processParameterId>
                    <parameterMappingParentId>3012.1e29ab56-5cf2-468b-ac69-5d0747cd7b64</parameterMappingParentId>
                    <useDefault>false</useDefault>
                    <value>tw.local.isValid</value>
                    <classRef>/12.83ff975e-8dbc-42e5-b738-fa8bc08274a2</classRef>
                    <isList>false</isList>
                    <isInput>false</isInput>
                    <guid>guid:12be50909032b80c:18f81ea7:11f41c537ad:-5ce4</guid>
                    <versionId>ea674359-43fe-4bcb-8f4d-f7e10af4d68c</versionId>
                    <description isNull="true" />
                </parameterMapping>
            </TWComponent>
        </item>
        <startingProcessItemId>2025.7bab4366-ea39-4e3a-b28c-d63fb33bfbcf</startingProcessItemId>
        <errorHandlerItemId isNull="true" />
        <layoutData noConversion="true">
            <errorLink>
                <controlPoints />
                <showEndState>false</showEndState>
                <showName>false</showName>
            </errorLink>
        </layoutData>
        <startPoint>
            <layoutData x="20" y="100">
                <errorLink>
                    <controlPoints />
                    <showEndState>false</showEndState>
                    <showName>false</showName>
                </errorLink>
            </layoutData>
        </startPoint>
        <startLink>
            <fromPort locationId="rightCenter" portType="1" />
            <toPort locationId="leftCenter" portType="2" />
            <layoutData>
                <controlPoints />
                <showEndState>false</showEndState>
                <showName>false</showName>
            </layoutData>
        </startLink>
        <link name="Untitled">
            <lastModified isNull="true" />
            <lastModifiedBy isNull="true" />
            <processLinkId>2027.21a14300-2e50-48ec-a280-fc389a02af79</processLinkId>
            <processId>1.06489120-14ae-46d9-aff9-20ea88530b35</processId>
            <description isNull="true" />
            <fromProcessItemId>2025.7650c879-8156-44ca-8aca-a60ae16ccfc6</fromProcessItemId>
            <endStateId>guid:12be50909032b80c:18f81ea7:11f41c537ad:-5d62</endStateId>
            <toProcessItemId>2025.7020ccc9-ef4c-4dfe-bf67-fa168bd3e6c2</toProcessItemId>
            <guid>guid:12be50909032b80c:18f81ea7:11f41c537ad:-5cef</guid>
            <versionId>8a02a3d2-5ac9-4235-9113-9f3302d120d9</versionId>
            <layoutData>
                <controlPoints />
                <showEndState>false</showEndState>
                <showName>false</showName>
            </layoutData>
            <fromItemPort locationId="rightCenter" portType="1" />
            <toItemPort locationId="leftCenter" portType="2" />
            <fromProcessItemId>2025.7650c879-8156-44ca-8aca-a60ae16ccfc6</fromProcessItemId>
            <toProcessItemId>2025.7020ccc9-ef4c-4dfe-bf67-fa168bd3e6c2</toProcessItemId>
        </link>
        <link name="Untitled">
            <lastModified isNull="true" />
            <lastModifiedBy isNull="true" />
            <processLinkId>2027.f48d1b5b-fa2a-451e-80ba-1d8ed2e3f6b4</processLinkId>
            <processId>1.06489120-14ae-46d9-aff9-20ea88530b35</processId>
            <description isNull="true" />
            <fromProcessItemId>2025.7bab4366-ea39-4e3a-b28c-d63fb33bfbcf</fromProcessItemId>
            <endStateId>Out</endStateId>
            <toProcessItemId>2025.7650c879-8156-44ca-8aca-a60ae16ccfc6</toProcessItemId>
            <guid>guid:12be50909032b80c:18f81ea7:11f41c537ad:-5cf3</guid>
            <versionId>e6995346-1bc4-4413-8d63-8f826a669d48</versionId>
            <layoutData>
                <controlPoints />
                <showEndState>false</showEndState>
                <showName>false</showName>
            </layoutData>
            <fromItemPort locationId="rightCenter" portType="1" />
            <toItemPort locationId="leftCenter" portType="2" />
            <fromProcessItemId>2025.7bab4366-ea39-4e3a-b28c-d63fb33bfbcf</fromProcessItemId>
            <toProcessItemId>2025.7650c879-8156-44ca-8aca-a60ae16ccfc6</toProcessItemId>
        </link>
    </process>
</teamworks>

