<?xml version="1.0" encoding="UTF-8"?>
<teamworks>
    <process id="1.08fb5950-1ab1-4a11-82d4-07a1913561a1" name="Email Get System Default Properties">
        <lastModified>1361372673512</lastModified>
        <lastModifiedBy>Internal TW Admin user</lastModifiedBy>
        <processId>1.08fb5950-1ab1-4a11-82d4-07a1913561a1</processId>
        <image isNull="true" />
        <tabGroup isNull="true" />
        <startingProcessItemId>2025.539cdd7d-87b0-4b79-90a1-ea78b85deada</startingProcessItemId>
        <isRootProcess>false</isRootProcess>
        <processType>4</processType>
        <isErrorHandlerEnabled>false</isErrorHandlerEnabled>
        <errorHandlerItemId isNull="true" />
        <isLoggingVariables>false</isLoggingVariables>
        <isTransactional>false</isTransactional>
        <processTimingLevel isNull="true" />
        <participantRef isNull="true" />
        <exposedType isNull="true" />
        <isTrackingEnabled>true</isTrackingEnabled>
        <xmlData isNull="true" />
        <cachingType>false</cachingType>
        <itemLabel isNull="true" />
        <cacheLength>43200</cacheLength>
        <mobileReady>false</mobileReady>
        <sboSyncEnabled>true</sboSyncEnabled>
        <externalId isNull="true" />
        <isSecured>false</isSecured>
        <description isNull="true" />
        <guid>guid:6d7d6833d25d646c:143c423:11226a15f86:-7de0</guid>
        <versionId>2d4cede5-a751-4857-bc28-8e29319d77cb</versionId>
        <dependencySummary isNull="true" />
        <processParameter name="smtpHost">
            <lastModified isNull="true" />
            <lastModifiedBy isNull="true" />
            <processParameterId>2055.5823fb4e-75c4-4356-8da1-44a7da322d3d</processParameterId>
            <processId>1.08fb5950-1ab1-4a11-82d4-07a1913561a1</processId>
            <parameterType>2</parameterType>
            <isArrayOf>false</isArrayOf>
            <classId>/12.db884a3c-c533-44b7-bb2d-47bec8ad4022</classId>
            <seq>1</seq>
            <hasDefault>false</hasDefault>
            <defaultValue isNull="true" />
            <isLocked>false</isLocked>
            <description isNull="true" />
            <guid>guid:197d4ddc90fc5427:-1c619ffe:11def1582ed:-7b05</guid>
            <versionId>acde23c8-3f63-4aa8-a652-275f4771a8d9</versionId>
        </processParameter>
        <processParameter name="defaultFromAddress">
            <lastModified isNull="true" />
            <lastModifiedBy isNull="true" />
            <processParameterId>2055.d6c03d04-afba-4574-bec6-285f02dde6fa</processParameterId>
            <processId>1.08fb5950-1ab1-4a11-82d4-07a1913561a1</processId>
            <parameterType>2</parameterType>
            <isArrayOf>false</isArrayOf>
            <classId>/12.db884a3c-c533-44b7-bb2d-47bec8ad4022</classId>
            <seq>2</seq>
            <hasDefault>false</hasDefault>
            <defaultValue isNull="true" />
            <isLocked>false</isLocked>
            <description isNull="true" />
            <guid>guid:197d4ddc90fc5427:-1c619ffe:11def1582ed:-7b03</guid>
            <versionId>70a77cf7-c4d5-4a25-ad65-d3ecd8128280</versionId>
        </processParameter>
        <item>
            <lastModified isNull="true" />
            <lastModifiedBy isNull="true" />
            <processItemId>2025.539cdd7d-87b0-4b79-90a1-ea78b85deada</processItemId>
            <processId>1.08fb5950-1ab1-4a11-82d4-07a1913561a1</processId>
            <name>Get Default Email Properties from TW Env Config</name>
            <tWComponentName>Script</tWComponentName>
            <tWComponentId>3011.b3c03e36-7734-40ff-ae7f-fbf8b973b1cc</tWComponentId>
            <isLogEnabled>false</isLogEnabled>
            <isTraceEnabled>false</isTraceEnabled>
            <traceCategory isNull="true" />
            <traceLevel isNull="true" />
            <traceMessage isNull="true" />
            <traceSymbolTable isNull="true" />
            <isExecutionContextTraced>false</isExecutionContextTraced>
            <saveExecutionContext>false</saveExecutionContext>
            <documentation isNull="true" />
            <isErrorHandlerEnabled>false</isErrorHandlerEnabled>
            <errorHandlerItemId isNull="true" />
            <guid>guid:6d7d6833d25d646c:143c423:11226a15f86:-7dd4</guid>
            <versionId>0f605104-ee3c-470d-826d-0b4e9e3ff960</versionId>
            <layoutData x="182" y="87">
                <errorLink>
                    <controlPoints />
                    <showEndState>false</showEndState>
                    <showName>false</showName>
                </errorLink>
            </layoutData>
            <TWComponent>
                <lastModified isNull="true" />
                <lastModifiedBy isNull="true" />
                <scriptId>3011.b3c03e36-7734-40ff-ae7f-fbf8b973b1cc</scriptId>
                <scriptTypeId>2</scriptTypeId>
                <isActive>true</isActive>
                <script>var twConfig = Packages.com.lombardisoftware.core.config.TWConfiguration.getInstance(); 
var envConfig = twConfig.getServer().getEmail();
tw.local.smtpHost = envConfig.getSmtpServer();
tw.local.defaultFromAddress = envConfig.getDefaultFromAddress();</script>
                <isRule>false</isRule>
                <guid>guid:197d4ddc90fc5427:-1c619ffe:11def1582ed:-7afb</guid>
                <versionId>c1a8fcf6-6246-42fc-8ea5-ae9173399dea</versionId>
            </TWComponent>
        </item>
        <item>
            <lastModified isNull="true" />
            <lastModifiedBy isNull="true" />
            <processItemId>2025.b04151d9-221e-4ad2-b6c2-410f4d87d26c</processItemId>
            <processId>1.08fb5950-1ab1-4a11-82d4-07a1913561a1</processId>
            <name>End</name>
            <tWComponentName>ExitPoint</tWComponentName>
            <tWComponentId>3008.a0b6cc95-7356-4c4a-b2f1-809a04f4e335</tWComponentId>
            <isLogEnabled>false</isLogEnabled>
            <isTraceEnabled>false</isTraceEnabled>
            <traceCategory isNull="true" />
            <traceLevel isNull="true" />
            <traceMessage isNull="true" />
            <traceSymbolTable isNull="true" />
            <isExecutionContextTraced>false</isExecutionContextTraced>
            <saveExecutionContext>true</saveExecutionContext>
            <documentation isNull="true" />
            <isErrorHandlerEnabled>false</isErrorHandlerEnabled>
            <errorHandlerItemId isNull="true" />
            <guid>guid:6d7d6833d25d646c:143c423:11226a15f86:-7ddf</guid>
            <versionId>485006a8-ef6e-472b-92cc-1b721e467ed9</versionId>
            <layoutData x="388" y="102">
                <errorLink>
                    <controlPoints />
                    <showEndState>false</showEndState>
                    <showName>false</showName>
                </errorLink>
            </layoutData>
            <TWComponent>
                <lastModified isNull="true" />
                <lastModifiedBy isNull="true" />
                <exitPointId>3008.a0b6cc95-7356-4c4a-b2f1-809a04f4e335</exitPointId>
                <haltProcess>false</haltProcess>
                <guid>guid:197d4ddc90fc5427:-1c619ffe:11def1582ed:-7aff</guid>
                <versionId>3a873f7f-406e-409e-a99f-6a525f09fb97</versionId>
            </TWComponent>
        </item>
        <startingProcessItemId>2025.539cdd7d-87b0-4b79-90a1-ea78b85deada</startingProcessItemId>
        <errorHandlerItemId isNull="true" />
        <layoutData noConversion="true">
            <errorLink>
                <controlPoints />
                <showEndState>false</showEndState>
                <showName>false</showName>
            </errorLink>
        </layoutData>
        <startPoint>
            <layoutData x="20" y="102">
                <errorLink>
                    <controlPoints />
                    <showEndState>false</showEndState>
                    <showName>false</showName>
                </errorLink>
            </layoutData>
        </startPoint>
        <startLink>
            <fromPort locationId="rightCenter" portType="1" />
            <toPort locationId="leftCenter" portType="2" />
            <layoutData>
                <controlPoints />
                <showEndState>false</showEndState>
                <showName>false</showName>
            </layoutData>
        </startLink>
        <link name="Untitled">
            <lastModified isNull="true" />
            <lastModifiedBy isNull="true" />
            <processLinkId>2027.34f29d5b-a4db-4dbd-bc4b-acc12b27a2e9</processLinkId>
            <processId>1.08fb5950-1ab1-4a11-82d4-07a1913561a1</processId>
            <description isNull="true" />
            <fromProcessItemId>2025.539cdd7d-87b0-4b79-90a1-ea78b85deada</fromProcessItemId>
            <endStateId>Out</endStateId>
            <toProcessItemId>2025.b04151d9-221e-4ad2-b6c2-410f4d87d26c</toProcessItemId>
            <guid>guid:197d4ddc90fc5427:-1c619ffe:11def1582ed:-7af9</guid>
            <versionId>53490a15-2dab-4ad3-8fad-a6c0c2e20c3b</versionId>
            <layoutData>
                <controlPoints />
                <showEndState>false</showEndState>
                <showName>false</showName>
            </layoutData>
            <fromItemPort locationId="rightCenter" portType="1" />
            <toItemPort locationId="leftCenter" portType="2" />
            <fromProcessItemId>2025.539cdd7d-87b0-4b79-90a1-ea78b85deada</fromProcessItemId>
            <toProcessItemId>2025.b04151d9-221e-4ad2-b6c2-410f4d87d26c</toProcessItemId>
        </link>
        <link name="Untitled">
            <lastModified isNull="true" />
            <lastModifiedBy isNull="true" />
            <processLinkId>2027.e425d6fb-bef2-45a3-bd28-6bef37f540d5</processLinkId>
            <processId>1.08fb5950-1ab1-4a11-82d4-07a1913561a1</processId>
            <description isNull="true" />
            <fromProcessItemId>2025.539cdd7d-87b0-4b79-90a1-ea78b85deada</fromProcessItemId>
            <endStateId>Out</endStateId>
            <toProcessItemId>2025.b04151d9-221e-4ad2-b6c2-410f4d87d26c</toProcessItemId>
            <guid>guid:197d4ddc90fc5427:-1c619ffe:11def1582ed:-7af9</guid>
            <versionId>817ebd7f-4645-4eca-9e64-55116cc5ff29</versionId>
            <layoutData>
                <controlPoints />
                <showEndState>false</showEndState>
                <showName>false</showName>
            </layoutData>
            <fromItemPort locationId="rightCenter" portType="1" />
            <toItemPort locationId="leftCenter" portType="2" />
            <fromProcessItemId>2025.539cdd7d-87b0-4b79-90a1-ea78b85deada</fromProcessItemId>
            <toProcessItemId>2025.b04151d9-221e-4ad2-b6c2-410f4d87d26c</toProcessItemId>
        </link>
    </process>
</teamworks>

