<?xml version="1.0" encoding="UTF-8"?>
<teamworks>
    <process id="1.10bc573c-8696-4342-b22b-73f01ecacaf6" name="Extract XML Validation Results">
        <lastModified>1361372673512</lastModified>
        <lastModifiedBy>Internal TW Admin user</lastModifiedBy>
        <processId>1.10bc573c-8696-4342-b22b-73f01ecacaf6</processId>
        <image isNull="true" />
        <tabGroup isNull="true" />
        <startingProcessItemId>2025.39a10674-aef2-4808-ae33-5f4dfda553d3</startingProcessItemId>
        <isRootProcess>false</isRootProcess>
        <processType>6</processType>
        <isErrorHandlerEnabled>false</isErrorHandlerEnabled>
        <errorHandlerItemId isNull="true" />
        <isLoggingVariables>false</isLoggingVariables>
        <isTransactional>false</isTransactional>
        <processTimingLevel isNull="true" />
        <participantRef isNull="true" />
        <exposedType isNull="true" />
        <isTrackingEnabled>true</isTrackingEnabled>
        <xmlData isNull="true" />
        <cachingType>false</cachingType>
        <itemLabel isNull="true" />
        <cacheLength>43200</cacheLength>
        <mobileReady>false</mobileReady>
        <sboSyncEnabled>true</sboSyncEnabled>
        <externalId isNull="true" />
        <isSecured>false</isSecured>
        <description>Extracts the results of the XML Validation from the map.</description>
        <guid>guid:12be50909032b80c:18f81ea7:11f41c537ad:-5d64</guid>
        <versionId>fe41182e-79f2-4192-9cdc-1a6797cb98c0</versionId>
        <dependencySummary isNull="true" />
        <processParameter name="results">
            <lastModified isNull="true" />
            <lastModifiedBy isNull="true" />
            <processParameterId>2055.70bf4cef-a511-41ae-b6ad-2142118c11c8</processParameterId>
            <processId>1.10bc573c-8696-4342-b22b-73f01ecacaf6</processId>
            <parameterType>1</parameterType>
            <isArrayOf>false</isArrayOf>
            <classId>/12.90c5b1d3-3fa1-4b3b-ab27-220b0652dc55</classId>
            <seq>1</seq>
            <hasDefault>false</hasDefault>
            <defaultValue isNull="true" />
            <isLocked>false</isLocked>
            <description isNull="true" />
            <guid>guid:12be50909032b80c:18f81ea7:11f41c537ad:-5d36</guid>
            <versionId>8642f778-5f46-4854-bdf5-4adecf1db83c</versionId>
        </processParameter>
        <processParameter name="isValid">
            <lastModified isNull="true" />
            <lastModifiedBy isNull="true" />
            <processParameterId>2055.a4f8e847-12e0-468f-a18d-0a80cabc7f8a</processParameterId>
            <processId>1.10bc573c-8696-4342-b22b-73f01ecacaf6</processId>
            <parameterType>2</parameterType>
            <isArrayOf>false</isArrayOf>
            <classId>/12.83ff975e-8dbc-42e5-b738-fa8bc08274a2</classId>
            <seq>2</seq>
            <hasDefault>false</hasDefault>
            <defaultValue isNull="true" />
            <isLocked>false</isLocked>
            <description isNull="true" />
            <guid>guid:12be50909032b80c:18f81ea7:11f41c537ad:-5d29</guid>
            <versionId>f49870af-c61d-4f75-b7f2-6e87b6522d3a</versionId>
        </processParameter>
        <processParameter name="errorMessage">
            <lastModified isNull="true" />
            <lastModifiedBy isNull="true" />
            <processParameterId>2055.5bf2c6e3-3908-4ae5-a55c-cb682e990c47</processParameterId>
            <processId>1.10bc573c-8696-4342-b22b-73f01ecacaf6</processId>
            <parameterType>2</parameterType>
            <isArrayOf>false</isArrayOf>
            <classId>/12.db884a3c-c533-44b7-bb2d-47bec8ad4022</classId>
            <seq>3</seq>
            <hasDefault>false</hasDefault>
            <defaultValue isNull="true" />
            <isLocked>false</isLocked>
            <description isNull="true" />
            <guid>guid:12be50909032b80c:18f81ea7:11f41c537ad:-5d28</guid>
            <versionId>66404ea4-baf4-40f5-a37e-be0ca26c4e48</versionId>
        </processParameter>
        <item>
            <lastModified isNull="true" />
            <lastModifiedBy isNull="true" />
            <processItemId>2025.39a10674-aef2-4808-ae33-5f4dfda553d3</processItemId>
            <processId>1.10bc573c-8696-4342-b22b-73f01ecacaf6</processId>
            <name>Extract results</name>
            <tWComponentName>Script</tWComponentName>
            <tWComponentId>3011.1ab2a2c7-824f-480c-95fb-d0fe2aaaf312</tWComponentId>
            <isLogEnabled>false</isLogEnabled>
            <isTraceEnabled>false</isTraceEnabled>
            <traceCategory isNull="true" />
            <traceLevel isNull="true" />
            <traceMessage isNull="true" />
            <traceSymbolTable isNull="true" />
            <isExecutionContextTraced>false</isExecutionContextTraced>
            <saveExecutionContext>false</saveExecutionContext>
            <documentation isNull="true" />
            <isErrorHandlerEnabled>false</isErrorHandlerEnabled>
            <errorHandlerItemId isNull="true" />
            <guid>guid:12be50909032b80c:18f81ea7:11f41c537ad:-5d3a</guid>
            <versionId>726dff73-f263-469b-b6a7-f7c0af1afdda</versionId>
            <layoutData x="119" y="85">
                <errorLink>
                    <controlPoints />
                    <showEndState>false</showEndState>
                    <showName>false</showName>
                </errorLink>
            </layoutData>
            <TWComponent>
                <lastModified isNull="true" />
                <lastModifiedBy isNull="true" />
                <scriptId>3011.1ab2a2c7-824f-480c-95fb-d0fe2aaaf312</scriptId>
                <scriptTypeId>2</scriptTypeId>
                <isActive>true</isActive>
                <script>if(tw.local.results != null) {
  tw.local.isValid = tw.local.results.get("isValid");
  if(!tw.local.isValid) {
    tw.local.errorMessage = tw.local.results.get("error");
  }
}
</script>
                <isRule>false</isRule>
                <guid>guid:12be50909032b80c:18f81ea7:11f41c537ad:-5d3b</guid>
                <versionId>a0ae4b9e-4fed-402f-8664-f780acc47791</versionId>
            </TWComponent>
        </item>
        <item>
            <lastModified isNull="true" />
            <lastModifiedBy isNull="true" />
            <processItemId>2025.2c71b03e-8336-4dd5-8708-ca85196a77a3</processItemId>
            <processId>1.10bc573c-8696-4342-b22b-73f01ecacaf6</processId>
            <name>End</name>
            <tWComponentName>ExitPoint</tWComponentName>
            <tWComponentId>3008.eca56136-418b-42af-96c4-f829830fb870</tWComponentId>
            <isLogEnabled>false</isLogEnabled>
            <isTraceEnabled>false</isTraceEnabled>
            <traceCategory isNull="true" />
            <traceLevel isNull="true" />
            <traceMessage isNull="true" />
            <traceSymbolTable isNull="true" />
            <isExecutionContextTraced>false</isExecutionContextTraced>
            <saveExecutionContext>true</saveExecutionContext>
            <documentation isNull="true" />
            <isErrorHandlerEnabled>false</isErrorHandlerEnabled>
            <errorHandlerItemId isNull="true" />
            <guid>guid:12be50909032b80c:18f81ea7:11f41c537ad:-5d62</guid>
            <versionId>bce5d4e8-0d6a-48ce-aab8-b51e8bb29667</versionId>
            <layoutData x="264" y="100">
                <errorLink>
                    <controlPoints />
                    <showEndState>false</showEndState>
                    <showName>false</showName>
                </errorLink>
            </layoutData>
            <TWComponent>
                <lastModified isNull="true" />
                <lastModifiedBy isNull="true" />
                <exitPointId>3008.eca56136-418b-42af-96c4-f829830fb870</exitPointId>
                <haltProcess>false</haltProcess>
                <guid>guid:12be50909032b80c:18f81ea7:11f41c537ad:-5d61</guid>
                <versionId>0b8402cb-d13c-43fe-9501-6902e8ad6efa</versionId>
            </TWComponent>
        </item>
        <startingProcessItemId>2025.39a10674-aef2-4808-ae33-5f4dfda553d3</startingProcessItemId>
        <errorHandlerItemId isNull="true" />
        <layoutData noConversion="true">
            <errorLink>
                <controlPoints />
                <showEndState>false</showEndState>
                <showName>false</showName>
            </errorLink>
        </layoutData>
        <startPoint>
            <layoutData x="20" y="100">
                <errorLink>
                    <controlPoints />
                    <showEndState>false</showEndState>
                    <showName>false</showName>
                </errorLink>
            </layoutData>
        </startPoint>
        <startLink>
            <fromPort locationId="rightCenter" portType="1" />
            <toPort locationId="leftCenter" portType="2" />
            <layoutData>
                <controlPoints />
                <showEndState>false</showEndState>
                <showName>false</showName>
            </layoutData>
        </startLink>
        <link name="Untitled">
            <lastModified isNull="true" />
            <lastModifiedBy isNull="true" />
            <processLinkId>2027.f32f080b-5f23-4e52-a761-53550a91ee2b</processLinkId>
            <processId>1.10bc573c-8696-4342-b22b-73f01ecacaf6</processId>
            <description isNull="true" />
            <fromProcessItemId>2025.39a10674-aef2-4808-ae33-5f4dfda553d3</fromProcessItemId>
            <endStateId>Out</endStateId>
            <toProcessItemId>2025.2c71b03e-8336-4dd5-8708-ca85196a77a3</toProcessItemId>
            <guid>guid:12be50909032b80c:18f81ea7:11f41c537ad:-5d1b</guid>
            <versionId>7d49c5e2-2c64-4b55-8296-e18dd206417b</versionId>
            <layoutData>
                <controlPoints />
                <showEndState>false</showEndState>
                <showName>false</showName>
            </layoutData>
            <fromItemPort locationId="rightCenter" portType="1" />
            <toItemPort locationId="leftCenter" portType="2" />
            <fromProcessItemId>2025.39a10674-aef2-4808-ae33-5f4dfda553d3</fromProcessItemId>
            <toProcessItemId>2025.2c71b03e-8336-4dd5-8708-ca85196a77a3</toProcessItemId>
        </link>
    </process>
</teamworks>

