<?xml version="1.0" encoding="UTF-8"?>
<teamworks>
    <process id="1.13cc4635-1e1b-4165-9afa-6f411d4b4f62" name="Email Send IBM BPM Email">
        <lastModified>1361372673512</lastModified>
        <lastModifiedBy>Internal TW Admin user</lastModifiedBy>
        <processId>1.13cc4635-1e1b-4165-9afa-6f411d4b4f62</processId>
        <image isNull="true" />
        <tabGroup isNull="true" />
        <startingProcessItemId>2025.c751f89f-2b49-43d1-9e9d-e432e369663a</startingProcessItemId>
        <isRootProcess>false</isRootProcess>
        <processType>4</processType>
        <isErrorHandlerEnabled>false</isErrorHandlerEnabled>
        <errorHandlerItemId isNull="true" />
        <isLoggingVariables>false</isLoggingVariables>
        <isTransactional>false</isTransactional>
        <processTimingLevel isNull="true" />
        <participantRef isNull="true" />
        <exposedType isNull="true" />
        <isTrackingEnabled>true</isTrackingEnabled>
        <xmlData isNull="true" />
        <cachingType>false</cachingType>
        <itemLabel isNull="true" />
        <cacheLength>43200</cacheLength>
        <mobileReady>false</mobileReady>
        <sboSyncEnabled>true</sboSyncEnabled>
        <externalId isNull="true" />
        <isSecured>false</isSecured>
        <description isNull="true" />
        <guid>guid:6d7d6833d25d646c:143c423:11226a15f86:-7d8c</guid>
        <versionId>9f47aebf-4381-4ed1-85e3-c9210841c641</versionId>
        <dependencySummary isNull="true" />
        <processParameter name="to">
            <lastModified isNull="true" />
            <lastModifiedBy isNull="true" />
            <processParameterId>2055.e4a8f4de-e03d-4a22-aac3-ced21eeb6f26</processParameterId>
            <processId>1.13cc4635-1e1b-4165-9afa-6f411d4b4f62</processId>
            <parameterType>1</parameterType>
            <isArrayOf>false</isArrayOf>
            <classId>/12.db884a3c-c533-44b7-bb2d-47bec8ad4022</classId>
            <seq>1</seq>
            <hasDefault>false</hasDefault>
            <defaultValue isNull="true" />
            <isLocked>false</isLocked>
            <description isNull="true" />
            <guid>guid:197d4ddc90fc5427:-1c619ffe:11def1582ed:-7ad5</guid>
            <versionId>5392e730-b5e2-4d42-a1cf-6f232b349e51</versionId>
        </processParameter>
        <processParameter name="from">
            <lastModified isNull="true" />
            <lastModifiedBy isNull="true" />
            <processParameterId>2055.51fca2c0-8a77-45f5-9e68-542b26e07ea3</processParameterId>
            <processId>1.13cc4635-1e1b-4165-9afa-6f411d4b4f62</processId>
            <parameterType>1</parameterType>
            <isArrayOf>false</isArrayOf>
            <classId>/12.db884a3c-c533-44b7-bb2d-47bec8ad4022</classId>
            <seq>2</seq>
            <hasDefault>false</hasDefault>
            <defaultValue isNull="true" />
            <isLocked>false</isLocked>
            <description isNull="true" />
            <guid>guid:197d4ddc90fc5427:-1c619ffe:11def1582ed:-7ad3</guid>
            <versionId>f949871e-2b68-4877-a90e-14bfaec7f827</versionId>
        </processParameter>
        <processParameter name="subject">
            <lastModified isNull="true" />
            <lastModifiedBy isNull="true" />
            <processParameterId>2055.bb90bf7b-d066-47c7-96fd-1b8984a5246d</processParameterId>
            <processId>1.13cc4635-1e1b-4165-9afa-6f411d4b4f62</processId>
            <parameterType>1</parameterType>
            <isArrayOf>false</isArrayOf>
            <classId>/12.db884a3c-c533-44b7-bb2d-47bec8ad4022</classId>
            <seq>3</seq>
            <hasDefault>false</hasDefault>
            <defaultValue isNull="true" />
            <isLocked>false</isLocked>
            <description isNull="true" />
            <guid>guid:197d4ddc90fc5427:-1c619ffe:11def1582ed:-7ad1</guid>
            <versionId>0a60fc56-ca03-416f-b69d-3766090c99a6</versionId>
        </processParameter>
        <processParameter name="messageText">
            <lastModified isNull="true" />
            <lastModifiedBy isNull="true" />
            <processParameterId>2055.e8912baa-d516-4758-be53-20c3d6c61326</processParameterId>
            <processId>1.13cc4635-1e1b-4165-9afa-6f411d4b4f62</processId>
            <parameterType>1</parameterType>
            <isArrayOf>false</isArrayOf>
            <classId>/12.db884a3c-c533-44b7-bb2d-47bec8ad4022</classId>
            <seq>4</seq>
            <hasDefault>false</hasDefault>
            <defaultValue isNull="true" />
            <isLocked>false</isLocked>
            <description isNull="true" />
            <guid>guid:197d4ddc90fc5427:-1c619ffe:11def1582ed:-7acf</guid>
            <versionId>4f67e769-5b57-4e05-9529-7deacc0db7b8</versionId>
        </processParameter>
        <processParameter name="contentType">
            <lastModified isNull="true" />
            <lastModifiedBy isNull="true" />
            <processParameterId>2055.3e811662-d427-4537-b2f6-fa9907d9677c</processParameterId>
            <processId>1.13cc4635-1e1b-4165-9afa-6f411d4b4f62</processId>
            <parameterType>1</parameterType>
            <isArrayOf>false</isArrayOf>
            <classId>/12.db884a3c-c533-44b7-bb2d-47bec8ad4022</classId>
            <seq>5</seq>
            <hasDefault>true</hasDefault>
            <defaultValue>"text/html"</defaultValue>
            <isLocked>false</isLocked>
            <description>text/plain text/html</description>
            <guid>guid:197d4ddc90fc5427:-1c619ffe:11def1582ed:-7acd</guid>
            <versionId>b94c4f32-cfb5-4b58-b719-ce68b425096d</versionId>
        </processParameter>
        <processParameter name="smtpHost">
            <lastModified isNull="true" />
            <lastModifiedBy isNull="true" />
            <processParameterId>2055.941ed838-3fbe-42f5-b8b4-57064fc0f743</processParameterId>
            <processId>1.13cc4635-1e1b-4165-9afa-6f411d4b4f62</processId>
            <parameterType>1</parameterType>
            <isArrayOf>false</isArrayOf>
            <classId>/12.db884a3c-c533-44b7-bb2d-47bec8ad4022</classId>
            <seq>6</seq>
            <hasDefault>true</hasDefault>
            <defaultValue>null</defaultValue>
            <isLocked>false</isLocked>
            <description isNull="true" />
            <guid>guid:197d4ddc90fc5427:-1c619ffe:11def1582ed:-7acb</guid>
            <versionId>2c1611ec-c3b2-4101-881f-897be41d4ae4</versionId>
        </processParameter>
        <processParameter name="cc">
            <lastModified isNull="true" />
            <lastModifiedBy isNull="true" />
            <processParameterId>2055.50e8c0fd-6bc1-4da9-9cb2-d084644dd6de</processParameterId>
            <processId>1.13cc4635-1e1b-4165-9afa-6f411d4b4f62</processId>
            <parameterType>1</parameterType>
            <isArrayOf>false</isArrayOf>
            <classId>/12.db884a3c-c533-44b7-bb2d-47bec8ad4022</classId>
            <seq>7</seq>
            <hasDefault>true</hasDefault>
            <defaultValue>null</defaultValue>
            <isLocked>false</isLocked>
            <description isNull="true" />
            <guid>guid:197d4ddc90fc5427:-1c619ffe:11def1582ed:-7ac9</guid>
            <versionId>e4e9a27d-b619-4dd5-95b2-3ebb42e908e4</versionId>
        </processParameter>
        <processParameter name="bcc">
            <lastModified isNull="true" />
            <lastModifiedBy isNull="true" />
            <processParameterId>2055.7190c535-7820-4319-9b19-3bd1bfb74112</processParameterId>
            <processId>1.13cc4635-1e1b-4165-9afa-6f411d4b4f62</processId>
            <parameterType>1</parameterType>
            <isArrayOf>false</isArrayOf>
            <classId>/12.db884a3c-c533-44b7-bb2d-47bec8ad4022</classId>
            <seq>8</seq>
            <hasDefault>true</hasDefault>
            <defaultValue>null</defaultValue>
            <isLocked>false</isLocked>
            <description isNull="true" />
            <guid>guid:197d4ddc90fc5427:-1c619ffe:11def1582ed:-7ac7</guid>
            <versionId>9cb5f080-ba39-44fd-80b6-9744b0e52383</versionId>
        </processParameter>
        <processParameter name="replyTo">
            <lastModified isNull="true" />
            <lastModifiedBy isNull="true" />
            <processParameterId>2055.406ae771-5c04-4a03-9860-7a5d51f80757</processParameterId>
            <processId>1.13cc4635-1e1b-4165-9afa-6f411d4b4f62</processId>
            <parameterType>1</parameterType>
            <isArrayOf>false</isArrayOf>
            <classId>/12.db884a3c-c533-44b7-bb2d-47bec8ad4022</classId>
            <seq>9</seq>
            <hasDefault>true</hasDefault>
            <defaultValue>null</defaultValue>
            <isLocked>false</isLocked>
            <description isNull="true" />
            <guid>guid:197d4ddc90fc5427:-1c619ffe:11def1582ed:-7ac5</guid>
            <versionId>3f3a7356-e50b-425d-90b0-7fc33ee59195</versionId>
        </processParameter>
        <processParameter name="importance">
            <lastModified isNull="true" />
            <lastModifiedBy isNull="true" />
            <processParameterId>2055.39892d28-b0cb-4907-a4cc-ceae9d67bd8f</processParameterId>
            <processId>1.13cc4635-1e1b-4165-9afa-6f411d4b4f62</processId>
            <parameterType>1</parameterType>
            <isArrayOf>false</isArrayOf>
            <classId>/12.db884a3c-c533-44b7-bb2d-47bec8ad4022</classId>
            <seq>10</seq>
            <hasDefault>true</hasDefault>
            <defaultValue>null</defaultValue>
            <isLocked>false</isLocked>
            <description isNull="true" />
            <guid>guid:197d4ddc90fc5427:-1c619ffe:11def1582ed:-7ac3</guid>
            <versionId>162af905-8c33-4b76-885e-0d3ec62eff45</versionId>
        </processParameter>
        <processParameter name="attachmentFileNames">
            <lastModified isNull="true" />
            <lastModifiedBy isNull="true" />
            <processParameterId>2055.5309394e-b0d6-44c1-83be-be3b5b9ba8b1</processParameterId>
            <processId>1.13cc4635-1e1b-4165-9afa-6f411d4b4f62</processId>
            <parameterType>1</parameterType>
            <isArrayOf>false</isArrayOf>
            <classId>/12.db884a3c-c533-44b7-bb2d-47bec8ad4022</classId>
            <seq>11</seq>
            <hasDefault>true</hasDefault>
            <defaultValue>null</defaultValue>
            <isLocked>false</isLocked>
            <description isNull="true" />
            <guid>guid:197d4ddc90fc5427:-1c619ffe:11def1582ed:-7ac1</guid>
            <versionId>7cf4917a-032f-4531-aefc-b4179eeeaaad</versionId>
        </processParameter>
        <processVariable name="m_smtpHost">
            <lastModified isNull="true" />
            <lastModifiedBy isNull="true" />
            <processVariableId>2056.2826c6bd-e14a-4cc3-8c02-7086d8fe6e24</processVariableId>
            <description isNull="true" />
            <processId>1.13cc4635-1e1b-4165-9afa-6f411d4b4f62</processId>
            <namespace>2</namespace>
            <seq>1</seq>
            <isArrayOf>false</isArrayOf>
            <classId>/12.db884a3c-c533-44b7-bb2d-47bec8ad4022</classId>
            <hasDefault>false</hasDefault>
            <defaultValue isNull="true" />
            <guid>guid:197d4ddc90fc5427:-1c619ffe:11def1582ed:-7abb</guid>
            <versionId>dba8feca-4956-476f-aa3f-81c8a487d626</versionId>
        </processVariable>
        <processVariable name="m_defaultFromAddress">
            <lastModified isNull="true" />
            <lastModifiedBy isNull="true" />
            <processVariableId>2056.be62054d-4397-4aa7-a99e-9f4670011f4a</processVariableId>
            <description isNull="true" />
            <processId>1.13cc4635-1e1b-4165-9afa-6f411d4b4f62</processId>
            <namespace>2</namespace>
            <seq>2</seq>
            <isArrayOf>false</isArrayOf>
            <classId>/12.db884a3c-c533-44b7-bb2d-47bec8ad4022</classId>
            <hasDefault>false</hasDefault>
            <defaultValue isNull="true" />
            <guid>guid:197d4ddc90fc5427:-1c619ffe:11def1582ed:-7ab9</guid>
            <versionId>a0a7ec4b-df3c-49fd-9b39-42605292ced6</versionId>
        </processVariable>
        <item>
            <lastModified isNull="true" />
            <lastModifiedBy isNull="true" />
            <processItemId>2025.23926d8a-e98b-409f-8c7a-44cf5bd86ca5</processItemId>
            <processId>1.13cc4635-1e1b-4165-9afa-6f411d4b4f62</processId>
            <name>lsw SMTP Send Email</name>
            <tWComponentName>SubProcess</tWComponentName>
            <tWComponentId>3012.9c2a9cc3-67ea-4a23-98e6-7339b2399ff3</tWComponentId>
            <isLogEnabled>false</isLogEnabled>
            <isTraceEnabled>false</isTraceEnabled>
            <traceCategory isNull="true" />
            <traceLevel isNull="true" />
            <traceMessage isNull="true" />
            <traceSymbolTable isNull="true" />
            <isExecutionContextTraced>false</isExecutionContextTraced>
            <saveExecutionContext>false</saveExecutionContext>
            <documentation isNull="true" />
            <isErrorHandlerEnabled>false</isErrorHandlerEnabled>
            <errorHandlerItemId isNull="true" />
            <guid>guid:6d7d6833d25d646c:143c423:11226a15f86:-7d84</guid>
            <versionId>142eb7ed-3347-41a7-bc26-2d1d2774ea73</versionId>
            <layoutData x="434" y="86">
                <errorLink>
                    <controlPoints />
                    <showEndState>false</showEndState>
                    <showName>false</showName>
                </errorLink>
            </layoutData>
            <TWComponent>
                <lastModified isNull="true" />
                <lastModifiedBy isNull="true" />
                <subProcessId>3012.9c2a9cc3-67ea-4a23-98e6-7339b2399ff3</subProcessId>
                <attachedProcessRef>/1.9139023c-2d6d-4809-becb-b10a64f45dce</attachedProcessRef>
                <guid>guid:197d4ddc90fc5427:-1c619ffe:11def1582ed:-7ab5</guid>
                <versionId>44a05495-c542-44e4-a896-4765b851fd94</versionId>
                <parameterMapping name="importance">
                    <lastModified isNull="true" />
                    <lastModifiedBy isNull="true" />
                    <parameterMappingId>2054.a2c39753-33dc-4d8c-a6f9-aa9382249d5e</parameterMappingId>
                    <processParameterId>2055.cfd54346-7a28-4a4e-88bd-e79e63c28c08</processParameterId>
                    <parameterMappingParentId>3012.9c2a9cc3-67ea-4a23-98e6-7339b2399ff3</parameterMappingParentId>
                    <useDefault>false</useDefault>
                    <value>tw.local.importance</value>
                    <classRef>/12.db884a3c-c533-44b7-bb2d-47bec8ad4022</classRef>
                    <isList>false</isList>
                    <isInput>true</isInput>
                    <guid>guid:197d4ddc90fc5427:-1c619ffe:11def1582ed:-7a95</guid>
                    <versionId>1c335502-6d2e-4fcf-b251-ff1608911e7d</versionId>
                    <description isNull="true" />
                </parameterMapping>
                <parameterMapping name="contentType">
                    <lastModified isNull="true" />
                    <lastModifiedBy isNull="true" />
                    <parameterMappingId>2054.d1c023a0-a4b2-454f-a382-e7b56e29b52d</parameterMappingId>
                    <processParameterId>2055.9ded0b56-4df9-430a-9241-0ab36e00741c</processParameterId>
                    <parameterMappingParentId>3012.9c2a9cc3-67ea-4a23-98e6-7339b2399ff3</parameterMappingParentId>
                    <useDefault>false</useDefault>
                    <value>tw.local.contentType</value>
                    <classRef>/12.db884a3c-c533-44b7-bb2d-47bec8ad4022</classRef>
                    <isList>false</isList>
                    <isInput>true</isInput>
                    <guid>guid:197d4ddc90fc5427:-1c619ffe:11def1582ed:-7a99</guid>
                    <versionId>3d819c81-a91a-41ca-8b4e-fad823cc38cd</versionId>
                    <description isNull="true" />
                </parameterMapping>
                <parameterMapping name="smtpHost">
                    <lastModified isNull="true" />
                    <lastModifiedBy isNull="true" />
                    <parameterMappingId>2054.1c8229ad-ac52-42c2-b717-51387bd7f320</parameterMappingId>
                    <processParameterId>2055.d36b25d4-f4e6-4938-bfbb-2b3fd4335d85</processParameterId>
                    <parameterMappingParentId>3012.9c2a9cc3-67ea-4a23-98e6-7339b2399ff3</parameterMappingParentId>
                    <useDefault>false</useDefault>
                    <value>tw.local.smtpHost</value>
                    <classRef>/12.db884a3c-c533-44b7-bb2d-47bec8ad4022</classRef>
                    <isList>false</isList>
                    <isInput>true</isInput>
                    <guid>guid:197d4ddc90fc5427:-1c619ffe:11def1582ed:-7a9e</guid>
                    <versionId>44c5b218-4bfa-45f3-b956-9d7ba1c8ef3b</versionId>
                    <description isNull="true" />
                </parameterMapping>
                <parameterMapping name="replyTo">
                    <lastModified isNull="true" />
                    <lastModifiedBy isNull="true" />
                    <parameterMappingId>2054.3f5dbfa6-d9eb-41d8-b3b4-4c0c8502b0c7</parameterMappingId>
                    <processParameterId>2055.0073bba2-48c9-42b5-a581-d8dfc3f37dc1</processParameterId>
                    <parameterMappingParentId>3012.9c2a9cc3-67ea-4a23-98e6-7339b2399ff3</parameterMappingParentId>
                    <useDefault>false</useDefault>
                    <value>tw.local.replyTo</value>
                    <classRef>/12.db884a3c-c533-44b7-bb2d-47bec8ad4022</classRef>
                    <isList>false</isList>
                    <isInput>true</isInput>
                    <guid>guid:197d4ddc90fc5427:-1c619ffe:11def1582ed:-7a98</guid>
                    <versionId>56648fa0-d397-41e0-98cd-bc32bf91ca8c</versionId>
                    <description isNull="true" />
                </parameterMapping>
                <parameterMapping name="subject">
                    <lastModified isNull="true" />
                    <lastModifiedBy isNull="true" />
                    <parameterMappingId>2054.7b41e26e-0f47-421c-b2fc-c080351eec44</parameterMappingId>
                    <processParameterId>2055.5fadfc5c-39cc-4dd1-96b4-b051273d4b32</processParameterId>
                    <parameterMappingParentId>3012.9c2a9cc3-67ea-4a23-98e6-7339b2399ff3</parameterMappingParentId>
                    <useDefault>false</useDefault>
                    <value>tw.local.subject</value>
                    <classRef>/12.db884a3c-c533-44b7-bb2d-47bec8ad4022</classRef>
                    <isList>false</isList>
                    <isInput>true</isInput>
                    <guid>guid:197d4ddc90fc5427:-1c619ffe:11def1582ed:-7a9b</guid>
                    <versionId>6fe3805f-05ee-491c-a315-de5c85e62be5</versionId>
                    <description isNull="true" />
                </parameterMapping>
                <parameterMapping name="messageText">
                    <lastModified isNull="true" />
                    <lastModifiedBy isNull="true" />
                    <parameterMappingId>2054.966c24b3-1a8b-428c-8452-4a8b4e707a7a</parameterMappingId>
                    <processParameterId>2055.b8da176e-8ecf-4b15-ab8f-23984776059e</processParameterId>
                    <parameterMappingParentId>3012.9c2a9cc3-67ea-4a23-98e6-7339b2399ff3</parameterMappingParentId>
                    <useDefault>false</useDefault>
                    <value>tw.local.messageText</value>
                    <classRef>/12.db884a3c-c533-44b7-bb2d-47bec8ad4022</classRef>
                    <isList>false</isList>
                    <isInput>true</isInput>
                    <guid>guid:197d4ddc90fc5427:-1c619ffe:11def1582ed:-7a9a</guid>
                    <versionId>9258f0c4-18cd-4cb2-82a0-0f6cee751036</versionId>
                    <description isNull="true" />
                </parameterMapping>
                <parameterMapping name="bcc">
                    <lastModified isNull="true" />
                    <lastModifiedBy isNull="true" />
                    <parameterMappingId>2054.aaa69ead-429c-41c2-811c-f3b2dbd05663</parameterMappingId>
                    <processParameterId>2055.c899c0dd-0733-4c1f-8fb1-3bfc234ba5e4</processParameterId>
                    <parameterMappingParentId>3012.9c2a9cc3-67ea-4a23-98e6-7339b2399ff3</parameterMappingParentId>
                    <useDefault>false</useDefault>
                    <value>tw.local.bcc</value>
                    <classRef>/12.db884a3c-c533-44b7-bb2d-47bec8ad4022</classRef>
                    <isList>false</isList>
                    <isInput>true</isInput>
                    <guid>guid:197d4ddc90fc5427:-1c619ffe:11def1582ed:-7a96</guid>
                    <versionId>a43946ba-39a6-47a6-9bfd-5d3cfb44132f</versionId>
                    <description isNull="true" />
                </parameterMapping>
                <parameterMapping name="from">
                    <lastModified isNull="true" />
                    <lastModifiedBy isNull="true" />
                    <parameterMappingId>2054.af4d97cd-9fd6-47bd-95c3-94ec1ac9a6c8</parameterMappingId>
                    <processParameterId>2055.3d2c8c31-083e-4668-832c-c59482ee1a19</processParameterId>
                    <parameterMappingParentId>3012.9c2a9cc3-67ea-4a23-98e6-7339b2399ff3</parameterMappingParentId>
                    <useDefault>false</useDefault>
                    <value>tw.local.from</value>
                    <classRef>/12.db884a3c-c533-44b7-bb2d-47bec8ad4022</classRef>
                    <isList>false</isList>
                    <isInput>true</isInput>
                    <guid>guid:197d4ddc90fc5427:-1c619ffe:11def1582ed:-7a9c</guid>
                    <versionId>c8bd0552-4a2d-47b2-aa39-6eb2047b7fcd</versionId>
                    <description isNull="true" />
                </parameterMapping>
                <parameterMapping name="cc">
                    <lastModified isNull="true" />
                    <lastModifiedBy isNull="true" />
                    <parameterMappingId>2054.c61f900a-8752-432c-aba9-485e0e8944d9</parameterMappingId>
                    <processParameterId>2055.2724b942-ea01-4acf-aabc-391eb18c2770</processParameterId>
                    <parameterMappingParentId>3012.9c2a9cc3-67ea-4a23-98e6-7339b2399ff3</parameterMappingParentId>
                    <useDefault>false</useDefault>
                    <value>tw.local.cc</value>
                    <classRef>/12.db884a3c-c533-44b7-bb2d-47bec8ad4022</classRef>
                    <isList>false</isList>
                    <isInput>true</isInput>
                    <guid>guid:197d4ddc90fc5427:-1c619ffe:11def1582ed:-7a97</guid>
                    <versionId>eaf15120-e311-408e-979c-8a8d35a69379</versionId>
                    <description isNull="true" />
                </parameterMapping>
                <parameterMapping name="to">
                    <lastModified isNull="true" />
                    <lastModifiedBy isNull="true" />
                    <parameterMappingId>2054.69c2b31f-7528-47de-a2b5-a47832806c97</parameterMappingId>
                    <processParameterId>2055.5daf4c0c-975e-4110-90bf-2a5968903b20</processParameterId>
                    <parameterMappingParentId>3012.9c2a9cc3-67ea-4a23-98e6-7339b2399ff3</parameterMappingParentId>
                    <useDefault>false</useDefault>
                    <value>tw.local.to</value>
                    <classRef>/12.db884a3c-c533-44b7-bb2d-47bec8ad4022</classRef>
                    <isList>false</isList>
                    <isInput>true</isInput>
                    <guid>guid:197d4ddc90fc5427:-1c619ffe:11def1582ed:-7a9d</guid>
                    <versionId>ef7b3697-5ed3-4ea5-b535-b82ea83f265a</versionId>
                    <description isNull="true" />
                </parameterMapping>
                <parameterMapping name="attachmentFileNames">
                    <lastModified isNull="true" />
                    <lastModifiedBy isNull="true" />
                    <parameterMappingId>2054.500d4be0-946b-4c80-996c-837e6df0c16d</parameterMappingId>
                    <processParameterId>2055.65d24aa0-b699-4d77-bb5a-49c91876a45f</processParameterId>
                    <parameterMappingParentId>3012.9c2a9cc3-67ea-4a23-98e6-7339b2399ff3</parameterMappingParentId>
                    <useDefault>false</useDefault>
                    <value>tw.local.attachmentFileNames</value>
                    <classRef>/12.db884a3c-c533-44b7-bb2d-47bec8ad4022</classRef>
                    <isList>false</isList>
                    <isInput>true</isInput>
                    <guid>guid:197d4ddc90fc5427:-1c619ffe:11def1582ed:-7a94</guid>
                    <versionId>f8f3c9d3-4ccd-4e63-9520-f6389a020753</versionId>
                    <description isNull="true" />
                </parameterMapping>
            </TWComponent>
        </item>
        <item>
            <lastModified isNull="true" />
            <lastModifiedBy isNull="true" />
            <processItemId>2025.45d1f51b-8567-4d26-a9cb-538f42727725</processItemId>
            <processId>1.13cc4635-1e1b-4165-9afa-6f411d4b4f62</processId>
            <name>End</name>
            <tWComponentName>ExitPoint</tWComponentName>
            <tWComponentId>3008.e0b9d8c5-3f26-4ec9-8608-9a0a75cdb285</tWComponentId>
            <isLogEnabled>false</isLogEnabled>
            <isTraceEnabled>false</isTraceEnabled>
            <traceCategory isNull="true" />
            <traceLevel isNull="true" />
            <traceMessage isNull="true" />
            <traceSymbolTable isNull="true" />
            <isExecutionContextTraced>false</isExecutionContextTraced>
            <saveExecutionContext>true</saveExecutionContext>
            <documentation isNull="true" />
            <isErrorHandlerEnabled>false</isErrorHandlerEnabled>
            <errorHandlerItemId isNull="true" />
            <guid>guid:6d7d6833d25d646c:143c423:11226a15f86:-7d8b</guid>
            <versionId>8974461c-4ea0-4a3b-b86d-cb516f5075c8</versionId>
            <layoutData x="609" y="100">
                <errorLink>
                    <controlPoints />
                    <showEndState>false</showEndState>
                    <showName>false</showName>
                </errorLink>
            </layoutData>
            <TWComponent>
                <lastModified isNull="true" />
                <lastModifiedBy isNull="true" />
                <exitPointId>3008.e0b9d8c5-3f26-4ec9-8608-9a0a75cdb285</exitPointId>
                <haltProcess>false</haltProcess>
                <guid>guid:197d4ddc90fc5427:-1c619ffe:11def1582ed:-7abd</guid>
                <versionId>4b3414c9-8abd-420b-b4ae-3bdaa1ebec59</versionId>
            </TWComponent>
        </item>
        <item>
            <lastModified isNull="true" />
            <lastModifiedBy isNull="true" />
            <processItemId>2025.b88a9690-da6e-4825-9ec1-e9461cc1ff72</processItemId>
            <processId>1.13cc4635-1e1b-4165-9afa-6f411d4b4f62</processId>
            <name>Use Defaults If Necessary</name>
            <tWComponentName>Script</tWComponentName>
            <tWComponentId>3011.465794fa-e83a-4704-8d5f-7a97402fce39</tWComponentId>
            <isLogEnabled>false</isLogEnabled>
            <isTraceEnabled>false</isTraceEnabled>
            <traceCategory isNull="true" />
            <traceLevel isNull="true" />
            <traceMessage isNull="true" />
            <traceSymbolTable isNull="true" />
            <isExecutionContextTraced>false</isExecutionContextTraced>
            <saveExecutionContext>false</saveExecutionContext>
            <documentation isNull="true" />
            <isErrorHandlerEnabled>false</isErrorHandlerEnabled>
            <errorHandlerItemId isNull="true" />
            <guid>guid:6d7d6833d25d646c:101acff:11228b8f1e8:-7ed4</guid>
            <versionId>b13c9ae2-f90b-485a-8800-448e40d5af6b</versionId>
            <layoutData x="285" y="86">
                <errorLink>
                    <controlPoints />
                    <showEndState>false</showEndState>
                    <showName>false</showName>
                </errorLink>
            </layoutData>
            <TWComponent>
                <lastModified isNull="true" />
                <lastModifiedBy isNull="true" />
                <scriptId>3011.465794fa-e83a-4704-8d5f-7a97402fce39</scriptId>
                <scriptTypeId>2</scriptTypeId>
                <isActive>true</isActive>
                <script>function isNullOrEmpty(val) {
  return (val == null || val == "");
}
if (isNullOrEmpty(tw.local.smtpHost)) { tw.local.smtpHost = tw.local.m_smtpHost; }
if (isNullOrEmpty(tw.local.from)) { tw.local.from = tw.local.m_defaultFromAddress; }
if (isNullOrEmpty(tw.local.to)) { tw.local.to = tw.local.m_defaultFromAddress; }</script>
                <isRule>false</isRule>
                <guid>guid:197d4ddc90fc5427:-1c619ffe:11def1582ed:-7a86</guid>
                <versionId>2c7d3a3f-c8c3-4a7a-a5ee-1b18793b3609</versionId>
            </TWComponent>
        </item>
        <item>
            <lastModified isNull="true" />
            <lastModifiedBy isNull="true" />
            <processItemId>2025.c751f89f-2b49-43d1-9e9d-e432e369663a</processItemId>
            <processId>1.13cc4635-1e1b-4165-9afa-6f411d4b4f62</processId>
            <name>Get Email Env Defaults</name>
            <tWComponentName>SubProcess</tWComponentName>
            <tWComponentId>3012.ad892b05-0839-4501-918a-16fac6accd61</tWComponentId>
            <isLogEnabled>false</isLogEnabled>
            <isTraceEnabled>false</isTraceEnabled>
            <traceCategory isNull="true" />
            <traceLevel isNull="true" />
            <traceMessage isNull="true" />
            <traceSymbolTable isNull="true" />
            <isExecutionContextTraced>false</isExecutionContextTraced>
            <saveExecutionContext>false</saveExecutionContext>
            <documentation isNull="true" />
            <isErrorHandlerEnabled>false</isErrorHandlerEnabled>
            <errorHandlerItemId isNull="true" />
            <guid>guid:6d7d6833d25d646c:143c423:11226a15f86:-7d70</guid>
            <versionId>d7c961ac-f6a6-4f45-a049-0d26f3e256ab</versionId>
            <layoutData x="120" y="85">
                <errorLink>
                    <controlPoints />
                    <showEndState>false</showEndState>
                    <showName>false</showName>
                </errorLink>
            </layoutData>
            <TWComponent>
                <lastModified isNull="true" />
                <lastModifiedBy isNull="true" />
                <subProcessId>3012.ad892b05-0839-4501-918a-16fac6accd61</subProcessId>
                <attachedProcessRef>/1.08fb5950-1ab1-4a11-82d4-07a1913561a1</attachedProcessRef>
                <guid>guid:197d4ddc90fc5427:-1c619ffe:11def1582ed:-7a90</guid>
                <versionId>a8d84e62-8659-4b89-9472-d09afc992825</versionId>
                <parameterMapping name="defaultFromAddress">
                    <lastModified isNull="true" />
                    <lastModifiedBy isNull="true" />
                    <parameterMappingId>2054.80226038-25ff-4cf7-904b-cdb7fc16efa1</parameterMappingId>
                    <processParameterId>2055.d6c03d04-afba-4574-bec6-285f02dde6fa</processParameterId>
                    <parameterMappingParentId>3012.ad892b05-0839-4501-918a-16fac6accd61</parameterMappingParentId>
                    <useDefault>true</useDefault>
                    <value>tw.local.m_defaultFromAddress</value>
                    <classRef>/12.db884a3c-c533-44b7-bb2d-47bec8ad4022</classRef>
                    <isList>false</isList>
                    <isInput>false</isInput>
                    <guid>guid:197d4ddc90fc5427:-1c619ffe:11def1582ed:-7a8a</guid>
                    <versionId>0bbdc3c9-5881-4904-b690-47eaf354e7f7</versionId>
                    <description isNull="true" />
                </parameterMapping>
                <parameterMapping name="smtpHost">
                    <lastModified isNull="true" />
                    <lastModifiedBy isNull="true" />
                    <parameterMappingId>2054.535f2537-2bb5-487e-bf9c-c028a00f9b4d</parameterMappingId>
                    <processParameterId>2055.5823fb4e-75c4-4356-8da1-44a7da322d3d</processParameterId>
                    <parameterMappingParentId>3012.ad892b05-0839-4501-918a-16fac6accd61</parameterMappingParentId>
                    <useDefault>false</useDefault>
                    <value>tw.local.m_smtpHost</value>
                    <classRef>/12.db884a3c-c533-44b7-bb2d-47bec8ad4022</classRef>
                    <isList>false</isList>
                    <isInput>false</isInput>
                    <guid>guid:197d4ddc90fc5427:-1c619ffe:11def1582ed:-7a8b</guid>
                    <versionId>8228a71b-89f7-4fed-9f80-c3fd80e625d6</versionId>
                    <description isNull="true" />
                </parameterMapping>
            </TWComponent>
        </item>
        <startingProcessItemId>2025.c751f89f-2b49-43d1-9e9d-e432e369663a</startingProcessItemId>
        <errorHandlerItemId isNull="true" />
        <layoutData noConversion="true">
            <errorLink>
                <controlPoints />
                <showEndState>false</showEndState>
                <showName>false</showName>
            </errorLink>
        </layoutData>
        <startPoint>
            <layoutData x="20" y="100">
                <errorLink>
                    <controlPoints />
                    <showEndState>false</showEndState>
                    <showName>false</showName>
                </errorLink>
            </layoutData>
        </startPoint>
        <startLink>
            <fromPort locationId="rightCenter" portType="1" />
            <toPort locationId="leftCenter" portType="2" />
            <layoutData>
                <controlPoints />
                <showEndState>false</showEndState>
                <showName>false</showName>
            </layoutData>
        </startLink>
        <link name="Untitled">
            <lastModified isNull="true" />
            <lastModifiedBy isNull="true" />
            <processLinkId>2027.6ac2eec3-a5dd-40b7-9660-9b11715a5068</processLinkId>
            <processId>1.13cc4635-1e1b-4165-9afa-6f411d4b4f62</processId>
            <description isNull="true" />
            <fromProcessItemId>2025.b88a9690-da6e-4825-9ec1-e9461cc1ff72</fromProcessItemId>
            <endStateId>Out</endStateId>
            <toProcessItemId>2025.23926d8a-e98b-409f-8c7a-44cf5bd86ca5</toProcessItemId>
            <guid>guid:197d4ddc90fc5427:-1c619ffe:11def1582ed:-7a80</guid>
            <versionId>34dfc5d5-1b7e-4d5d-bc75-3dc674983ced</versionId>
            <layoutData>
                <controlPoints />
                <showEndState>false</showEndState>
                <showName>false</showName>
            </layoutData>
            <fromItemPort locationId="rightCenter" portType="1" />
            <toItemPort locationId="leftCenter" portType="2" />
            <fromProcessItemId>2025.b88a9690-da6e-4825-9ec1-e9461cc1ff72</fromProcessItemId>
            <toProcessItemId>2025.23926d8a-e98b-409f-8c7a-44cf5bd86ca5</toProcessItemId>
        </link>
        <link name="Untitled">
            <lastModified isNull="true" />
            <lastModifiedBy isNull="true" />
            <processLinkId>2027.78760243-0e7d-461a-92f3-b697e5b7f7ae</processLinkId>
            <processId>1.13cc4635-1e1b-4165-9afa-6f411d4b4f62</processId>
            <description isNull="true" />
            <fromProcessItemId>2025.b88a9690-da6e-4825-9ec1-e9461cc1ff72</fromProcessItemId>
            <endStateId>Out</endStateId>
            <toProcessItemId>2025.23926d8a-e98b-409f-8c7a-44cf5bd86ca5</toProcessItemId>
            <guid>guid:197d4ddc90fc5427:-1c619ffe:11def1582ed:-7a80</guid>
            <versionId>44527f87-4a2e-446b-b532-49beee751d7a</versionId>
            <layoutData>
                <controlPoints />
                <showEndState>false</showEndState>
                <showName>false</showName>
            </layoutData>
            <fromItemPort locationId="rightCenter" portType="1" />
            <toItemPort locationId="leftCenter" portType="2" />
            <fromProcessItemId>2025.b88a9690-da6e-4825-9ec1-e9461cc1ff72</fromProcessItemId>
            <toProcessItemId>2025.23926d8a-e98b-409f-8c7a-44cf5bd86ca5</toProcessItemId>
        </link>
        <link name="Untitled">
            <lastModified isNull="true" />
            <lastModifiedBy isNull="true" />
            <processLinkId>2027.0c83ee52-6363-4b8a-9843-cb956dafab9e</processLinkId>
            <processId>1.13cc4635-1e1b-4165-9afa-6f411d4b4f62</processId>
            <description isNull="true" />
            <fromProcessItemId>2025.23926d8a-e98b-409f-8c7a-44cf5bd86ca5</fromProcessItemId>
            <endStateId>guid:6d7d6833d25d646c:143c423:11226a15f86:-7d9f</endStateId>
            <toProcessItemId>2025.45d1f51b-8567-4d26-a9cb-538f42727725</toProcessItemId>
            <guid>guid:197d4ddc90fc5427:-1c619ffe:11def1582ed:-7a84</guid>
            <versionId>a592cb8b-e9f5-40cc-a421-1a4a05301e16</versionId>
            <layoutData>
                <controlPoints />
                <showEndState>true</showEndState>
                <showName>false</showName>
            </layoutData>
            <fromItemPort locationId="rightCenter" portType="1" />
            <toItemPort locationId="leftCenter" portType="2" />
            <fromProcessItemId>2025.23926d8a-e98b-409f-8c7a-44cf5bd86ca5</fromProcessItemId>
            <toProcessItemId>2025.45d1f51b-8567-4d26-a9cb-538f42727725</toProcessItemId>
        </link>
        <link name="Untitled">
            <lastModified isNull="true" />
            <lastModifiedBy isNull="true" />
            <processLinkId>2027.42821c6d-c68b-4f28-b0ca-08840a796a6b</processLinkId>
            <processId>1.13cc4635-1e1b-4165-9afa-6f411d4b4f62</processId>
            <description isNull="true" />
            <fromProcessItemId>2025.c751f89f-2b49-43d1-9e9d-e432e369663a</fromProcessItemId>
            <endStateId>guid:6d7d6833d25d646c:143c423:11226a15f86:-7ddf</endStateId>
            <toProcessItemId>2025.b88a9690-da6e-4825-9ec1-e9461cc1ff72</toProcessItemId>
            <guid>guid:197d4ddc90fc5427:-1c619ffe:11def1582ed:-7a82</guid>
            <versionId>b3a8bd15-716e-46a5-a28f-aa7c6ca07672</versionId>
            <layoutData>
                <controlPoints />
                <showEndState>true</showEndState>
                <showName>false</showName>
            </layoutData>
            <fromItemPort locationId="rightCenter" portType="1" />
            <toItemPort locationId="leftCenter" portType="2" />
            <fromProcessItemId>2025.c751f89f-2b49-43d1-9e9d-e432e369663a</fromProcessItemId>
            <toProcessItemId>2025.b88a9690-da6e-4825-9ec1-e9461cc1ff72</toProcessItemId>
        </link>
        <link name="Untitled">
            <lastModified isNull="true" />
            <lastModifiedBy isNull="true" />
            <processLinkId>2027.f5f057a6-8cd0-4083-a01a-1ad11d0baa39</processLinkId>
            <processId>1.13cc4635-1e1b-4165-9afa-6f411d4b4f62</processId>
            <description isNull="true" />
            <fromProcessItemId>2025.c751f89f-2b49-43d1-9e9d-e432e369663a</fromProcessItemId>
            <endStateId>guid:6d7d6833d25d646c:143c423:11226a15f86:-7ddf</endStateId>
            <toProcessItemId>2025.b88a9690-da6e-4825-9ec1-e9461cc1ff72</toProcessItemId>
            <guid>guid:197d4ddc90fc5427:-1c619ffe:11def1582ed:-7a82</guid>
            <versionId>db5c97d6-6a0f-4053-aff1-6465cd8c089c</versionId>
            <layoutData>
                <controlPoints />
                <showEndState>true</showEndState>
                <showName>false</showName>
            </layoutData>
            <fromItemPort locationId="rightCenter" portType="1" />
            <toItemPort locationId="leftCenter" portType="2" />
            <fromProcessItemId>2025.c751f89f-2b49-43d1-9e9d-e432e369663a</fromProcessItemId>
            <toProcessItemId>2025.b88a9690-da6e-4825-9ec1-e9461cc1ff72</toProcessItemId>
        </link>
        <link name="Untitled">
            <lastModified isNull="true" />
            <lastModifiedBy isNull="true" />
            <processLinkId>2027.0709c9b1-585b-474f-a7ee-3f435a5bf79e</processLinkId>
            <processId>1.13cc4635-1e1b-4165-9afa-6f411d4b4f62</processId>
            <description isNull="true" />
            <fromProcessItemId>2025.23926d8a-e98b-409f-8c7a-44cf5bd86ca5</fromProcessItemId>
            <endStateId>guid:6d7d6833d25d646c:143c423:11226a15f86:-7d9f</endStateId>
            <toProcessItemId>2025.45d1f51b-8567-4d26-a9cb-538f42727725</toProcessItemId>
            <guid>guid:197d4ddc90fc5427:-1c619ffe:11def1582ed:-7a84</guid>
            <versionId>e8829f1b-fff6-4fff-8bf2-59a3c49c9793</versionId>
            <layoutData>
                <controlPoints />
                <showEndState>true</showEndState>
                <showName>false</showName>
            </layoutData>
            <fromItemPort locationId="rightCenter" portType="1" />
            <toItemPort locationId="leftCenter" portType="2" />
            <fromProcessItemId>2025.23926d8a-e98b-409f-8c7a-44cf5bd86ca5</fromProcessItemId>
            <toProcessItemId>2025.45d1f51b-8567-4d26-a9cb-538f42727725</toProcessItemId>
        </link>
    </process>
</teamworks>

