<?xml version="1.0" encoding="UTF-8"?>
<teamworks>
    <process id="1.170cc716-b74b-4dcf-a730-bada14eb1ad9" name="lsw Create Insert CA Template Statement">
        <lastModified>1361372673512</lastModified>
        <lastModifiedBy>Internal TW Admin user</lastModifiedBy>
        <processId>1.170cc716-b74b-4dcf-a730-bada14eb1ad9</processId>
        <image isNull="true" />
        <tabGroup isNull="true" />
        <startingProcessItemId>2025.a0791195-f076-495d-92fa-951c301dff61</startingProcessItemId>
        <isRootProcess>false</isRootProcess>
        <processType>6</processType>
        <isErrorHandlerEnabled>false</isErrorHandlerEnabled>
        <errorHandlerItemId isNull="true" />
        <isLoggingVariables>false</isLoggingVariables>
        <isTransactional>false</isTransactional>
        <processTimingLevel isNull="true" />
        <participantRef isNull="true" />
        <exposedType isNull="true" />
        <isTrackingEnabled>true</isTrackingEnabled>
        <xmlData isNull="true" />
        <cachingType>false</cachingType>
        <itemLabel isNull="true" />
        <cacheLength>43200</cacheLength>
        <mobileReady>false</mobileReady>
        <sboSyncEnabled>true</sboSyncEnabled>
        <externalId isNull="true" />
        <isSecured>false</isSecured>
        <description isNull="true" />
        <guid>guid:5a54f1704f1c1577:-6b56085f:12370558356:-7fee</guid>
        <versionId>656e61e6-c108-4454-8e06-93ae20d7bc69</versionId>
        <dependencySummary isNull="true" />
        <processParameter name="templateName">
            <lastModified isNull="true" />
            <lastModifiedBy isNull="true" />
            <processParameterId>2055.cadb13bb-31a3-447c-b63c-61b46be648ca</processParameterId>
            <processId>1.170cc716-b74b-4dcf-a730-bada14eb1ad9</processId>
            <parameterType>1</parameterType>
            <isArrayOf>false</isArrayOf>
            <classId>/12.db884a3c-c533-44b7-bb2d-47bec8ad4022</classId>
            <seq>1</seq>
            <hasDefault>false</hasDefault>
            <defaultValue isNull="true" />
            <isLocked>false</isLocked>
            <description isNull="true" />
            <guid>guid:5a54f1704f1c1577:-6b56085f:12370558356:-7fea</guid>
            <versionId>d55d49c1-2883-4023-923b-fc8f042ab6dd</versionId>
        </processParameter>
        <processParameter name="bpdGUID">
            <lastModified isNull="true" />
            <lastModifiedBy isNull="true" />
            <processParameterId>2055.a6c57ccc-e4ed-47aa-ae5f-6db3e10ab950</processParameterId>
            <processId>1.170cc716-b74b-4dcf-a730-bada14eb1ad9</processId>
            <parameterType>1</parameterType>
            <isArrayOf>false</isArrayOf>
            <classId>/12.db884a3c-c533-44b7-bb2d-47bec8ad4022</classId>
            <seq>2</seq>
            <hasDefault>false</hasDefault>
            <defaultValue isNull="true" />
            <isLocked>false</isLocked>
            <description>The GUID of the top-level BPD for which to retrieve templates</description>
            <guid>guid:5a54f1704f1c1577:-6b56085f:12370558356:-7fe9</guid>
            <versionId>1da7cb0c-24c9-4a34-a726-38a114bd3d82</versionId>
        </processParameter>
        <processParameter name="sqlStatement">
            <lastModified isNull="true" />
            <lastModifiedBy isNull="true" />
            <processParameterId>2055.717626df-42d4-477a-939d-97197208249e</processParameterId>
            <processId>1.170cc716-b74b-4dcf-a730-bada14eb1ad9</processId>
            <parameterType>2</parameterType>
            <isArrayOf>false</isArrayOf>
            <classId>/12.3990d8b4-983d-4250-bd06-3600f527fed0</classId>
            <seq>3</seq>
            <hasDefault>false</hasDefault>
            <defaultValue isNull="true" />
            <isLocked>false</isLocked>
            <description isNull="true" />
            <guid>guid:5a54f1704f1c1577:-6b56085f:12370558356:-7fe8</guid>
            <versionId>a7d20381-d329-4cc4-8e60-6d158ef0383c</versionId>
        </processParameter>
        <processParameter name="templateID">
            <lastModified isNull="true" />
            <lastModifiedBy isNull="true" />
            <processParameterId>2055.cba59e9a-2538-4fe0-9573-c08f01239e60</processParameterId>
            <processId>1.170cc716-b74b-4dcf-a730-bada14eb1ad9</processId>
            <parameterType>2</parameterType>
            <isArrayOf>false</isArrayOf>
            <classId>/12.db884a3c-c533-44b7-bb2d-47bec8ad4022</classId>
            <seq>4</seq>
            <hasDefault>false</hasDefault>
            <defaultValue isNull="true" />
            <isLocked>false</isLocked>
            <description isNull="true" />
            <guid>guid:5a54f1704f1c1577:-6b56085f:12370558356:-7fe7</guid>
            <versionId>2e63a236-25e2-4e1b-b55f-f6b0d356fefb</versionId>
        </processParameter>
        <processVariable name="sql">
            <lastModified isNull="true" />
            <lastModifiedBy isNull="true" />
            <processVariableId>2056.2320edac-fcbd-4790-adf1-c3fed6d39a9f</processVariableId>
            <description isNull="true" />
            <processId>1.170cc716-b74b-4dcf-a730-bada14eb1ad9</processId>
            <namespace>2</namespace>
            <seq>1</seq>
            <isArrayOf>false</isArrayOf>
            <classId>/12.db884a3c-c533-44b7-bb2d-47bec8ad4022</classId>
            <hasDefault>false</hasDefault>
            <defaultValue isNull="true" />
            <guid>guid:5a54f1704f1c1577:-6b56085f:12370558356:-7fe6</guid>
            <versionId>e124d282-87d3-49b0-bc1b-f9a6e93277d6</versionId>
        </processVariable>
        <item>
            <lastModified isNull="true" />
            <lastModifiedBy isNull="true" />
            <processItemId>2025.267faf71-30c8-4ed0-a02f-6ea640e64775</processItemId>
            <processId>1.170cc716-b74b-4dcf-a730-bada14eb1ad9</processId>
            <name>Build Insert SQL</name>
            <tWComponentName>Script</tWComponentName>
            <tWComponentId>3011.3fe1d6c5-4043-4891-a383-a9cce4b9b553</tWComponentId>
            <isLogEnabled>false</isLogEnabled>
            <isTraceEnabled>false</isTraceEnabled>
            <traceCategory isNull="true" />
            <traceLevel isNull="true" />
            <traceMessage isNull="true" />
            <traceSymbolTable isNull="true" />
            <isExecutionContextTraced>false</isExecutionContextTraced>
            <saveExecutionContext>false</saveExecutionContext>
            <documentation isNull="true" />
            <isErrorHandlerEnabled>false</isErrorHandlerEnabled>
            <errorHandlerItemId isNull="true" />
            <guid>guid:5a54f1704f1c1577:-6b56085f:12370558356:-7fde</guid>
            <versionId>3c1b9b3c-e309-4c06-ad26-b11d802fdb5b</versionId>
            <layoutData x="299" y="86">
                <errorLink>
                    <controlPoints />
                    <showEndState>false</showEndState>
                    <showName>false</showName>
                </errorLink>
            </layoutData>
            <TWComponent>
                <lastModified isNull="true" />
                <lastModifiedBy isNull="true" />
                <scriptId>3011.3fe1d6c5-4043-4891-a383-a9cce4b9b553</scriptId>
                <scriptTypeId>128</scriptTypeId>
                <isActive>true</isActive>
                <script>tw.local.sql
INSERT INTO lsw_ca_template (id, name, bpd_guid) VALUES (?, ?, ?)</script>
                <isRule>false</isRule>
                <guid>guid:5a54f1704f1c1577:-6b56085f:12370558356:-7fdf</guid>
                <versionId>52eea649-6a51-4748-b479-f71fb04dfa26</versionId>
            </TWComponent>
        </item>
        <item>
            <lastModified isNull="true" />
            <lastModifiedBy isNull="true" />
            <processItemId>2025.a0791195-f076-495d-92fa-951c301dff61</processItemId>
            <processId>1.170cc716-b74b-4dcf-a730-bada14eb1ad9</processId>
            <name>Get Next Template ID</name>
            <tWComponentName>SubProcess</tWComponentName>
            <tWComponentId>3012.51dcd0de-214d-4a81-87e3-94d6490a0e28</tWComponentId>
            <isLogEnabled>false</isLogEnabled>
            <isTraceEnabled>false</isTraceEnabled>
            <traceCategory isNull="true" />
            <traceLevel isNull="true" />
            <traceMessage isNull="true" />
            <traceSymbolTable isNull="true" />
            <isExecutionContextTraced>false</isExecutionContextTraced>
            <saveExecutionContext>false</saveExecutionContext>
            <documentation isNull="true" />
            <isErrorHandlerEnabled>false</isErrorHandlerEnabled>
            <errorHandlerItemId isNull="true" />
            <guid>guid:5a54f1704f1c1577:-6b56085f:12370558356:-7fe4</guid>
            <versionId>aec63969-a5e3-44ec-9465-aa2ef6d53d3c</versionId>
            <layoutData x="148" y="89">
                <errorLink>
                    <controlPoints />
                    <showEndState>false</showEndState>
                    <showName>false</showName>
                </errorLink>
            </layoutData>
            <TWComponent>
                <lastModified isNull="true" />
                <lastModifiedBy isNull="true" />
                <subProcessId>3012.51dcd0de-214d-4a81-87e3-94d6490a0e28</subProcessId>
                <attachedProcessRef>/1.e6d03d0c-1717-4844-a6ad-49c3bb8fa204</attachedProcessRef>
                <guid>guid:5a54f1704f1c1577:-6b56085f:12370558356:-7fe3</guid>
                <versionId>88fefc16-6dcc-44ac-85ac-cd58a96ef8b5</versionId>
                <parameterMapping name="primaryKey">
                    <lastModified isNull="true" />
                    <lastModifiedBy isNull="true" />
                    <parameterMappingId>2054.fb617cb9-c6d3-43d6-914b-4c5aa034c1e8</parameterMappingId>
                    <processParameterId>2055.7788aa03-0200-46bb-b776-803195ddb618</processParameterId>
                    <parameterMappingParentId>3012.51dcd0de-214d-4a81-87e3-94d6490a0e28</parameterMappingParentId>
                    <useDefault>false</useDefault>
                    <value>tw.local.templateID</value>
                    <classRef>/12.db884a3c-c533-44b7-bb2d-47bec8ad4022</classRef>
                    <isList>false</isList>
                    <isInput>false</isInput>
                    <guid>guid:5a54f1704f1c1577:-6b56085f:12370558356:-7fe2</guid>
                    <versionId>eaa6676d-6230-46c9-8705-99ce9d11ab83</versionId>
                    <description isNull="true" />
                </parameterMapping>
            </TWComponent>
        </item>
        <item>
            <lastModified isNull="true" />
            <lastModifiedBy isNull="true" />
            <processItemId>2025.4cf1f837-e5eb-45fb-b2dd-2ceae6a4f824</processItemId>
            <processId>1.170cc716-b74b-4dcf-a730-bada14eb1ad9</processId>
            <name>Create Statement</name>
            <tWComponentName>Script</tWComponentName>
            <tWComponentId>3011.8fd5dd2d-2d36-4ba5-aac9-ddb3199dc00f</tWComponentId>
            <isLogEnabled>false</isLogEnabled>
            <isTraceEnabled>false</isTraceEnabled>
            <traceCategory isNull="true" />
            <traceLevel isNull="true" />
            <traceMessage isNull="true" />
            <traceSymbolTable isNull="true" />
            <isExecutionContextTraced>false</isExecutionContextTraced>
            <saveExecutionContext>false</saveExecutionContext>
            <documentation isNull="true" />
            <isErrorHandlerEnabled>false</isErrorHandlerEnabled>
            <errorHandlerItemId isNull="true" />
            <guid>guid:5a54f1704f1c1577:-6b56085f:12370558356:-7fda</guid>
            <versionId>be46d798-e11f-4f15-9bd6-17d2b8b26e69</versionId>
            <layoutData x="449" y="92">
                <errorLink>
                    <controlPoints />
                    <showEndState>false</showEndState>
                    <showName>false</showName>
                </errorLink>
            </layoutData>
            <TWComponent>
                <lastModified isNull="true" />
                <lastModifiedBy isNull="true" />
                <scriptId>3011.8fd5dd2d-2d36-4ba5-aac9-ddb3199dc00f</scriptId>
                <scriptTypeId>2</scriptTypeId>
                <isActive>true</isActive>
                <script>tw.local.sqlStatement = newSQLStatement(tw.local.sql);
addSQLParameter(tw.local.sqlStatement, tw.local.templateID);
addSQLParameter(tw.local.sqlStatement, tw.local.templateName);
addSQLParameter(tw.local.sqlStatement, tw.local.bpdGUID);
</script>
                <isRule>false</isRule>
                <guid>guid:5a54f1704f1c1577:-6b56085f:12370558356:-7fdb</guid>
                <versionId>c5aa6f98-af4d-47bd-8561-8c191a6a7606</versionId>
            </TWComponent>
        </item>
        <item>
            <lastModified isNull="true" />
            <lastModifiedBy isNull="true" />
            <processItemId>2025.19b0261f-405b-4666-90d2-49005eae904f</processItemId>
            <processId>1.170cc716-b74b-4dcf-a730-bada14eb1ad9</processId>
            <name>End</name>
            <tWComponentName>ExitPoint</tWComponentName>
            <tWComponentId>3008.37eb5650-6f40-42e1-a4bf-378db695292a</tWComponentId>
            <isLogEnabled>false</isLogEnabled>
            <isTraceEnabled>false</isTraceEnabled>
            <traceCategory isNull="true" />
            <traceLevel isNull="true" />
            <traceMessage isNull="true" />
            <traceSymbolTable isNull="true" />
            <isExecutionContextTraced>false</isExecutionContextTraced>
            <saveExecutionContext>true</saveExecutionContext>
            <documentation isNull="true" />
            <isErrorHandlerEnabled>false</isErrorHandlerEnabled>
            <errorHandlerItemId isNull="true" />
            <guid>guid:5a54f1704f1c1577:-6b56085f:12370558356:-7fec</guid>
            <versionId>df3e1d16-be31-4095-9b33-98d4b0571038</versionId>
            <layoutData x="581" y="99">
                <errorLink>
                    <controlPoints />
                    <showEndState>false</showEndState>
                    <showName>false</showName>
                </errorLink>
            </layoutData>
            <TWComponent>
                <lastModified isNull="true" />
                <lastModifiedBy isNull="true" />
                <exitPointId>3008.37eb5650-6f40-42e1-a4bf-378db695292a</exitPointId>
                <haltProcess>false</haltProcess>
                <guid>guid:5a54f1704f1c1577:-6b56085f:12370558356:-7feb</guid>
                <versionId>88013c28-5fba-4a0d-962f-21dec9372fd7</versionId>
            </TWComponent>
        </item>
        <startingProcessItemId>2025.a0791195-f076-495d-92fa-951c301dff61</startingProcessItemId>
        <errorHandlerItemId isNull="true" />
        <layoutData noConversion="true">
            <errorLink>
                <controlPoints />
                <showEndState>false</showEndState>
                <showName>false</showName>
            </errorLink>
        </layoutData>
        <startPoint>
            <layoutData x="20" y="100">
                <errorLink>
                    <controlPoints />
                    <showEndState>false</showEndState>
                    <showName>false</showName>
                </errorLink>
            </layoutData>
        </startPoint>
        <startLink>
            <fromPort locationId="rightCenter" portType="1" />
            <toPort locationId="leftCenter" portType="2" />
            <layoutData>
                <controlPoints />
                <showEndState>false</showEndState>
                <showName>false</showName>
            </layoutData>
        </startLink>
        <link name="Untitled">
            <lastModified isNull="true" />
            <lastModifiedBy isNull="true" />
            <processLinkId>2027.2b95b70d-7ff0-4ab6-b909-c28c348f999a</processLinkId>
            <processId>1.170cc716-b74b-4dcf-a730-bada14eb1ad9</processId>
            <description isNull="true" />
            <fromProcessItemId>2025.4cf1f837-e5eb-45fb-b2dd-2ceae6a4f824</fromProcessItemId>
            <endStateId>Out</endStateId>
            <toProcessItemId>2025.19b0261f-405b-4666-90d2-49005eae904f</toProcessItemId>
            <guid>guid:5a54f1704f1c1577:-6b56085f:12370558356:-7fd7</guid>
            <versionId>0103eae4-2c59-4b5b-84e7-4f4a230bcbc7</versionId>
            <layoutData>
                <controlPoints />
                <showEndState>false</showEndState>
                <showName>false</showName>
            </layoutData>
            <fromItemPort locationId="rightCenter" portType="1" />
            <toItemPort locationId="leftCenter" portType="2" />
            <fromProcessItemId>2025.4cf1f837-e5eb-45fb-b2dd-2ceae6a4f824</fromProcessItemId>
            <toProcessItemId>2025.19b0261f-405b-4666-90d2-49005eae904f</toProcessItemId>
        </link>
        <link name="Untitled">
            <lastModified isNull="true" />
            <lastModifiedBy isNull="true" />
            <processLinkId>2027.aee5a860-4f79-4ebd-9762-13266d18039e</processLinkId>
            <processId>1.170cc716-b74b-4dcf-a730-bada14eb1ad9</processId>
            <description isNull="true" />
            <fromProcessItemId>2025.a0791195-f076-495d-92fa-951c301dff61</fromProcessItemId>
            <endStateId>guid:5a54f1704f1c1577:-6b56085f:12370558356:-7ff8</endStateId>
            <toProcessItemId>2025.267faf71-30c8-4ed0-a02f-6ea640e64775</toProcessItemId>
            <guid>guid:5a54f1704f1c1577:-6b56085f:12370558356:-7fd9</guid>
            <versionId>929d4c0d-e02d-48a1-b823-70ebca634c34</versionId>
            <layoutData>
                <controlPoints />
                <showEndState>false</showEndState>
                <showName>false</showName>
            </layoutData>
            <fromItemPort locationId="rightCenter" portType="1" />
            <toItemPort locationId="leftCenter" portType="2" />
            <fromProcessItemId>2025.a0791195-f076-495d-92fa-951c301dff61</fromProcessItemId>
            <toProcessItemId>2025.267faf71-30c8-4ed0-a02f-6ea640e64775</toProcessItemId>
        </link>
        <link name="Untitled">
            <lastModified isNull="true" />
            <lastModifiedBy isNull="true" />
            <processLinkId>2027.749e3506-b414-4ede-937c-081fb7f80d80</processLinkId>
            <processId>1.170cc716-b74b-4dcf-a730-bada14eb1ad9</processId>
            <description isNull="true" />
            <fromProcessItemId>2025.267faf71-30c8-4ed0-a02f-6ea640e64775</fromProcessItemId>
            <endStateId>Out</endStateId>
            <toProcessItemId>2025.4cf1f837-e5eb-45fb-b2dd-2ceae6a4f824</toProcessItemId>
            <guid>guid:5a54f1704f1c1577:-6b56085f:12370558356:-7fd8</guid>
            <versionId>d48781c2-18ee-4621-af1c-b5d8abf7dcd4</versionId>
            <layoutData>
                <controlPoints />
                <showEndState>false</showEndState>
                <showName>false</showName>
            </layoutData>
            <fromItemPort locationId="rightCenter" portType="1" />
            <toItemPort locationId="leftCenter" portType="2" />
            <fromProcessItemId>2025.267faf71-30c8-4ed0-a02f-6ea640e64775</fromProcessItemId>
            <toProcessItemId>2025.4cf1f837-e5eb-45fb-b2dd-2ceae6a4f824</toProcessItemId>
        </link>
    </process>
</teamworks>

