<?xml version="1.0" encoding="UTF-8"?>
<teamworks>
    <process id="1.20428f14-f880-4442-a6b7-5735fb0c1f08" name="Transform XML Document using XSL Document">
        <lastModified>1361372673512</lastModified>
        <lastModifiedBy>Internal TW Admin user</lastModifiedBy>
        <processId>1.20428f14-f880-4442-a6b7-5735fb0c1f08</processId>
        <image isNull="true" />
        <tabGroup isNull="true" />
        <startingProcessItemId>2025.2485c818-5104-46e5-976f-b74881d74435</startingProcessItemId>
        <isRootProcess>false</isRootProcess>
        <processType>4</processType>
        <isErrorHandlerEnabled>false</isErrorHandlerEnabled>
        <errorHandlerItemId isNull="true" />
        <isLoggingVariables>false</isLoggingVariables>
        <isTransactional>false</isTransactional>
        <processTimingLevel isNull="true" />
        <participantRef isNull="true" />
        <exposedType isNull="true" />
        <isTrackingEnabled>true</isTrackingEnabled>
        <xmlData isNull="true" />
        <cachingType>false</cachingType>
        <itemLabel isNull="true" />
        <cacheLength>43200</cacheLength>
        <mobileReady>false</mobileReady>
        <sboSyncEnabled>true</sboSyncEnabled>
        <externalId isNull="true" />
        <isSecured>false</isSecured>
        <description>Transforms an XML DOM Document using the specified XSL DOM Document and returns the result as a string. This connector also accepts parameters.</description>
        <guid>guid:12be50909032b80c:18f81ea7:11f41c537ad:-5bb4</guid>
        <versionId>f29a9491-87d5-49f2-8fed-b5c9bb6d66eb</versionId>
        <dependencySummary isNull="true" />
        <processParameter name="xmlDocument">
            <lastModified isNull="true" />
            <lastModifiedBy isNull="true" />
            <processParameterId>2055.7583af5a-c3d6-4cca-9882-83ccba7c9e90</processParameterId>
            <processId>1.20428f14-f880-4442-a6b7-5735fb0c1f08</processId>
            <parameterType>1</parameterType>
            <isArrayOf>false</isArrayOf>
            <classId>/12.4715ae70-6fe9-4d51-a010-20ddb068bcdb</classId>
            <seq>1</seq>
            <hasDefault>false</hasDefault>
            <defaultValue isNull="true" />
            <isLocked>false</isLocked>
            <description>XML document to transform</description>
            <guid>guid:12be50909032b80c:18f81ea7:11f41c537ad:-5b97</guid>
            <versionId>c8e5810c-5d41-4ce4-9f16-24dbe2c2ec85</versionId>
        </processParameter>
        <processParameter name="xslDocument">
            <lastModified isNull="true" />
            <lastModifiedBy isNull="true" />
            <processParameterId>2055.1cefa782-b110-40c9-9f0d-f9800dc5c9bd</processParameterId>
            <processId>1.20428f14-f880-4442-a6b7-5735fb0c1f08</processId>
            <parameterType>1</parameterType>
            <isArrayOf>false</isArrayOf>
            <classId>/12.4715ae70-6fe9-4d51-a010-20ddb068bcdb</classId>
            <seq>2</seq>
            <hasDefault>false</hasDefault>
            <defaultValue isNull="true" />
            <isLocked>false</isLocked>
            <description>XSL document for transform</description>
            <guid>guid:12be50909032b80c:18f81ea7:11f41c537ad:-5b7e</guid>
            <versionId>05b3e3cd-6ef2-4658-9acc-7a2bfa3bc83f</versionId>
        </processParameter>
        <processParameter name="params">
            <lastModified isNull="true" />
            <lastModifiedBy isNull="true" />
            <processParameterId>2055.5161e299-cb60-433a-87ac-9f2a83880fe9</processParameterId>
            <processId>1.20428f14-f880-4442-a6b7-5735fb0c1f08</processId>
            <parameterType>1</parameterType>
            <isArrayOf>false</isArrayOf>
            <classId>/12.90c5b1d3-3fa1-4b3b-ab27-220b0652dc55</classId>
            <seq>3</seq>
            <hasDefault>true</hasDefault>
            <defaultValue isNull="true" />
            <isLocked>false</isLocked>
            <description>Parameters to be used during transformation.</description>
            <guid>guid:12be50909032b80c:18f81ea7:11f41c537ad:-5b71</guid>
            <versionId>b5f6e9aa-8ba2-4a36-aabe-09117371ce27</versionId>
        </processParameter>
        <processParameter name="results">
            <lastModified isNull="true" />
            <lastModifiedBy isNull="true" />
            <processParameterId>2055.bd38183c-7982-4d4a-af4b-bc54002a2775</processParameterId>
            <processId>1.20428f14-f880-4442-a6b7-5735fb0c1f08</processId>
            <parameterType>2</parameterType>
            <isArrayOf>false</isArrayOf>
            <classId>/12.db884a3c-c533-44b7-bb2d-47bec8ad4022</classId>
            <seq>4</seq>
            <hasDefault>false</hasDefault>
            <defaultValue isNull="true" />
            <isLocked>false</isLocked>
            <description isNull="true" />
            <guid>guid:12be50909032b80c:18f81ea7:11f41c537ad:-5b5c</guid>
            <versionId>91a7e575-53c8-4e8b-b21e-e145d5bf3500</versionId>
        </processParameter>
        <item>
            <lastModified isNull="true" />
            <lastModifiedBy isNull="true" />
            <processItemId>2025.2485c818-5104-46e5-976f-b74881d74435</processItemId>
            <processId>1.20428f14-f880-4442-a6b7-5735fb0c1f08</processId>
            <name>Transform XML</name>
            <tWComponentName>JavaConnector</tWComponentName>
            <tWComponentId>3022.e3b04a07-7808-48ff-b4b3-0e51a0470994</tWComponentId>
            <isLogEnabled>false</isLogEnabled>
            <isTraceEnabled>false</isTraceEnabled>
            <traceCategory isNull="true" />
            <traceLevel isNull="true" />
            <traceMessage isNull="true" />
            <traceSymbolTable isNull="true" />
            <isExecutionContextTraced>false</isExecutionContextTraced>
            <saveExecutionContext>false</saveExecutionContext>
            <documentation isNull="true" />
            <isErrorHandlerEnabled>false</isErrorHandlerEnabled>
            <errorHandlerItemId isNull="true" />
            <guid>guid:12be50909032b80c:18f81ea7:11f41c537ad:-5ba1</guid>
            <versionId>02c2c1d6-abca-45f1-b1be-06c0c3b0059e</versionId>
            <layoutData x="142" y="85">
                <errorLink>
                    <controlPoints />
                    <showEndState>false</showEndState>
                    <showName>false</showName>
                </errorLink>
            </layoutData>
            <TWComponent>
                <lastModified isNull="true" />
                <lastModifiedBy isNull="true" />
                <javaConnectorId>3022.e3b04a07-7808-48ff-b4b3-0e51a0470994</javaConnectorId>
                <definition>&lt;connector&gt;
  &lt;javaClassName&gt;teamworks.XSLConnector&lt;/javaClassName&gt;
  &lt;methodName&gt;transform&lt;/methodName&gt;
  &lt;inputRecord&gt;
    &lt;element type="org.jdom.Document" nativeType="org.jdom.Document" parameter="Parameter 0" argument="tw.local.xmlDocument" description="XML Document" /&gt;
    &lt;element type="org.jdom.Document" nativeType="org.jdom.Document" parameter="Parameter 1" argument="tw.local.xslDocument" description="XSL Document" /&gt;
    &lt;element type="java.util.HashMap" nativeType="java.util.HashMap" parameter="Parameter 2" argument="tw.local.params" description="Parameters" /&gt;
  &lt;/inputRecord&gt;
  &lt;outputRecord&gt;
    &lt;element type="java.lang.String" nativeType="java.lang.String" parameter="Return Value" argument="tw.local.results" description="" /&gt;
  &lt;/outputRecord&gt;
&lt;/connector&gt;</definition>
                <guid>guid:12be50909032b80c:18f81ea7:11f41c537ad:-5ba2</guid>
                <versionId>d7c8fb29-6955-4326-bd3a-b86c38bf95a4</versionId>
            </TWComponent>
        </item>
        <item>
            <lastModified isNull="true" />
            <lastModifiedBy isNull="true" />
            <processItemId>2025.1c84c389-39f5-4b2d-ad30-8680cf400eff</processItemId>
            <processId>1.20428f14-f880-4442-a6b7-5735fb0c1f08</processId>
            <name>End</name>
            <tWComponentName>ExitPoint</tWComponentName>
            <tWComponentId>3008.03245128-d85b-410e-889c-0b91fccafbec</tWComponentId>
            <isLogEnabled>false</isLogEnabled>
            <isTraceEnabled>false</isTraceEnabled>
            <traceCategory isNull="true" />
            <traceLevel isNull="true" />
            <traceMessage isNull="true" />
            <traceSymbolTable isNull="true" />
            <isExecutionContextTraced>false</isExecutionContextTraced>
            <saveExecutionContext>true</saveExecutionContext>
            <documentation isNull="true" />
            <isErrorHandlerEnabled>false</isErrorHandlerEnabled>
            <errorHandlerItemId isNull="true" />
            <guid>guid:12be50909032b80c:18f81ea7:11f41c537ad:-5bb2</guid>
            <versionId>4ce43df2-48d1-4c98-aebc-2f541cd7d366</versionId>
            <layoutData x="301" y="100">
                <errorLink>
                    <controlPoints />
                    <showEndState>false</showEndState>
                    <showName>false</showName>
                </errorLink>
            </layoutData>
            <TWComponent>
                <lastModified isNull="true" />
                <lastModifiedBy isNull="true" />
                <exitPointId>3008.03245128-d85b-410e-889c-0b91fccafbec</exitPointId>
                <haltProcess>false</haltProcess>
                <guid>guid:12be50909032b80c:18f81ea7:11f41c537ad:-5bb1</guid>
                <versionId>d57e1f9b-5f58-4d06-b45e-60881345378e</versionId>
            </TWComponent>
        </item>
        <startingProcessItemId>2025.2485c818-5104-46e5-976f-b74881d74435</startingProcessItemId>
        <errorHandlerItemId isNull="true" />
        <layoutData noConversion="true">
            <errorLink>
                <controlPoints />
                <showEndState>false</showEndState>
                <showName>false</showName>
            </errorLink>
        </layoutData>
        <startPoint>
            <layoutData x="20" y="100">
                <errorLink>
                    <controlPoints />
                    <showEndState>false</showEndState>
                    <showName>false</showName>
                </errorLink>
            </layoutData>
        </startPoint>
        <startLink>
            <fromPort locationId="rightCenter" portType="1" />
            <toPort locationId="leftCenter" portType="2" />
            <layoutData>
                <controlPoints />
                <showEndState>false</showEndState>
                <showName>false</showName>
            </layoutData>
        </startLink>
        <link name="Untitled">
            <lastModified isNull="true" />
            <lastModifiedBy isNull="true" />
            <processLinkId>2027.72241a16-4246-4300-8083-6568850e2164</processLinkId>
            <processId>1.20428f14-f880-4442-a6b7-5735fb0c1f08</processId>
            <description isNull="true" />
            <fromProcessItemId>2025.2485c818-5104-46e5-976f-b74881d74435</fromProcessItemId>
            <endStateId>Out</endStateId>
            <toProcessItemId>2025.1c84c389-39f5-4b2d-ad30-8680cf400eff</toProcessItemId>
            <guid>guid:12be50909032b80c:18f81ea7:11f41c537ad:-5b4c</guid>
            <versionId>6b4bc1ce-9a5c-4a4a-987c-e5d9e50300ef</versionId>
            <layoutData>
                <controlPoints />
                <showEndState>false</showEndState>
                <showName>false</showName>
            </layoutData>
            <fromItemPort locationId="rightCenter" portType="1" />
            <toItemPort locationId="leftCenter" portType="2" />
            <fromProcessItemId>2025.2485c818-5104-46e5-976f-b74881d74435</fromProcessItemId>
            <toProcessItemId>2025.1c84c389-39f5-4b2d-ad30-8680cf400eff</toProcessItemId>
        </link>
    </process>
</teamworks>

