<?xml version="1.0" encoding="UTF-8"?>
<teamworks>
    <process id="1.34fd1e2b-863c-4dcb-bb1a-49ce53ffab35" name="Validate XML from URL">
        <lastModified>1361372673512</lastModified>
        <lastModifiedBy>Internal TW Admin user</lastModifiedBy>
        <processId>1.34fd1e2b-863c-4dcb-bb1a-49ce53ffab35</processId>
        <image isNull="true" />
        <tabGroup isNull="true" />
        <startingProcessItemId>2025.9d94668f-4da2-43d0-9b58-f5eb2d0f350c</startingProcessItemId>
        <isRootProcess>false</isRootProcess>
        <processType>4</processType>
        <isErrorHandlerEnabled>false</isErrorHandlerEnabled>
        <errorHandlerItemId isNull="true" />
        <isLoggingVariables>false</isLoggingVariables>
        <isTransactional>false</isTransactional>
        <processTimingLevel isNull="true" />
        <participantRef isNull="true" />
        <exposedType isNull="true" />
        <isTrackingEnabled>true</isTrackingEnabled>
        <xmlData isNull="true" />
        <cachingType>false</cachingType>
        <itemLabel isNull="true" />
        <cacheLength>43200</cacheLength>
        <mobileReady>false</mobileReady>
        <sboSyncEnabled>true</sboSyncEnabled>
        <externalId isNull="true" />
        <isSecured>false</isSecured>
        <description isNull="true" />
        <guid>guid:12be50909032b80c:18f81ea7:11f41c537ad:-5d9d</guid>
        <versionId>664a101b-0f62-4a39-ad51-ae3923b9c9ba</versionId>
        <dependencySummary isNull="true" />
        <processParameter name="xmlURL">
            <lastModified isNull="true" />
            <lastModifiedBy isNull="true" />
            <processParameterId>2055.1b123794-14c8-4bf8-98ef-14abff95320e</processParameterId>
            <processId>1.34fd1e2b-863c-4dcb-bb1a-49ce53ffab35</processId>
            <parameterType>1</parameterType>
            <isArrayOf>false</isArrayOf>
            <classId>/12.db884a3c-c533-44b7-bb2d-47bec8ad4022</classId>
            <seq>1</seq>
            <hasDefault>false</hasDefault>
            <defaultValue isNull="true" />
            <isLocked>false</isLocked>
            <description isNull="true" />
            <guid>guid:12be50909032b80c:18f81ea7:11f41c537ad:-5d8d</guid>
            <versionId>cea0056e-2e6b-4359-b6b8-8d6019f664c0</versionId>
        </processParameter>
        <processParameter name="isValid">
            <lastModified isNull="true" />
            <lastModifiedBy isNull="true" />
            <processParameterId>2055.95e2979f-f40c-45cd-b064-e9a76db4d487</processParameterId>
            <processId>1.34fd1e2b-863c-4dcb-bb1a-49ce53ffab35</processId>
            <parameterType>2</parameterType>
            <isArrayOf>false</isArrayOf>
            <classId>/12.83ff975e-8dbc-42e5-b738-fa8bc08274a2</classId>
            <seq>2</seq>
            <hasDefault>false</hasDefault>
            <defaultValue isNull="true" />
            <isLocked>false</isLocked>
            <description isNull="true" />
            <guid>guid:12be50909032b80c:18f81ea7:11f41c537ad:-5d80</guid>
            <versionId>6a058367-0aa5-4992-bff2-a623dfed60e3</versionId>
        </processParameter>
        <processParameter name="errorMessage">
            <lastModified isNull="true" />
            <lastModifiedBy isNull="true" />
            <processParameterId>2055.5ac2e22a-867b-4be0-a2c9-0a16b905e502</processParameterId>
            <processId>1.34fd1e2b-863c-4dcb-bb1a-49ce53ffab35</processId>
            <parameterType>2</parameterType>
            <isArrayOf>false</isArrayOf>
            <classId>/12.db884a3c-c533-44b7-bb2d-47bec8ad4022</classId>
            <seq>3</seq>
            <hasDefault>false</hasDefault>
            <defaultValue isNull="true" />
            <isLocked>false</isLocked>
            <description isNull="true" />
            <guid>guid:12be50909032b80c:18f81ea7:11f41c537ad:-5d7f</guid>
            <versionId>af01b68e-000e-4bd6-849e-c9b81b2a3a95</versionId>
        </processParameter>
        <processVariable name="results">
            <lastModified isNull="true" />
            <lastModifiedBy isNull="true" />
            <processVariableId>2056.99fc4e0f-2bcd-4474-b7e8-28a5dcd403c5</processVariableId>
            <description isNull="true" />
            <processId>1.34fd1e2b-863c-4dcb-bb1a-49ce53ffab35</processId>
            <namespace>2</namespace>
            <seq>1</seq>
            <isArrayOf>false</isArrayOf>
            <classId>/12.90c5b1d3-3fa1-4b3b-ab27-220b0652dc55</classId>
            <hasDefault>false</hasDefault>
            <defaultValue isNull="true" />
            <guid>guid:12be50909032b80c:18f81ea7:11f41c537ad:-5d7e</guid>
            <versionId>6620ae5a-21ec-4180-9621-3fac2a665fee</versionId>
        </processVariable>
        <item>
            <lastModified isNull="true" />
            <lastModifiedBy isNull="true" />
            <processItemId>2025.24b49c31-b2a5-4a34-a061-7c15a622bd69</processItemId>
            <processId>1.34fd1e2b-863c-4dcb-bb1a-49ce53ffab35</processId>
            <name>Extract XML Validation Results</name>
            <tWComponentName>SubProcess</tWComponentName>
            <tWComponentId>3012.be97e651-ba72-4c50-83f9-6e688516308b</tWComponentId>
            <isLogEnabled>false</isLogEnabled>
            <isTraceEnabled>false</isTraceEnabled>
            <traceCategory isNull="true" />
            <traceLevel isNull="true" />
            <traceMessage isNull="true" />
            <traceSymbolTable isNull="true" />
            <isExecutionContextTraced>false</isExecutionContextTraced>
            <saveExecutionContext>true</saveExecutionContext>
            <documentation isNull="true" />
            <isErrorHandlerEnabled>false</isErrorHandlerEnabled>
            <errorHandlerItemId isNull="true" />
            <guid>guid:12be50909032b80c:18f81ea7:11f41c537ad:-5cd2</guid>
            <versionId>0d9e9ee4-0523-4743-9fb1-6744afb05c6f</versionId>
            <layoutData x="254" y="85">
                <errorLink>
                    <controlPoints />
                    <showEndState>false</showEndState>
                    <showName>false</showName>
                </errorLink>
            </layoutData>
            <TWComponent>
                <lastModified isNull="true" />
                <lastModifiedBy isNull="true" />
                <subProcessId>3012.be97e651-ba72-4c50-83f9-6e688516308b</subProcessId>
                <attachedProcessRef>/1.10bc573c-8696-4342-b22b-73f01ecacaf6</attachedProcessRef>
                <guid>guid:12be50909032b80c:18f81ea7:11f41c537ad:-5cd1</guid>
                <versionId>6ff8d46c-889d-430c-a45f-15d9bb79bf69</versionId>
                <parameterMapping name="errorMessage">
                    <lastModified isNull="true" />
                    <lastModifiedBy isNull="true" />
                    <parameterMappingId>2054.a6690ef5-b9bb-4c24-8620-9d6e8d63b051</parameterMappingId>
                    <processParameterId>2055.5bf2c6e3-3908-4ae5-a55c-cb682e990c47</processParameterId>
                    <parameterMappingParentId>3012.be97e651-ba72-4c50-83f9-6e688516308b</parameterMappingParentId>
                    <useDefault>false</useDefault>
                    <value>tw.local.errorMessage</value>
                    <classRef>/12.db884a3c-c533-44b7-bb2d-47bec8ad4022</classRef>
                    <isList>false</isList>
                    <isInput>false</isInput>
                    <guid>guid:12be50909032b80c:18f81ea7:11f41c537ad:-5c5c</guid>
                    <versionId>5a4698fc-a817-4a73-8a28-60052bc669d7</versionId>
                    <description isNull="true" />
                </parameterMapping>
                <parameterMapping name="results">
                    <lastModified isNull="true" />
                    <lastModifiedBy isNull="true" />
                    <parameterMappingId>2054.d4aeb7f6-c55f-47ee-b25f-6cd9efa733c2</parameterMappingId>
                    <processParameterId>2055.70bf4cef-a511-41ae-b6ad-2142118c11c8</processParameterId>
                    <parameterMappingParentId>3012.be97e651-ba72-4c50-83f9-6e688516308b</parameterMappingParentId>
                    <useDefault>false</useDefault>
                    <value>tw.local.results</value>
                    <classRef>/12.90c5b1d3-3fa1-4b3b-ab27-220b0652dc55</classRef>
                    <isList>false</isList>
                    <isInput>true</isInput>
                    <guid>guid:12be50909032b80c:18f81ea7:11f41c537ad:-5c61</guid>
                    <versionId>b1cf8abc-bba3-4e13-b8e2-a09f9e94f6d7</versionId>
                    <description isNull="true" />
                </parameterMapping>
                <parameterMapping name="isValid">
                    <lastModified isNull="true" />
                    <lastModifiedBy isNull="true" />
                    <parameterMappingId>2054.4a43ab0d-85d5-4a27-a6e4-c98742c84d08</parameterMappingId>
                    <processParameterId>2055.a4f8e847-12e0-468f-a18d-0a80cabc7f8a</processParameterId>
                    <parameterMappingParentId>3012.be97e651-ba72-4c50-83f9-6e688516308b</parameterMappingParentId>
                    <useDefault>false</useDefault>
                    <value>tw.local.isValid</value>
                    <classRef>/12.83ff975e-8dbc-42e5-b738-fa8bc08274a2</classRef>
                    <isList>false</isList>
                    <isInput>false</isInput>
                    <guid>guid:12be50909032b80c:18f81ea7:11f41c537ad:-5c5d</guid>
                    <versionId>fe9ade83-6be8-4fdd-9107-5181f41512e5</versionId>
                    <description isNull="true" />
                </parameterMapping>
            </TWComponent>
        </item>
        <item>
            <lastModified isNull="true" />
            <lastModifiedBy isNull="true" />
            <processItemId>2025.9d94668f-4da2-43d0-9b58-f5eb2d0f350c</processItemId>
            <processId>1.34fd1e2b-863c-4dcb-bb1a-49ce53ffab35</processId>
            <name>Validate XML</name>
            <tWComponentName>JavaConnector</tWComponentName>
            <tWComponentId>3022.8be118bd-b014-4718-9341-efb966b12efa</tWComponentId>
            <isLogEnabled>false</isLogEnabled>
            <isTraceEnabled>false</isTraceEnabled>
            <traceCategory isNull="true" />
            <traceLevel isNull="true" />
            <traceMessage isNull="true" />
            <traceSymbolTable isNull="true" />
            <isExecutionContextTraced>false</isExecutionContextTraced>
            <saveExecutionContext>false</saveExecutionContext>
            <documentation isNull="true" />
            <isErrorHandlerEnabled>false</isErrorHandlerEnabled>
            <errorHandlerItemId isNull="true" />
            <guid>guid:12be50909032b80c:18f81ea7:11f41c537ad:-5d4e</guid>
            <versionId>ab6e68b0-b9bd-418f-8408-5bb0cc76257f</versionId>
            <layoutData x="115" y="85">
                <errorLink>
                    <controlPoints />
                    <showEndState>false</showEndState>
                    <showName>false</showName>
                </errorLink>
            </layoutData>
            <TWComponent>
                <lastModified isNull="true" />
                <lastModifiedBy isNull="true" />
                <javaConnectorId>3022.8be118bd-b014-4718-9341-efb966b12efa</javaConnectorId>
                <definition>&lt;connector&gt;
  &lt;javaClassName&gt;teamworks.SimpleXMLValidator&lt;/javaClassName&gt;
  &lt;methodName&gt;validate&lt;/methodName&gt;
  &lt;inputRecord&gt;
    &lt;element type="java.net.URL" nativeType="java.net.URL" parameter="Parameter 0" argument="tw.local.xmlURL" description="*URL" /&gt;
  &lt;/inputRecord&gt;
  &lt;outputRecord&gt;
    &lt;element type="java.util.HashMap" nativeType="java.util.HashMap" parameter="Return Value" argument="tw.local.results" description="" /&gt;
  &lt;/outputRecord&gt;
&lt;/connector&gt;</definition>
                <guid>guid:12be50909032b80c:18f81ea7:11f41c537ad:-5d4f</guid>
                <versionId>a3d7a321-aaf4-41f5-b79b-81461a1fa4f6</versionId>
            </TWComponent>
        </item>
        <item>
            <lastModified isNull="true" />
            <lastModifiedBy isNull="true" />
            <processItemId>2025.eee65ce5-2a10-4611-b629-8033e106e8e0</processItemId>
            <processId>1.34fd1e2b-863c-4dcb-bb1a-49ce53ffab35</processId>
            <name>End</name>
            <tWComponentName>ExitPoint</tWComponentName>
            <tWComponentId>3008.d582780a-7b93-4c75-af51-fba61c2bdfde</tWComponentId>
            <isLogEnabled>false</isLogEnabled>
            <isTraceEnabled>false</isTraceEnabled>
            <traceCategory isNull="true" />
            <traceLevel isNull="true" />
            <traceMessage isNull="true" />
            <traceSymbolTable isNull="true" />
            <isExecutionContextTraced>false</isExecutionContextTraced>
            <saveExecutionContext>true</saveExecutionContext>
            <documentation isNull="true" />
            <isErrorHandlerEnabled>false</isErrorHandlerEnabled>
            <errorHandlerItemId isNull="true" />
            <guid>guid:12be50909032b80c:18f81ea7:11f41c537ad:-5d9b</guid>
            <versionId>b6f83093-0940-4c87-8dba-8654afc4b9f6</versionId>
            <layoutData x="395" y="100">
                <errorLink>
                    <controlPoints />
                    <showEndState>false</showEndState>
                    <showName>false</showName>
                </errorLink>
            </layoutData>
            <TWComponent>
                <lastModified isNull="true" />
                <lastModifiedBy isNull="true" />
                <exitPointId>3008.d582780a-7b93-4c75-af51-fba61c2bdfde</exitPointId>
                <haltProcess>false</haltProcess>
                <guid>guid:12be50909032b80c:18f81ea7:11f41c537ad:-5d9a</guid>
                <versionId>ee195b7e-3bc3-4d7a-8e19-ac742272feb4</versionId>
            </TWComponent>
        </item>
        <startingProcessItemId>2025.9d94668f-4da2-43d0-9b58-f5eb2d0f350c</startingProcessItemId>
        <errorHandlerItemId isNull="true" />
        <layoutData noConversion="true">
            <errorLink>
                <controlPoints />
                <showEndState>false</showEndState>
                <showName>false</showName>
            </errorLink>
        </layoutData>
        <startPoint>
            <layoutData x="20" y="100">
                <errorLink>
                    <controlPoints />
                    <showEndState>false</showEndState>
                    <showName>false</showName>
                </errorLink>
            </layoutData>
        </startPoint>
        <startLink>
            <fromPort locationId="rightCenter" portType="1" />
            <toPort locationId="leftCenter" portType="2" />
            <layoutData>
                <controlPoints />
                <showEndState>false</showEndState>
                <showName>false</showName>
            </layoutData>
        </startLink>
        <link name="Untitled">
            <lastModified isNull="true" />
            <lastModifiedBy isNull="true" />
            <processLinkId>2027.4b77647f-bfeb-458a-a4c6-11ed29a2aa77</processLinkId>
            <processId>1.34fd1e2b-863c-4dcb-bb1a-49ce53ffab35</processId>
            <description isNull="true" />
            <fromProcessItemId>2025.24b49c31-b2a5-4a34-a061-7c15a622bd69</fromProcessItemId>
            <endStateId>guid:12be50909032b80c:18f81ea7:11f41c537ad:-5d62</endStateId>
            <toProcessItemId>2025.eee65ce5-2a10-4611-b629-8033e106e8e0</toProcessItemId>
            <guid>guid:12be50909032b80c:18f81ea7:11f41c537ad:-5c6b</guid>
            <versionId>756a1259-df3b-4afb-895f-697bffcc2dd5</versionId>
            <layoutData>
                <controlPoints />
                <showEndState>false</showEndState>
                <showName>false</showName>
            </layoutData>
            <fromItemPort locationId="rightCenter" portType="1" />
            <toItemPort locationId="leftCenter" portType="2" />
            <fromProcessItemId>2025.24b49c31-b2a5-4a34-a061-7c15a622bd69</fromProcessItemId>
            <toProcessItemId>2025.eee65ce5-2a10-4611-b629-8033e106e8e0</toProcessItemId>
        </link>
        <link name="Untitled">
            <lastModified isNull="true" />
            <lastModifiedBy isNull="true" />
            <processLinkId>2027.aea476e9-d705-4f94-9d4a-2ccdc362be3f</processLinkId>
            <processId>1.34fd1e2b-863c-4dcb-bb1a-49ce53ffab35</processId>
            <description isNull="true" />
            <fromProcessItemId>2025.9d94668f-4da2-43d0-9b58-f5eb2d0f350c</fromProcessItemId>
            <endStateId>Out</endStateId>
            <toProcessItemId>2025.24b49c31-b2a5-4a34-a061-7c15a622bd69</toProcessItemId>
            <guid>guid:12be50909032b80c:18f81ea7:11f41c537ad:-5c6c</guid>
            <versionId>c9c810ae-0e11-4ecd-a5c7-41fc7a539131</versionId>
            <layoutData>
                <controlPoints />
                <showEndState>false</showEndState>
                <showName>false</showName>
            </layoutData>
            <fromItemPort locationId="rightCenter" portType="1" />
            <toItemPort locationId="leftCenter" portType="2" />
            <fromProcessItemId>2025.9d94668f-4da2-43d0-9b58-f5eb2d0f350c</fromProcessItemId>
            <toProcessItemId>2025.24b49c31-b2a5-4a34-a061-7c15a622bd69</toProcessItemId>
        </link>
    </process>
</teamworks>

