<?xml version="1.0" encoding="UTF-8"?>
<teamworks>
    <process id="1.36841ef6-754a-43cd-8da8-73429737a99d" name="lsw Save Conditional Activity Template">
        <lastModified>1361372673512</lastModified>
        <lastModifiedBy>Internal TW Admin user</lastModifiedBy>
        <processId>1.36841ef6-754a-43cd-8da8-73429737a99d</processId>
        <image isNull="true" />
        <tabGroup isNull="true" />
        <startingProcessItemId>2025.6d51b082-47ce-454e-824d-a4e8e8602237</startingProcessItemId>
        <isRootProcess>false</isRootProcess>
        <processType>6</processType>
        <isErrorHandlerEnabled>false</isErrorHandlerEnabled>
        <errorHandlerItemId isNull="true" />
        <isLoggingVariables>false</isLoggingVariables>
        <isTransactional>false</isTransactional>
        <processTimingLevel isNull="true" />
        <participantRef isNull="true" />
        <exposedType isNull="true" />
        <isTrackingEnabled>true</isTrackingEnabled>
        <xmlData isNull="true" />
        <cachingType>false</cachingType>
        <itemLabel isNull="true" />
        <cacheLength>43200</cacheLength>
        <mobileReady>false</mobileReady>
        <sboSyncEnabled>true</sboSyncEnabled>
        <externalId isNull="true" />
        <isSecured>false</isSecured>
        <description isNull="true" />
        <guid>guid:5a54f1704f1c1577:-6b56085f:12370558356:-7f84</guid>
        <versionId>489c5f69-2508-4d6b-9164-f71fc99f13c2</versionId>
        <dependencySummary isNull="true" />
        <processParameter name="templateID">
            <lastModified isNull="true" />
            <lastModifiedBy isNull="true" />
            <processParameterId>2055.c96fa454-3b43-450b-8668-34e3263238e0</processParameterId>
            <processId>1.36841ef6-754a-43cd-8da8-73429737a99d</processId>
            <parameterType>1</parameterType>
            <isArrayOf>false</isArrayOf>
            <classId>/12.db884a3c-c533-44b7-bb2d-47bec8ad4022</classId>
            <seq>1</seq>
            <hasDefault>true</hasDefault>
            <defaultValue>""</defaultValue>
            <isLocked>false</isLocked>
            <description>The template ID (if any)</description>
            <guid>guid:5a54f1704f1c1577:-6b56085f:12370558356:-7f80</guid>
            <versionId>8c2c7f87-8f69-4131-a803-537a9fcc0cc4</versionId>
        </processParameter>
        <processParameter name="templateName">
            <lastModified isNull="true" />
            <lastModifiedBy isNull="true" />
            <processParameterId>2055.4a53e946-34d3-48f3-976d-656822584aef</processParameterId>
            <processId>1.36841ef6-754a-43cd-8da8-73429737a99d</processId>
            <parameterType>1</parameterType>
            <isArrayOf>false</isArrayOf>
            <classId>/12.db884a3c-c533-44b7-bb2d-47bec8ad4022</classId>
            <seq>2</seq>
            <hasDefault>false</hasDefault>
            <defaultValue isNull="true" />
            <isLocked>false</isLocked>
            <description>The template name</description>
            <guid>guid:5a54f1704f1c1577:-6b56085f:12370558356:-7f7f</guid>
            <versionId>4293ac69-a445-4ec2-bc28-b0da0ce4afa6</versionId>
        </processParameter>
        <processParameter name="bpdGUID">
            <lastModified isNull="true" />
            <lastModifiedBy isNull="true" />
            <processParameterId>2055.0c8b09c0-2b28-49e1-be8d-b178ded2be09</processParameterId>
            <processId>1.36841ef6-754a-43cd-8da8-73429737a99d</processId>
            <parameterType>1</parameterType>
            <isArrayOf>false</isArrayOf>
            <classId>/12.db884a3c-c533-44b7-bb2d-47bec8ad4022</classId>
            <seq>3</seq>
            <hasDefault>false</hasDefault>
            <defaultValue isNull="true" />
            <isLocked>false</isLocked>
            <description isNull="true" />
            <guid>guid:5a54f1704f1c1577:-6b56085f:12370558356:-7f7e</guid>
            <versionId>7da04944-ca95-4e4b-9416-cb0a9ff52924</versionId>
        </processParameter>
        <processParameter name="selectedConditionalActivities">
            <lastModified isNull="true" />
            <lastModifiedBy isNull="true" />
            <processParameterId>2055.01d29e81-2b95-4725-96e6-f211606652b1</processParameterId>
            <processId>1.36841ef6-754a-43cd-8da8-73429737a99d</processId>
            <parameterType>1</parameterType>
            <isArrayOf>true</isArrayOf>
            <classId>/12.db884a3c-c533-44b7-bb2d-47bec8ad4022</classId>
            <seq>4</seq>
            <hasDefault>false</hasDefault>
            <defaultValue isNull="true" />
            <isLocked>false</isLocked>
            <description>The GUIDs of the selected conditional activities to save in the template</description>
            <guid>guid:5a54f1704f1c1577:-6b56085f:12370558356:-7f7d</guid>
            <versionId>8e113324-718a-46ad-a123-c2749345e8d6</versionId>
        </processParameter>
        <processParameter name="templateID">
            <lastModified isNull="true" />
            <lastModifiedBy isNull="true" />
            <processParameterId>2055.65430e7d-2164-4c1d-bc82-6f62f25ce6ab</processParameterId>
            <processId>1.36841ef6-754a-43cd-8da8-73429737a99d</processId>
            <parameterType>2</parameterType>
            <isArrayOf>false</isArrayOf>
            <classId>/12.db884a3c-c533-44b7-bb2d-47bec8ad4022</classId>
            <seq>5</seq>
            <hasDefault>false</hasDefault>
            <defaultValue isNull="true" />
            <isLocked>false</isLocked>
            <description>The (new) template ID</description>
            <guid>guid:5a54f1704f1c1577:-6b56085f:12370558356:-7f7c</guid>
            <versionId>02a1cbae-d6c8-45cc-ad07-9a70048537d3</versionId>
        </processParameter>
        <processVariable name="deleteDataSQL">
            <lastModified isNull="true" />
            <lastModifiedBy isNull="true" />
            <processVariableId>2056.b9f91d6a-6d4f-4166-b8de-dfb2e7c42b21</processVariableId>
            <description isNull="true" />
            <processId>1.36841ef6-754a-43cd-8da8-73429737a99d</processId>
            <namespace>2</namespace>
            <seq>1</seq>
            <isArrayOf>false</isArrayOf>
            <classId>/12.db884a3c-c533-44b7-bb2d-47bec8ad4022</classId>
            <hasDefault>false</hasDefault>
            <defaultValue isNull="true" />
            <guid>guid:5a54f1704f1c1577:-6b56085f:12370558356:-7f7b</guid>
            <versionId>a9d1571d-ca13-4fb4-ba2e-0c3c28994e90</versionId>
        </processVariable>
        <processVariable name="insertDataSQL">
            <lastModified isNull="true" />
            <lastModifiedBy isNull="true" />
            <processVariableId>2056.5d139235-5cb1-4b95-8a6c-f270a71514a3</processVariableId>
            <description isNull="true" />
            <processId>1.36841ef6-754a-43cd-8da8-73429737a99d</processId>
            <namespace>2</namespace>
            <seq>2</seq>
            <isArrayOf>false</isArrayOf>
            <classId>/12.db884a3c-c533-44b7-bb2d-47bec8ad4022</classId>
            <hasDefault>false</hasDefault>
            <defaultValue isNull="true" />
            <guid>guid:5a54f1704f1c1577:-6b56085f:12370558356:-7f7a</guid>
            <versionId>8ef0f270-a92e-4033-84df-a1fd27553690</versionId>
        </processVariable>
        <processVariable name="sqlStatements">
            <lastModified isNull="true" />
            <lastModifiedBy isNull="true" />
            <processVariableId>2056.2fa0fdf4-2dcb-470a-8209-57eecfbc65b6</processVariableId>
            <description isNull="true" />
            <processId>1.36841ef6-754a-43cd-8da8-73429737a99d</processId>
            <namespace>2</namespace>
            <seq>3</seq>
            <isArrayOf>true</isArrayOf>
            <classId>/12.3990d8b4-983d-4250-bd06-3600f527fed0</classId>
            <hasDefault>false</hasDefault>
            <defaultValue isNull="true" />
            <guid>guid:5a54f1704f1c1577:-6b56085f:12370558356:-7f79</guid>
            <versionId>f55c6854-928d-464c-8233-23496f88924b</versionId>
        </processVariable>
        <processVariable name="templateSQLStatement">
            <lastModified isNull="true" />
            <lastModifiedBy isNull="true" />
            <processVariableId>2056.1bf8a200-46b6-4727-9a85-23701115c370</processVariableId>
            <description isNull="true" />
            <processId>1.36841ef6-754a-43cd-8da8-73429737a99d</processId>
            <namespace>2</namespace>
            <seq>4</seq>
            <isArrayOf>false</isArrayOf>
            <classId>/12.3990d8b4-983d-4250-bd06-3600f527fed0</classId>
            <hasDefault>false</hasDefault>
            <defaultValue isNull="true" />
            <guid>guid:5a54f1704f1c1577:-6b56085f:12370558356:-7f78</guid>
            <versionId>95352d1c-5979-443a-acaa-77439f99878e</versionId>
        </processVariable>
        <item>
            <lastModified isNull="true" />
            <lastModifiedBy isNull="true" />
            <processItemId>2025.962ebf38-b9d0-4221-8a52-88eaf2cf9d47</processItemId>
            <processId>1.36841ef6-754a-43cd-8da8-73429737a99d</processId>
            <name>End</name>
            <tWComponentName>ExitPoint</tWComponentName>
            <tWComponentId>3008.0f95ea4f-1e9c-454c-8fee-43d542ffdcd6</tWComponentId>
            <isLogEnabled>false</isLogEnabled>
            <isTraceEnabled>false</isTraceEnabled>
            <traceCategory isNull="true" />
            <traceLevel isNull="true" />
            <traceMessage isNull="true" />
            <traceSymbolTable isNull="true" />
            <isExecutionContextTraced>false</isExecutionContextTraced>
            <saveExecutionContext>true</saveExecutionContext>
            <documentation isNull="true" />
            <isErrorHandlerEnabled>false</isErrorHandlerEnabled>
            <errorHandlerItemId isNull="true" />
            <guid>guid:5a54f1704f1c1577:-6b56085f:12370558356:-7f82</guid>
            <versionId>17436d07-ee3d-4127-905a-24e652c8bcf2</versionId>
            <layoutData x="836" y="97">
                <errorLink>
                    <controlPoints />
                    <showEndState>false</showEndState>
                    <showName>false</showName>
                </errorLink>
            </layoutData>
            <TWComponent>
                <lastModified isNull="true" />
                <lastModifiedBy isNull="true" />
                <exitPointId>3008.0f95ea4f-1e9c-454c-8fee-43d542ffdcd6</exitPointId>
                <haltProcess>false</haltProcess>
                <guid>guid:5a54f1704f1c1577:-6b56085f:12370558356:-7f81</guid>
                <versionId>46371023-a107-4e22-a865-fb52d876a06c</versionId>
            </TWComponent>
        </item>
        <item>
            <lastModified isNull="true" />
            <lastModifiedBy isNull="true" />
            <processItemId>2025.74c29860-2f3b-4261-a6d1-24bef96f9bd1</processItemId>
            <processId>1.36841ef6-754a-43cd-8da8-73429737a99d</processId>
            <name>Create Insert Template Statement</name>
            <tWComponentName>SubProcess</tWComponentName>
            <tWComponentId>3012.623e1244-1e51-4148-92ab-25ff6fd5d06a</tWComponentId>
            <isLogEnabled>false</isLogEnabled>
            <isTraceEnabled>false</isTraceEnabled>
            <traceCategory isNull="true" />
            <traceLevel isNull="true" />
            <traceMessage isNull="true" />
            <traceSymbolTable isNull="true" />
            <isExecutionContextTraced>false</isExecutionContextTraced>
            <saveExecutionContext>false</saveExecutionContext>
            <documentation isNull="true" />
            <isErrorHandlerEnabled>false</isErrorHandlerEnabled>
            <errorHandlerItemId isNull="true" />
            <guid>guid:5a54f1704f1c1577:-6b56085f:12370558356:-7f72</guid>
            <versionId>30991fb5-64c1-406b-ad19-8155b609c359</versionId>
            <layoutData x="212" y="31">
                <errorLink>
                    <controlPoints />
                    <showEndState>false</showEndState>
                    <showName>false</showName>
                </errorLink>
            </layoutData>
            <TWComponent>
                <lastModified isNull="true" />
                <lastModifiedBy isNull="true" />
                <subProcessId>3012.623e1244-1e51-4148-92ab-25ff6fd5d06a</subProcessId>
                <attachedProcessRef>/1.170cc716-b74b-4dcf-a730-bada14eb1ad9</attachedProcessRef>
                <guid>guid:5a54f1704f1c1577:-6b56085f:12370558356:-7f71</guid>
                <versionId>7d5d9fc8-e6e9-4fbb-85be-210d9e9cf93d</versionId>
                <parameterMapping name="sqlStatement">
                    <lastModified isNull="true" />
                    <lastModifiedBy isNull="true" />
                    <parameterMappingId>2054.18245370-2fdf-41b4-ad80-143be9afbfd6</parameterMappingId>
                    <processParameterId>2055.717626df-42d4-477a-939d-97197208249e</processParameterId>
                    <parameterMappingParentId>3012.623e1244-1e51-4148-92ab-25ff6fd5d06a</parameterMappingParentId>
                    <useDefault>false</useDefault>
                    <value>tw.local.templateSQLStatement</value>
                    <classRef>/12.3990d8b4-983d-4250-bd06-3600f527fed0</classRef>
                    <isList>false</isList>
                    <isInput>false</isInput>
                    <guid>guid:5a54f1704f1c1577:-6b56085f:12370558356:-7f6b</guid>
                    <versionId>414780b5-b222-4674-8b88-88d4a7df4b3d</versionId>
                    <description isNull="true" />
                </parameterMapping>
                <parameterMapping name="bpdGUID">
                    <lastModified isNull="true" />
                    <lastModifiedBy isNull="true" />
                    <parameterMappingId>2054.88ecc62b-fd3f-40c4-9957-c5288abcd7ea</parameterMappingId>
                    <processParameterId>2055.a6c57ccc-e4ed-47aa-ae5f-6db3e10ab950</processParameterId>
                    <parameterMappingParentId>3012.623e1244-1e51-4148-92ab-25ff6fd5d06a</parameterMappingParentId>
                    <useDefault>false</useDefault>
                    <value>tw.local.bpdGUID</value>
                    <classRef>/12.db884a3c-c533-44b7-bb2d-47bec8ad4022</classRef>
                    <isList>false</isList>
                    <isInput>true</isInput>
                    <guid>guid:5a54f1704f1c1577:-6b56085f:12370558356:-7f6c</guid>
                    <versionId>59a7b76d-4d95-4362-baff-2ce9ed26c54c</versionId>
                    <description isNull="true" />
                </parameterMapping>
                <parameterMapping name="templateName">
                    <lastModified isNull="true" />
                    <lastModifiedBy isNull="true" />
                    <parameterMappingId>2054.831086fc-b3aa-411b-9873-c9e0726f8cec</parameterMappingId>
                    <processParameterId>2055.cadb13bb-31a3-447c-b63c-61b46be648ca</processParameterId>
                    <parameterMappingParentId>3012.623e1244-1e51-4148-92ab-25ff6fd5d06a</parameterMappingParentId>
                    <useDefault>false</useDefault>
                    <value>tw.local.templateName</value>
                    <classRef>/12.db884a3c-c533-44b7-bb2d-47bec8ad4022</classRef>
                    <isList>false</isList>
                    <isInput>true</isInput>
                    <guid>guid:5a54f1704f1c1577:-6b56085f:12370558356:-7f6d</guid>
                    <versionId>d2d45cb5-5d78-40f4-b0b0-dc5cd10b030c</versionId>
                    <description isNull="true" />
                </parameterMapping>
                <parameterMapping name="templateID">
                    <lastModified isNull="true" />
                    <lastModifiedBy isNull="true" />
                    <parameterMappingId>2054.3ec00fc7-7c45-419a-9c10-9fdcac01b1d7</parameterMappingId>
                    <processParameterId>2055.cba59e9a-2538-4fe0-9573-c08f01239e60</processParameterId>
                    <parameterMappingParentId>3012.623e1244-1e51-4148-92ab-25ff6fd5d06a</parameterMappingParentId>
                    <useDefault>false</useDefault>
                    <value>tw.local.templateID</value>
                    <classRef>/12.db884a3c-c533-44b7-bb2d-47bec8ad4022</classRef>
                    <isList>false</isList>
                    <isInput>false</isInput>
                    <guid>guid:5a54f1704f1c1577:-6b56085f:12370558356:-7f6a</guid>
                    <versionId>dc6ecc4d-f154-4b56-a6fd-b83dad4cbd27</versionId>
                    <description isNull="true" />
                </parameterMapping>
            </TWComponent>
        </item>
        <item>
            <lastModified isNull="true" />
            <lastModifiedBy isNull="true" />
            <processItemId>2025.563e889b-5ff9-4f95-a9de-1dde9c868d25</processItemId>
            <processId>1.36841ef6-754a-43cd-8da8-73429737a99d</processId>
            <name>Create Statements</name>
            <tWComponentName>Script</tWComponentName>
            <tWComponentId>3011.8ee11561-393d-46b4-a9da-ed3f24baaeff</tWComponentId>
            <isLogEnabled>false</isLogEnabled>
            <isTraceEnabled>false</isTraceEnabled>
            <traceCategory isNull="true" />
            <traceLevel isNull="true" />
            <traceMessage isNull="true" />
            <traceSymbolTable isNull="true" />
            <isExecutionContextTraced>false</isExecutionContextTraced>
            <saveExecutionContext>false</saveExecutionContext>
            <documentation isNull="true" />
            <isErrorHandlerEnabled>false</isErrorHandlerEnabled>
            <errorHandlerItemId isNull="true" />
            <guid>guid:5a54f1704f1c1577:-6b56085f:12370558356:-7f57</guid>
            <versionId>36251b0c-ed6c-4b0e-8b24-845d3cb3f34b</versionId>
            <layoutData x="603" y="88">
                <errorLink>
                    <controlPoints />
                    <showEndState>false</showEndState>
                    <showName>false</showName>
                </errorLink>
            </layoutData>
            <TWComponent>
                <lastModified isNull="true" />
                <lastModifiedBy isNull="true" />
                <scriptId>3011.8ee11561-393d-46b4-a9da-ed3f24baaeff</scriptId>
                <scriptTypeId>2</scriptTypeId>
                <isActive>true</isActive>
                <script>tw.local.sqlStatements = new tw.object.listOf.SQLStatement();

tw.local.sqlStatements[tw.local.sqlStatements.listLength] = tw.local.templateSQLStatement;

var deleteStatement = newSQLStatement(tw.local.deleteDataSQL);
addSQLParameter(deleteStatement, tw.local.templateID);
tw.local.sqlStatements[tw.local.sqlStatements.listLength] = deleteStatement;

for(var i = 0; i &lt; tw.local.selectedConditionalActivities.listLength; i++) {
  var insertStatement = newSQLStatement(tw.local.insertDataSQL);
  addSQLParameter(insertStatement, tw.local.templateID);
  addSQLParameter(insertStatement, tw.local.selectedConditionalActivities[i]);
  tw.local.sqlStatements[tw.local.sqlStatements.listLength] = insertStatement;
}

</script>
                <isRule>false</isRule>
                <guid>guid:5a54f1704f1c1577:-6b56085f:12370558356:-7f58</guid>
                <versionId>7dc1da9e-ead5-488b-a28f-bf177e10ee40</versionId>
            </TWComponent>
        </item>
        <item>
            <lastModified isNull="true" />
            <lastModifiedBy isNull="true" />
            <processItemId>2025.04c70799-93b0-4e63-a0cb-5a23179e8533</processItemId>
            <processId>1.36841ef6-754a-43cd-8da8-73429737a99d</processId>
            <name>Build Delete Data SQL</name>
            <tWComponentName>Script</tWComponentName>
            <tWComponentId>3011.9b71898f-3bc9-42d6-bee4-ec6fa749797f</tWComponentId>
            <isLogEnabled>false</isLogEnabled>
            <isTraceEnabled>false</isTraceEnabled>
            <traceCategory isNull="true" />
            <traceLevel isNull="true" />
            <traceMessage isNull="true" />
            <traceSymbolTable isNull="true" />
            <isExecutionContextTraced>false</isExecutionContextTraced>
            <saveExecutionContext>false</saveExecutionContext>
            <documentation isNull="true" />
            <isErrorHandlerEnabled>false</isErrorHandlerEnabled>
            <errorHandlerItemId isNull="true" />
            <guid>guid:5a54f1704f1c1577:-6b56085f:12370558356:-7f5f</guid>
            <versionId>3ed14a45-d1e1-4b8d-b5d4-f28576db0525</versionId>
            <layoutData x="351" y="88">
                <errorLink>
                    <controlPoints />
                    <showEndState>false</showEndState>
                    <showName>false</showName>
                </errorLink>
            </layoutData>
            <TWComponent>
                <lastModified isNull="true" />
                <lastModifiedBy isNull="true" />
                <scriptId>3011.9b71898f-3bc9-42d6-bee4-ec6fa749797f</scriptId>
                <scriptTypeId>128</scriptTypeId>
                <isActive>true</isActive>
                <script>tw.local.deleteDataSQL
DELETE FROM lsw_ca_template_data 
WHERE id = ?</script>
                <isRule>false</isRule>
                <guid>guid:5a54f1704f1c1577:-6b56085f:12370558356:-7f60</guid>
                <versionId>b3ba4a6a-9956-47ea-b1fc-57ecfbe7649c</versionId>
            </TWComponent>
        </item>
        <item>
            <lastModified isNull="true" />
            <lastModifiedBy isNull="true" />
            <processItemId>2025.15ab708e-8590-4f46-a297-4c7750ab7e6b</processItemId>
            <processId>1.36841ef6-754a-43cd-8da8-73429737a99d</processId>
            <name>Create Update Template Statement</name>
            <tWComponentName>SubProcess</tWComponentName>
            <tWComponentId>3012.13d614d9-90d9-4077-bd97-c774c36042fb</tWComponentId>
            <isLogEnabled>false</isLogEnabled>
            <isTraceEnabled>false</isTraceEnabled>
            <traceCategory isNull="true" />
            <traceLevel isNull="true" />
            <traceMessage isNull="true" />
            <traceSymbolTable isNull="true" />
            <isExecutionContextTraced>false</isExecutionContextTraced>
            <saveExecutionContext>false</saveExecutionContext>
            <documentation isNull="true" />
            <isErrorHandlerEnabled>false</isErrorHandlerEnabled>
            <errorHandlerItemId isNull="true" />
            <guid>guid:5a54f1704f1c1577:-6b56085f:12370558356:-7f6f</guid>
            <versionId>3ff70143-d4da-41cb-9c4f-ad50e60f34fe</versionId>
            <layoutData x="215" y="135">
                <errorLink>
                    <controlPoints />
                    <showEndState>false</showEndState>
                    <showName>false</showName>
                </errorLink>
            </layoutData>
            <TWComponent>
                <lastModified isNull="true" />
                <lastModifiedBy isNull="true" />
                <subProcessId>3012.13d614d9-90d9-4077-bd97-c774c36042fb</subProcessId>
                <attachedProcessRef>/1.5a9202c7-6f7b-440a-8d6c-f9fd24ed3b92</attachedProcessRef>
                <guid>guid:5a54f1704f1c1577:-6b56085f:12370558356:-7f6e</guid>
                <versionId>50ade354-19a7-4e8e-80dd-4966f362318e</versionId>
                <parameterMapping name="templateName">
                    <lastModified isNull="true" />
                    <lastModifiedBy isNull="true" />
                    <parameterMappingId>2054.c48eb0ff-739d-4f1f-b5f3-62b2d2df6a08</parameterMappingId>
                    <processParameterId>2055.11fe473c-e696-4529-a40d-8005b490f40d</processParameterId>
                    <parameterMappingParentId>3012.13d614d9-90d9-4077-bd97-c774c36042fb</parameterMappingParentId>
                    <useDefault>false</useDefault>
                    <value>tw.local.templateName</value>
                    <classRef>/12.db884a3c-c533-44b7-bb2d-47bec8ad4022</classRef>
                    <isList>false</isList>
                    <isInput>true</isInput>
                    <guid>guid:5a54f1704f1c1577:-6b56085f:12370558356:-7f64</guid>
                    <versionId>3468aed4-07ad-461a-bfa1-d4d835fd2c06</versionId>
                    <description isNull="true" />
                </parameterMapping>
                <parameterMapping name="templateID">
                    <lastModified isNull="true" />
                    <lastModifiedBy isNull="true" />
                    <parameterMappingId>2054.c4fbfe0b-933b-46aa-92dd-2616f1a951a4</parameterMappingId>
                    <processParameterId>2055.ac6f4f39-a36c-42d9-a7bc-34997ba5b559</processParameterId>
                    <parameterMappingParentId>3012.13d614d9-90d9-4077-bd97-c774c36042fb</parameterMappingParentId>
                    <useDefault>false</useDefault>
                    <value>tw.local.templateID</value>
                    <classRef>/12.db884a3c-c533-44b7-bb2d-47bec8ad4022</classRef>
                    <isList>false</isList>
                    <isInput>true</isInput>
                    <guid>guid:5a54f1704f1c1577:-6b56085f:12370558356:-7f65</guid>
                    <versionId>3a5686b3-eb35-465d-8947-182f4ea7d9ec</versionId>
                    <description isNull="true" />
                </parameterMapping>
                <parameterMapping name="sqlStatement">
                    <lastModified isNull="true" />
                    <lastModifiedBy isNull="true" />
                    <parameterMappingId>2054.f3438d9c-d6b5-46e6-951a-543035bd93ea</parameterMappingId>
                    <processParameterId>2055.e46fc0e7-7fad-46b2-95cd-e7d4dc4a0786</processParameterId>
                    <parameterMappingParentId>3012.13d614d9-90d9-4077-bd97-c774c36042fb</parameterMappingParentId>
                    <useDefault>false</useDefault>
                    <value>tw.local.templateSQLStatement</value>
                    <classRef>/12.3990d8b4-983d-4250-bd06-3600f527fed0</classRef>
                    <isList>false</isList>
                    <isInput>false</isInput>
                    <guid>guid:5a54f1704f1c1577:-6b56085f:12370558356:-7f63</guid>
                    <versionId>c98737e6-10f9-4efa-b3c5-8d2aea9ae7c7</versionId>
                    <description isNull="true" />
                </parameterMapping>
            </TWComponent>
        </item>
        <item>
            <lastModified isNull="true" />
            <lastModifiedBy isNull="true" />
            <processItemId>2025.238f2526-b1e7-4199-b333-5cb6845cffc3</processItemId>
            <processId>1.36841ef6-754a-43cd-8da8-73429737a99d</processId>
            <name>Build Insert Data SQL</name>
            <tWComponentName>Script</tWComponentName>
            <tWComponentId>3011.b3171dd0-1951-406a-8b10-3b273486cde7</tWComponentId>
            <isLogEnabled>false</isLogEnabled>
            <isTraceEnabled>false</isTraceEnabled>
            <traceCategory isNull="true" />
            <traceLevel isNull="true" />
            <traceMessage isNull="true" />
            <traceSymbolTable isNull="true" />
            <isExecutionContextTraced>false</isExecutionContextTraced>
            <saveExecutionContext>false</saveExecutionContext>
            <documentation isNull="true" />
            <isErrorHandlerEnabled>false</isErrorHandlerEnabled>
            <errorHandlerItemId isNull="true" />
            <guid>guid:5a54f1704f1c1577:-6b56085f:12370558356:-7f5b</guid>
            <versionId>b1c69236-8a55-4b5f-b158-d04664c7346c</versionId>
            <layoutData x="475" y="89">
                <errorLink>
                    <controlPoints />
                    <showEndState>false</showEndState>
                    <showName>false</showName>
                </errorLink>
            </layoutData>
            <TWComponent>
                <lastModified isNull="true" />
                <lastModifiedBy isNull="true" />
                <scriptId>3011.b3171dd0-1951-406a-8b10-3b273486cde7</scriptId>
                <scriptTypeId>128</scriptTypeId>
                <isActive>true</isActive>
                <script>tw.local.insertDataSQL
INSERT INTO lsw_ca_template_data (id, ca_guid) VALUES (?, ?)</script>
                <isRule>false</isRule>
                <guid>guid:5a54f1704f1c1577:-6b56085f:12370558356:-7f5c</guid>
                <versionId>50ed8902-edfd-4a68-9915-d38796646248</versionId>
            </TWComponent>
        </item>
        <item>
            <lastModified isNull="true" />
            <lastModifiedBy isNull="true" />
            <processItemId>2025.a5cab10c-f46b-4b4a-83f4-00006d331d19</processItemId>
            <processId>1.36841ef6-754a-43cd-8da8-73429737a99d</processId>
            <name>Execute Statements</name>
            <tWComponentName>SubProcess</tWComponentName>
            <tWComponentId>3012.785930e8-bf2d-4996-a6b0-8f3e14e62bb1</tWComponentId>
            <isLogEnabled>false</isLogEnabled>
            <isTraceEnabled>false</isTraceEnabled>
            <traceCategory isNull="true" />
            <traceLevel isNull="true" />
            <traceMessage isNull="true" />
            <traceSymbolTable isNull="true" />
            <isExecutionContextTraced>false</isExecutionContextTraced>
            <saveExecutionContext>false</saveExecutionContext>
            <documentation isNull="true" />
            <isErrorHandlerEnabled>false</isErrorHandlerEnabled>
            <errorHandlerItemId isNull="true" />
            <guid>guid:5a54f1704f1c1577:-6b56085f:12370558356:-7f55</guid>
            <versionId>b9f6c618-cd97-48f9-98ae-f69700b089c4</versionId>
            <layoutData x="729" y="87">
                <errorLink>
                    <controlPoints />
                    <showEndState>false</showEndState>
                    <showName>false</showName>
                </errorLink>
            </layoutData>
            <TWComponent>
                <lastModified isNull="true" />
                <lastModifiedBy isNull="true" />
                <subProcessId>3012.785930e8-bf2d-4996-a6b0-8f3e14e62bb1</subProcessId>
                <attachedProcessRef>/1.89ee1e72-5c6b-44ed-9e55-158a6cb613af</attachedProcessRef>
                <guid>guid:5a54f1704f1c1577:-6b56085f:12370558356:-7f54</guid>
                <versionId>0ed34a20-1a5d-4aea-9ee1-a7dc453fca8a</versionId>
                <parameterMapping name="sqlStatements">
                    <lastModified isNull="true" />
                    <lastModifiedBy isNull="true" />
                    <parameterMappingId>2054.f4aa2c6f-7232-43d5-a441-1bff81e80257</parameterMappingId>
                    <processParameterId>2055.c023a0b3-e6e5-47a6-a920-04d6b2f8dc26</processParameterId>
                    <parameterMappingParentId>3012.785930e8-bf2d-4996-a6b0-8f3e14e62bb1</parameterMappingParentId>
                    <useDefault>false</useDefault>
                    <value>tw.local.sqlStatements</value>
                    <classRef>/12.3990d8b4-983d-4250-bd06-3600f527fed0</classRef>
                    <isList>true</isList>
                    <isInput>true</isInput>
                    <guid>guid:5a54f1704f1c1577:-6b56085f:12370558356:-7f53</guid>
                    <versionId>881c0327-8b9a-4941-8264-ee2d681fe843</versionId>
                    <description isNull="true" />
                </parameterMapping>
                <parameterMapping name="returnType">
                    <lastModified isNull="true" />
                    <lastModifiedBy isNull="true" />
                    <parameterMappingId>2054.c8837eb7-e07e-4e0f-965f-5f45ff03ce49</parameterMappingId>
                    <processParameterId>2055.628ceac6-aa42-426b-97c7-540674f12f38</processParameterId>
                    <parameterMappingParentId>3012.785930e8-bf2d-4996-a6b0-8f3e14e62bb1</parameterMappingParentId>
                    <useDefault>false</useDefault>
                    <value>"SQLResult"</value>
                    <classRef>/12.db884a3c-c533-44b7-bb2d-47bec8ad4022</classRef>
                    <isList>false</isList>
                    <isInput>true</isInput>
                    <guid>guid:6adc1a108643720c:2b0b0584:12a1a840f89:-7ffc</guid>
                    <versionId>a1ba3a5d-e3ac-4098-b17a-572f34bacff3</versionId>
                    <description isNull="true" />
                </parameterMapping>
            </TWComponent>
        </item>
        <item>
            <lastModified isNull="true" />
            <lastModifiedBy isNull="true" />
            <processItemId>2025.6d51b082-47ce-454e-824d-a4e8e8602237</processItemId>
            <processId>1.36841ef6-754a-43cd-8da8-73429737a99d</processId>
            <name>Insert or Update?</name>
            <tWComponentName>Switch</tWComponentName>
            <tWComponentId>3013.b489c98e-66fb-4edd-9bf5-6956031e316e</tWComponentId>
            <isLogEnabled>false</isLogEnabled>
            <isTraceEnabled>false</isTraceEnabled>
            <traceCategory isNull="true" />
            <traceLevel isNull="true" />
            <traceMessage isNull="true" />
            <traceSymbolTable isNull="true" />
            <isExecutionContextTraced>false</isExecutionContextTraced>
            <saveExecutionContext>false</saveExecutionContext>
            <documentation isNull="true" />
            <isErrorHandlerEnabled>false</isErrorHandlerEnabled>
            <errorHandlerItemId isNull="true" />
            <guid>guid:5a54f1704f1c1577:-6b56085f:12370558356:-7f74</guid>
            <versionId>f5e21c06-d534-4e4b-92b2-302e0b78813c</versionId>
            <layoutData x="104" y="92">
                <errorLink>
                    <controlPoints />
                    <showEndState>false</showEndState>
                    <showName>false</showName>
                </errorLink>
            </layoutData>
            <TWComponent>
                <lastModified isNull="true" />
                <lastModifiedBy isNull="true" />
                <switchId>3013.b489c98e-66fb-4edd-9bf5-6956031e316e</switchId>
                <guid>guid:5a54f1704f1c1577:-6b56085f:12370558356:-7f75</guid>
                <versionId>896f5e7f-895e-4feb-bc0a-594d6e3abe92</versionId>
                <SwitchCondition>
                    <lastModified isNull="true" />
                    <lastModifiedBy isNull="true" />
                    <switchConditionId>3014.53918247-886f-489a-a7cc-a9a98f5f1156</switchConditionId>
                    <switchId>3013.b489c98e-66fb-4edd-9bf5-6956031e316e</switchId>
                    <seq>1</seq>
                    <endStateId>guid:5a54f1704f1c1577:-6b56085f:12370558356:-7f67</endStateId>
                    <condition>tw.local.templateID != null &amp;&amp; tw.local.templateID.length &gt; 0</condition>
                    <guid>guid:5a54f1704f1c1577:-6b56085f:12370558356:-7f68</guid>
                    <versionId>c039a0bd-3960-48a9-bfcb-217c90bfd71b</versionId>
                </SwitchCondition>
            </TWComponent>
        </item>
        <startingProcessItemId>2025.6d51b082-47ce-454e-824d-a4e8e8602237</startingProcessItemId>
        <errorHandlerItemId isNull="true" />
        <layoutData noConversion="true">
            <errorLink>
                <controlPoints />
                <showEndState>false</showEndState>
                <showName>false</showName>
            </errorLink>
        </layoutData>
        <startPoint>
            <layoutData x="20" y="100">
                <errorLink>
                    <controlPoints />
                    <showEndState>false</showEndState>
                    <showName>false</showName>
                </errorLink>
            </layoutData>
        </startPoint>
        <startLink>
            <fromPort locationId="rightCenter" portType="1" />
            <toPort locationId="leftCenter" portType="2" />
            <layoutData>
                <controlPoints />
                <showEndState>false</showEndState>
                <showName>false</showName>
            </layoutData>
        </startLink>
        <link name="Untitled">
            <lastModified isNull="true" />
            <lastModifiedBy isNull="true" />
            <processLinkId>2027.0e2f0a98-a1d0-46cf-8424-490cfaa263ee</processLinkId>
            <processId>1.36841ef6-754a-43cd-8da8-73429737a99d</processId>
            <description isNull="true" />
            <fromProcessItemId>2025.15ab708e-8590-4f46-a297-4c7750ab7e6b</fromProcessItemId>
            <endStateId>guid:5a54f1704f1c1577:-6b56085f:12370558356:-7fd3</endStateId>
            <toProcessItemId>2025.04c70799-93b0-4e63-a0cb-5a23179e8533</toProcessItemId>
            <guid>guid:5a54f1704f1c1577:-6b56085f:12370558356:-7f51</guid>
            <versionId>0469d802-3644-4202-b260-5112b16f11ce</versionId>
            <layoutData>
                <controlPoints />
                <showEndState>false</showEndState>
                <showName>false</showName>
            </layoutData>
            <fromItemPort locationId="rightCenter" portType="1" />
            <toItemPort locationId="leftCenter" portType="2" />
            <fromProcessItemId>2025.15ab708e-8590-4f46-a297-4c7750ab7e6b</fromProcessItemId>
            <toProcessItemId>2025.04c70799-93b0-4e63-a0cb-5a23179e8533</toProcessItemId>
        </link>
        <link name="Untitled">
            <lastModified isNull="true" />
            <lastModifiedBy isNull="true" />
            <processLinkId>2027.8336f885-20f5-4544-a7cd-f444eceb0519</processLinkId>
            <processId>1.36841ef6-754a-43cd-8da8-73429737a99d</processId>
            <description isNull="true" />
            <fromProcessItemId>2025.74c29860-2f3b-4261-a6d1-24bef96f9bd1</fromProcessItemId>
            <endStateId>guid:5a54f1704f1c1577:-6b56085f:12370558356:-7fec</endStateId>
            <toProcessItemId>2025.04c70799-93b0-4e63-a0cb-5a23179e8533</toProcessItemId>
            <guid>guid:5a54f1704f1c1577:-6b56085f:12370558356:-7f52</guid>
            <versionId>408d8135-46e6-40c9-b659-18854263a76d</versionId>
            <layoutData>
                <controlPoints />
                <showEndState>false</showEndState>
                <showName>false</showName>
            </layoutData>
            <fromItemPort locationId="rightCenter" portType="1" />
            <toItemPort locationId="leftCenter" portType="2" />
            <fromProcessItemId>2025.74c29860-2f3b-4261-a6d1-24bef96f9bd1</fromProcessItemId>
            <toProcessItemId>2025.04c70799-93b0-4e63-a0cb-5a23179e8533</toProcessItemId>
        </link>
        <link name="Untitled">
            <lastModified isNull="true" />
            <lastModifiedBy isNull="true" />
            <processLinkId>2027.cff6d475-040d-4e58-bd5d-75cb8d34d4fe</processLinkId>
            <processId>1.36841ef6-754a-43cd-8da8-73429737a99d</processId>
            <description isNull="true" />
            <fromProcessItemId>2025.238f2526-b1e7-4199-b333-5cb6845cffc3</fromProcessItemId>
            <endStateId>Out</endStateId>
            <toProcessItemId>2025.563e889b-5ff9-4f95-a9de-1dde9c868d25</toProcessItemId>
            <guid>guid:5a54f1704f1c1577:-6b56085f:12370558356:-7f4f</guid>
            <versionId>8e7a6426-756f-4f3a-80bb-96be7dd8a741</versionId>
            <layoutData>
                <controlPoints />
                <showEndState>false</showEndState>
                <showName>false</showName>
            </layoutData>
            <fromItemPort locationId="rightCenter" portType="1" />
            <toItemPort locationId="leftCenter" portType="2" />
            <fromProcessItemId>2025.238f2526-b1e7-4199-b333-5cb6845cffc3</fromProcessItemId>
            <toProcessItemId>2025.563e889b-5ff9-4f95-a9de-1dde9c868d25</toProcessItemId>
        </link>
        <link name="Untitled">
            <lastModified isNull="true" />
            <lastModifiedBy isNull="true" />
            <processLinkId>2027.69024bf5-92dd-4aa7-8c52-fed37b3217b8</processLinkId>
            <processId>1.36841ef6-754a-43cd-8da8-73429737a99d</processId>
            <description isNull="true" />
            <fromProcessItemId>2025.04c70799-93b0-4e63-a0cb-5a23179e8533</fromProcessItemId>
            <endStateId>Out</endStateId>
            <toProcessItemId>2025.238f2526-b1e7-4199-b333-5cb6845cffc3</toProcessItemId>
            <guid>guid:5a54f1704f1c1577:-6b56085f:12370558356:-7f50</guid>
            <versionId>a8ad9f6e-348b-4cf6-a649-29feb9d700e8</versionId>
            <layoutData>
                <controlPoints />
                <showEndState>false</showEndState>
                <showName>false</showName>
            </layoutData>
            <fromItemPort locationId="rightCenter" portType="1" />
            <toItemPort locationId="leftCenter" portType="2" />
            <fromProcessItemId>2025.04c70799-93b0-4e63-a0cb-5a23179e8533</fromProcessItemId>
            <toProcessItemId>2025.238f2526-b1e7-4199-b333-5cb6845cffc3</toProcessItemId>
        </link>
        <link name="Untitled">
            <lastModified isNull="true" />
            <lastModifiedBy isNull="true" />
            <processLinkId>2027.c2d4e64f-fd02-459d-811f-d0d84e15dcea</processLinkId>
            <processId>1.36841ef6-754a-43cd-8da8-73429737a99d</processId>
            <description isNull="true" />
            <fromProcessItemId>2025.563e889b-5ff9-4f95-a9de-1dde9c868d25</fromProcessItemId>
            <endStateId>Out</endStateId>
            <toProcessItemId>2025.a5cab10c-f46b-4b4a-83f4-00006d331d19</toProcessItemId>
            <guid>guid:5a54f1704f1c1577:-6b56085f:12370558356:-7f4e</guid>
            <versionId>c25a0a78-254b-4dac-93db-ab801b42cbaf</versionId>
            <layoutData>
                <controlPoints />
                <showEndState>false</showEndState>
                <showName>false</showName>
            </layoutData>
            <fromItemPort locationId="rightCenter" portType="1" />
            <toItemPort locationId="leftCenter" portType="2" />
            <fromProcessItemId>2025.563e889b-5ff9-4f95-a9de-1dde9c868d25</fromProcessItemId>
            <toProcessItemId>2025.a5cab10c-f46b-4b4a-83f4-00006d331d19</toProcessItemId>
        </link>
        <link name="Untitled">
            <lastModified isNull="true" />
            <lastModifiedBy isNull="true" />
            <processLinkId>2027.c2f70792-c4ac-4738-a026-fa71f0e05900</processLinkId>
            <processId>1.36841ef6-754a-43cd-8da8-73429737a99d</processId>
            <description isNull="true" />
            <fromProcessItemId>2025.a5cab10c-f46b-4b4a-83f4-00006d331d19</fromProcessItemId>
            <endStateId>guid:a93dd992dce2d4cc:-381cc70d:115a5e00b05:-7fdb</endStateId>
            <toProcessItemId>2025.962ebf38-b9d0-4221-8a52-88eaf2cf9d47</toProcessItemId>
            <guid>guid:5a54f1704f1c1577:-6b56085f:12370558356:-7f4d</guid>
            <versionId>d6edd0df-e2b5-4e86-b982-fd3284e51be4</versionId>
            <layoutData>
                <controlPoints />
                <showEndState>false</showEndState>
                <showName>false</showName>
            </layoutData>
            <fromItemPort locationId="rightCenter" portType="1" />
            <toItemPort locationId="leftCenter" portType="2" />
            <fromProcessItemId>2025.a5cab10c-f46b-4b4a-83f4-00006d331d19</fromProcessItemId>
            <toProcessItemId>2025.962ebf38-b9d0-4221-8a52-88eaf2cf9d47</toProcessItemId>
        </link>
        <link name="Insert">
            <lastModified isNull="true" />
            <lastModifiedBy isNull="true" />
            <processLinkId>2027.ab34a494-838d-4a94-8386-9ab6119680b9</processLinkId>
            <processId>1.36841ef6-754a-43cd-8da8-73429737a99d</processId>
            <description isNull="true" />
            <fromProcessItemId>2025.6d51b082-47ce-454e-824d-a4e8e8602237</fromProcessItemId>
            <endStateId>DEFAULT</endStateId>
            <toProcessItemId>2025.74c29860-2f3b-4261-a6d1-24bef96f9bd1</toProcessItemId>
            <guid>guid:5a54f1704f1c1577:-6b56085f:12370558356:-7f69</guid>
            <versionId>e18abe56-38d5-40eb-a516-f7131a51da3d</versionId>
            <layoutData>
                <controlPoints />
                <showEndState>false</showEndState>
                <showName>true</showName>
            </layoutData>
            <fromItemPort locationId="rightCenter" portType="1" />
            <toItemPort locationId="leftCenter" portType="2" />
            <fromProcessItemId>2025.6d51b082-47ce-454e-824d-a4e8e8602237</fromProcessItemId>
            <toProcessItemId>2025.74c29860-2f3b-4261-a6d1-24bef96f9bd1</toProcessItemId>
        </link>
        <link name="Update">
            <lastModified isNull="true" />
            <lastModifiedBy isNull="true" />
            <processLinkId>2027.7ecf8559-8847-4825-a986-211ab7b6f32e</processLinkId>
            <processId>1.36841ef6-754a-43cd-8da8-73429737a99d</processId>
            <description isNull="true" />
            <fromProcessItemId>2025.6d51b082-47ce-454e-824d-a4e8e8602237</fromProcessItemId>
            <endStateId>guid:5a54f1704f1c1577:-6b56085f:12370558356:-7f67</endStateId>
            <toProcessItemId>2025.15ab708e-8590-4f46-a297-4c7750ab7e6b</toProcessItemId>
            <guid>guid:5a54f1704f1c1577:-6b56085f:12370558356:-7f66</guid>
            <versionId>f28b6038-ef8d-4c90-aa2f-8defa1100475</versionId>
            <layoutData>
                <controlPoints />
                <showEndState>false</showEndState>
                <showName>true</showName>
            </layoutData>
            <fromItemPort locationId="rightCenter" portType="1" />
            <toItemPort locationId="leftCenter" portType="2" />
            <fromProcessItemId>2025.6d51b082-47ce-454e-824d-a4e8e8602237</fromProcessItemId>
            <toProcessItemId>2025.15ab708e-8590-4f46-a297-4c7750ab7e6b</toProcessItemId>
        </link>
    </process>
</teamworks>

