<?xml version="1.0" encoding="UTF-8"?>
<teamworks>
    <process id="1.478aa1bf-eca4-4a6d-9195-1041b8dbc442" name="SQL Call Stored Procedure (SQLStatement)">
        <lastModified>1361372673512</lastModified>
        <lastModifiedBy>Internal TW Admin user</lastModifiedBy>
        <processId>1.478aa1bf-eca4-4a6d-9195-1041b8dbc442</processId>
        <image isNull="true" />
        <tabGroup isNull="true" />
        <startingProcessItemId>2025.2762bf8e-71b9-4bf2-b4dd-6d0661d25b92</startingProcessItemId>
        <isRootProcess>false</isRootProcess>
        <processType>4</processType>
        <isErrorHandlerEnabled>false</isErrorHandlerEnabled>
        <errorHandlerItemId isNull="true" />
        <isLoggingVariables>false</isLoggingVariables>
        <isTransactional>false</isTransactional>
        <processTimingLevel isNull="true" />
        <participantRef isNull="true" />
        <exposedType isNull="true" />
        <isTrackingEnabled>true</isTrackingEnabled>
        <xmlData isNull="true" />
        <cachingType>false</cachingType>
        <itemLabel isNull="true" />
        <cacheLength>43200</cacheLength>
        <mobileReady>false</mobileReady>
        <sboSyncEnabled>true</sboSyncEnabled>
        <externalId isNull="true" />
        <isSecured>false</isSecured>
        <description>Calls a SQL stored procedure or function and returns the results based on the supplied return type.</description>
        <guid>guid:12be50909032b80c:18f81ea7:11f41c537ad:-7d19</guid>
        <versionId>3f9383e2-03c1-4435-afa1-008f8f4ff8c5</versionId>
        <dependencySummary isNull="true" />
        <processParameter name="sqlStatement">
            <lastModified isNull="true" />
            <lastModifiedBy isNull="true" />
            <processParameterId>2055.02dc6fff-d41f-448b-af11-903ef68d44bf</processParameterId>
            <processId>1.478aa1bf-eca4-4a6d-9195-1041b8dbc442</processId>
            <parameterType>1</parameterType>
            <isArrayOf>false</isArrayOf>
            <classId>/12.3990d8b4-983d-4250-bd06-3600f527fed0</classId>
            <seq>1</seq>
            <hasDefault>false</hasDefault>
            <defaultValue isNull="true" />
            <isLocked>false</isLocked>
            <description isNull="true" />
            <guid>guid:12be50909032b80c:18f81ea7:11f41c537ad:-7cdb</guid>
            <versionId>1d06241e-9e8b-4640-bf28-989655f22610</versionId>
        </processParameter>
        <processParameter name="returnType">
            <lastModified isNull="true" />
            <lastModifiedBy isNull="true" />
            <processParameterId>2055.f3a6274f-ed3d-49bf-949b-8d3dadbfaa54</processParameterId>
            <processId>1.478aa1bf-eca4-4a6d-9195-1041b8dbc442</processId>
            <parameterType>1</parameterType>
            <isArrayOf>false</isArrayOf>
            <classId>/12.db884a3c-c533-44b7-bb2d-47bec8ad4022</classId>
            <seq>2</seq>
            <hasDefault>false</hasDefault>
            <defaultValue isNull="true" />
            <isLocked>false</isLocked>
            <description isNull="true" />
            <guid>guid:12be50909032b80c:18f81ea7:11f41c537ad:-7cc7</guid>
            <versionId>818993f3-6be8-4c9a-8299-df3d0f14cc14</versionId>
        </processParameter>
        <processParameter name="dataSourceName">
            <lastModified isNull="true" />
            <lastModifiedBy isNull="true" />
            <processParameterId>2055.a1addf57-b59e-4dcf-b8f2-d6ec6c7efdd2</processParameterId>
            <processId>1.478aa1bf-eca4-4a6d-9195-1041b8dbc442</processId>
            <parameterType>1</parameterType>
            <isArrayOf>false</isArrayOf>
            <classId>/12.db884a3c-c533-44b7-bb2d-47bec8ad4022</classId>
            <seq>3</seq>
            <hasDefault>true</hasDefault>
            <defaultValue>"jdbc/TeamWorksDB"</defaultValue>
            <isLocked>false</isLocked>
            <description isNull="true" />
            <guid>guid:12be50909032b80c:18f81ea7:11f41c537ad:-7ccb</guid>
            <versionId>103de3e8-4dab-43b7-83e0-3dd9f82aae74</versionId>
        </processParameter>
        <processParameter name="results">
            <lastModified isNull="true" />
            <lastModifiedBy isNull="true" />
            <processParameterId>2055.60aff4f8-b0a8-496c-a08d-2616d620e3dd</processParameterId>
            <processId>1.478aa1bf-eca4-4a6d-9195-1041b8dbc442</processId>
            <parameterType>2</parameterType>
            <isArrayOf>false</isArrayOf>
            <classId>/12.c09c9b6e-aabd-4897-bef2-ed61db106297</classId>
            <seq>4</seq>
            <hasDefault>false</hasDefault>
            <defaultValue isNull="true" />
            <isLocked>false</isLocked>
            <description isNull="true" />
            <guid>guid:12be50909032b80c:18f81ea7:11f41c537ad:-7cc3</guid>
            <versionId>6566e635-4a97-4837-b82f-bc095d4127f1</versionId>
        </processParameter>
        <item>
            <lastModified isNull="true" />
            <lastModifiedBy isNull="true" />
            <processItemId>2025.4a6f7287-e5f4-44a5-8513-e16123941121</processItemId>
            <processId>1.478aa1bf-eca4-4a6d-9195-1041b8dbc442</processId>
            <name>End</name>
            <tWComponentName>ExitPoint</tWComponentName>
            <tWComponentId>3008.10e71e2c-775e-42d4-8615-f63a020a2f5b</tWComponentId>
            <isLogEnabled>false</isLogEnabled>
            <isTraceEnabled>false</isTraceEnabled>
            <traceCategory isNull="true" />
            <traceLevel isNull="true" />
            <traceMessage isNull="true" />
            <traceSymbolTable isNull="true" />
            <isExecutionContextTraced>false</isExecutionContextTraced>
            <saveExecutionContext>true</saveExecutionContext>
            <documentation isNull="true" />
            <isErrorHandlerEnabled>false</isErrorHandlerEnabled>
            <errorHandlerItemId isNull="true" />
            <guid>guid:12be50909032b80c:18f81ea7:11f41c537ad:-7d17</guid>
            <versionId>1e21417d-6e0f-4ca8-a91b-d36c81c0ac0f</versionId>
            <layoutData x="294" y="100">
                <errorLink>
                    <controlPoints />
                    <showEndState>false</showEndState>
                    <showName>false</showName>
                </errorLink>
            </layoutData>
            <TWComponent>
                <lastModified isNull="true" />
                <lastModifiedBy isNull="true" />
                <exitPointId>3008.10e71e2c-775e-42d4-8615-f63a020a2f5b</exitPointId>
                <haltProcess>false</haltProcess>
                <guid>guid:12be50909032b80c:18f81ea7:11f41c537ad:-7d16</guid>
                <versionId>1ebe802c-de3e-46e9-88da-4e93c74b8169</versionId>
            </TWComponent>
        </item>
        <item>
            <lastModified isNull="true" />
            <lastModifiedBy isNull="true" />
            <processItemId>2025.2762bf8e-71b9-4bf2-b4dd-6d0661d25b92</processItemId>
            <processId>1.478aa1bf-eca4-4a6d-9195-1041b8dbc442</processId>
            <name>Call Stored Proc</name>
            <tWComponentName>JavaConnector</tWComponentName>
            <tWComponentId>3022.9d9ec64c-6761-4c95-a684-1b572eeb3c5c</tWComponentId>
            <isLogEnabled>false</isLogEnabled>
            <isTraceEnabled>false</isTraceEnabled>
            <traceCategory isNull="true" />
            <traceLevel isNull="true" />
            <traceMessage isNull="true" />
            <traceSymbolTable isNull="true" />
            <isExecutionContextTraced>false</isExecutionContextTraced>
            <saveExecutionContext>false</saveExecutionContext>
            <documentation isNull="true" />
            <isErrorHandlerEnabled>false</isErrorHandlerEnabled>
            <errorHandlerItemId isNull="true" />
            <guid>guid:12be50909032b80c:18f81ea7:11f41c537ad:-7d00</guid>
            <versionId>97a1c7a1-4b20-4ed4-b497-7b31ec98503f</versionId>
            <layoutData x="141" y="85">
                <errorLink>
                    <controlPoints />
                    <showEndState>false</showEndState>
                    <showName>false</showName>
                </errorLink>
            </layoutData>
            <TWComponent>
                <lastModified isNull="true" />
                <lastModifiedBy isNull="true" />
                <javaConnectorId>3022.9d9ec64c-6761-4c95-a684-1b572eeb3c5c</javaConnectorId>
                <definition>&lt;connector&gt;
  &lt;javaClassName&gt;teamworks.SQLConnector&lt;/javaClassName&gt;
  &lt;methodName&gt;call&lt;/methodName&gt;
  &lt;inputRecord&gt;
    &lt;element type="teamworks.TWObject" nativeType="teamworks.TWObject" parameter="Parameter 0" argument="tw.local.sqlStatement" description="SQL Statement (SQLStatement)" /&gt;
    &lt;element type="java.lang.String" nativeType="java.lang.String" parameter="Parameter 1" argument="tw.local.dataSourceName" description="JNDI DataSource Name" /&gt;
    &lt;element type="java.lang.String" nativeType="java.lang.String" parameter="Parameter 2" argument="tw.local.returnType" description="Return Type (SQLResult, XMLElement, Record, or complex type name)" /&gt;
  &lt;/inputRecord&gt;
  &lt;outputRecord&gt;
    &lt;element type="java.lang.Object" nativeType="java.lang.Object" parameter="Return Value" argument="tw.local.results" description="" /&gt;
  &lt;/outputRecord&gt;
&lt;/connector&gt;</definition>
                <guid>guid:12be50909032b80c:18f81ea7:11f41c537ad:-7d01</guid>
                <versionId>c4b2f9e3-a7ae-40f9-9712-a6abe57f50e7</versionId>
            </TWComponent>
        </item>
        <startingProcessItemId>2025.2762bf8e-71b9-4bf2-b4dd-6d0661d25b92</startingProcessItemId>
        <errorHandlerItemId isNull="true" />
        <layoutData noConversion="true">
            <errorLink>
                <controlPoints />
                <showEndState>false</showEndState>
                <showName>false</showName>
            </errorLink>
        </layoutData>
        <startPoint>
            <layoutData x="20" y="100">
                <errorLink>
                    <controlPoints />
                    <showEndState>false</showEndState>
                    <showName>false</showName>
                </errorLink>
            </layoutData>
        </startPoint>
        <startLink>
            <fromPort locationId="rightCenter" portType="1" />
            <toPort locationId="leftCenter" portType="2" />
            <layoutData>
                <controlPoints />
                <showEndState>false</showEndState>
                <showName>false</showName>
            </layoutData>
        </startLink>
        <link name="Untitled">
            <lastModified isNull="true" />
            <lastModifiedBy isNull="true" />
            <processLinkId>2027.777d933e-5c75-4c2e-8953-19f66ea9d453</processLinkId>
            <processId>1.478aa1bf-eca4-4a6d-9195-1041b8dbc442</processId>
            <description isNull="true" />
            <fromProcessItemId>2025.2762bf8e-71b9-4bf2-b4dd-6d0661d25b92</fromProcessItemId>
            <endStateId>Out</endStateId>
            <toProcessItemId>2025.4a6f7287-e5f4-44a5-8513-e16123941121</toProcessItemId>
            <guid>guid:12be50909032b80c:18f81ea7:11f41c537ad:-7cfc</guid>
            <versionId>d19b360d-fcbf-48f0-9a53-96a60a8e60be</versionId>
            <layoutData>
                <controlPoints />
                <showEndState>false</showEndState>
                <showName>false</showName>
            </layoutData>
            <fromItemPort locationId="rightCenter" portType="1" />
            <toItemPort locationId="leftCenter" portType="2" />
            <fromProcessItemId>2025.2762bf8e-71b9-4bf2-b4dd-6d0661d25b92</fromProcessItemId>
            <toProcessItemId>2025.4a6f7287-e5f4-44a5-8513-e16123941121</toProcessItemId>
        </link>
    </process>
</teamworks>

