<?xml version="1.0" encoding="UTF-8"?>
<teamworks>
    <process id="1.5a9202c7-6f7b-440a-8d6c-f9fd24ed3b92" name="lsw Create Update CA Template Statement">
        <lastModified>1361372673512</lastModified>
        <lastModifiedBy>Internal TW Admin user</lastModifiedBy>
        <processId>1.5a9202c7-6f7b-440a-8d6c-f9fd24ed3b92</processId>
        <image isNull="true" />
        <tabGroup isNull="true" />
        <startingProcessItemId>2025.c93e8798-1798-49f6-82ea-b06b36d6832c</startingProcessItemId>
        <isRootProcess>false</isRootProcess>
        <processType>6</processType>
        <isErrorHandlerEnabled>false</isErrorHandlerEnabled>
        <errorHandlerItemId isNull="true" />
        <isLoggingVariables>false</isLoggingVariables>
        <isTransactional>false</isTransactional>
        <processTimingLevel isNull="true" />
        <participantRef isNull="true" />
        <exposedType isNull="true" />
        <isTrackingEnabled>true</isTrackingEnabled>
        <xmlData isNull="true" />
        <cachingType>false</cachingType>
        <itemLabel isNull="true" />
        <cacheLength>43200</cacheLength>
        <mobileReady>false</mobileReady>
        <sboSyncEnabled>true</sboSyncEnabled>
        <externalId isNull="true" />
        <isSecured>false</isSecured>
        <description isNull="true" />
        <guid>guid:5a54f1704f1c1577:-6b56085f:12370558356:-7fd5</guid>
        <versionId>e62cf8af-e7c9-4af2-a61d-ebd9acb2ce66</versionId>
        <dependencySummary isNull="true" />
        <processParameter name="templateID">
            <lastModified isNull="true" />
            <lastModifiedBy isNull="true" />
            <processParameterId>2055.ac6f4f39-a36c-42d9-a7bc-34997ba5b559</processParameterId>
            <processId>1.5a9202c7-6f7b-440a-8d6c-f9fd24ed3b92</processId>
            <parameterType>1</parameterType>
            <isArrayOf>false</isArrayOf>
            <classId>/12.db884a3c-c533-44b7-bb2d-47bec8ad4022</classId>
            <seq>1</seq>
            <hasDefault>false</hasDefault>
            <defaultValue isNull="true" />
            <isLocked>false</isLocked>
            <description isNull="true" />
            <guid>guid:5a54f1704f1c1577:-6b56085f:12370558356:-7fd1</guid>
            <versionId>31586f0b-074b-4676-b72a-6a04f11d0f3e</versionId>
        </processParameter>
        <processParameter name="templateName">
            <lastModified isNull="true" />
            <lastModifiedBy isNull="true" />
            <processParameterId>2055.11fe473c-e696-4529-a40d-8005b490f40d</processParameterId>
            <processId>1.5a9202c7-6f7b-440a-8d6c-f9fd24ed3b92</processId>
            <parameterType>1</parameterType>
            <isArrayOf>false</isArrayOf>
            <classId>/12.db884a3c-c533-44b7-bb2d-47bec8ad4022</classId>
            <seq>2</seq>
            <hasDefault>false</hasDefault>
            <defaultValue isNull="true" />
            <isLocked>false</isLocked>
            <description isNull="true" />
            <guid>guid:5a54f1704f1c1577:-6b56085f:12370558356:-7fd0</guid>
            <versionId>fc44d73a-9a38-4237-9470-afd579ff44a8</versionId>
        </processParameter>
        <processParameter name="sqlStatement">
            <lastModified isNull="true" />
            <lastModifiedBy isNull="true" />
            <processParameterId>2055.e46fc0e7-7fad-46b2-95cd-e7d4dc4a0786</processParameterId>
            <processId>1.5a9202c7-6f7b-440a-8d6c-f9fd24ed3b92</processId>
            <parameterType>2</parameterType>
            <isArrayOf>false</isArrayOf>
            <classId>/12.3990d8b4-983d-4250-bd06-3600f527fed0</classId>
            <seq>3</seq>
            <hasDefault>false</hasDefault>
            <defaultValue isNull="true" />
            <isLocked>false</isLocked>
            <description isNull="true" />
            <guid>guid:5a54f1704f1c1577:-6b56085f:12370558356:-7fcf</guid>
            <versionId>541dd759-ac07-4855-b7d4-794f46cfbef3</versionId>
        </processParameter>
        <processVariable name="sql">
            <lastModified isNull="true" />
            <lastModifiedBy isNull="true" />
            <processVariableId>2056.83475108-69a9-4cdd-a421-96eadc5a123f</processVariableId>
            <description isNull="true" />
            <processId>1.5a9202c7-6f7b-440a-8d6c-f9fd24ed3b92</processId>
            <namespace>2</namespace>
            <seq>1</seq>
            <isArrayOf>false</isArrayOf>
            <classId>/12.db884a3c-c533-44b7-bb2d-47bec8ad4022</classId>
            <hasDefault>false</hasDefault>
            <defaultValue isNull="true" />
            <guid>guid:5a54f1704f1c1577:-6b56085f:12370558356:-7fce</guid>
            <versionId>f8c08a60-25b5-4d6c-b606-5f7cf0dc30fe</versionId>
        </processVariable>
        <item>
            <lastModified isNull="true" />
            <lastModifiedBy isNull="true" />
            <processItemId>2025.cda648e2-78e4-48c0-974a-943589ca335b</processItemId>
            <processId>1.5a9202c7-6f7b-440a-8d6c-f9fd24ed3b92</processId>
            <name>End</name>
            <tWComponentName>ExitPoint</tWComponentName>
            <tWComponentId>3008.7ac0b101-215a-43d1-978b-104f941c2af8</tWComponentId>
            <isLogEnabled>false</isLogEnabled>
            <isTraceEnabled>false</isTraceEnabled>
            <traceCategory isNull="true" />
            <traceLevel isNull="true" />
            <traceMessage isNull="true" />
            <traceSymbolTable isNull="true" />
            <isExecutionContextTraced>false</isExecutionContextTraced>
            <saveExecutionContext>true</saveExecutionContext>
            <documentation isNull="true" />
            <isErrorHandlerEnabled>false</isErrorHandlerEnabled>
            <errorHandlerItemId isNull="true" />
            <guid>guid:5a54f1704f1c1577:-6b56085f:12370558356:-7fd3</guid>
            <versionId>081dfca2-cfd2-4f3b-ab35-186e98e08fcb</versionId>
            <layoutData x="414" y="98">
                <errorLink>
                    <controlPoints />
                    <showEndState>false</showEndState>
                    <showName>false</showName>
                </errorLink>
            </layoutData>
            <TWComponent>
                <lastModified isNull="true" />
                <lastModifiedBy isNull="true" />
                <exitPointId>3008.7ac0b101-215a-43d1-978b-104f941c2af8</exitPointId>
                <haltProcess>false</haltProcess>
                <guid>guid:5a54f1704f1c1577:-6b56085f:12370558356:-7fd2</guid>
                <versionId>4b447399-bc52-4353-96e4-6318c29f44c4</versionId>
            </TWComponent>
        </item>
        <item>
            <lastModified isNull="true" />
            <lastModifiedBy isNull="true" />
            <processItemId>2025.c93e8798-1798-49f6-82ea-b06b36d6832c</processItemId>
            <processId>1.5a9202c7-6f7b-440a-8d6c-f9fd24ed3b92</processId>
            <name>Build Update SQL</name>
            <tWComponentName>Script</tWComponentName>
            <tWComponentId>3011.7114f218-cea8-4c9a-b608-4344a9780130</tWComponentId>
            <isLogEnabled>false</isLogEnabled>
            <isTraceEnabled>false</isTraceEnabled>
            <traceCategory isNull="true" />
            <traceLevel isNull="true" />
            <traceMessage isNull="true" />
            <traceSymbolTable isNull="true" />
            <isExecutionContextTraced>false</isExecutionContextTraced>
            <saveExecutionContext>false</saveExecutionContext>
            <documentation isNull="true" />
            <isErrorHandlerEnabled>false</isErrorHandlerEnabled>
            <errorHandlerItemId isNull="true" />
            <guid>guid:5a54f1704f1c1577:-6b56085f:12370558356:-7fca</guid>
            <versionId>91e0bb63-b4d2-431c-bfbb-a744c2ed8131</versionId>
            <layoutData x="135" y="87">
                <errorLink>
                    <controlPoints />
                    <showEndState>false</showEndState>
                    <showName>false</showName>
                </errorLink>
            </layoutData>
            <TWComponent>
                <lastModified isNull="true" />
                <lastModifiedBy isNull="true" />
                <scriptId>3011.7114f218-cea8-4c9a-b608-4344a9780130</scriptId>
                <scriptTypeId>128</scriptTypeId>
                <isActive>true</isActive>
                <script>tw.local.sql
UPDATE lsw_ca_template 
SET name = ?
WHERE id = ?</script>
                <isRule>false</isRule>
                <guid>guid:5a54f1704f1c1577:-6b56085f:12370558356:-7fcb</guid>
                <versionId>9e3f9332-febb-49ea-b6a4-62b62395ccc7</versionId>
            </TWComponent>
        </item>
        <item>
            <lastModified isNull="true" />
            <lastModifiedBy isNull="true" />
            <processItemId>2025.2916d7d0-1d86-4405-84f1-ba1f07313a12</processItemId>
            <processId>1.5a9202c7-6f7b-440a-8d6c-f9fd24ed3b92</processId>
            <name>Create Statement</name>
            <tWComponentName>Script</tWComponentName>
            <tWComponentId>3011.988a5d6c-71c6-468f-8926-3384e0dd4650</tWComponentId>
            <isLogEnabled>false</isLogEnabled>
            <isTraceEnabled>false</isTraceEnabled>
            <traceCategory isNull="true" />
            <traceLevel isNull="true" />
            <traceMessage isNull="true" />
            <traceSymbolTable isNull="true" />
            <isExecutionContextTraced>false</isExecutionContextTraced>
            <saveExecutionContext>false</saveExecutionContext>
            <documentation isNull="true" />
            <isErrorHandlerEnabled>false</isErrorHandlerEnabled>
            <errorHandlerItemId isNull="true" />
            <guid>guid:5a54f1704f1c1577:-6b56085f:12370558356:-7fc6</guid>
            <versionId>e5c078e2-42e7-41b0-9c5e-c025d6f85d9a</versionId>
            <layoutData x="279" y="90">
                <errorLink>
                    <controlPoints />
                    <showEndState>false</showEndState>
                    <showName>false</showName>
                </errorLink>
            </layoutData>
            <TWComponent>
                <lastModified isNull="true" />
                <lastModifiedBy isNull="true" />
                <scriptId>3011.988a5d6c-71c6-468f-8926-3384e0dd4650</scriptId>
                <scriptTypeId>2</scriptTypeId>
                <isActive>true</isActive>
                <script>tw.local.sqlStatement = newSQLStatement(tw.local.sql);
addSQLParameter(tw.local.sqlStatement, tw.local.templateName);
addSQLParameter(tw.local.sqlStatement, tw.local.templateID);</script>
                <isRule>false</isRule>
                <guid>guid:5a54f1704f1c1577:-6b56085f:12370558356:-7fc7</guid>
                <versionId>5ecbc2a8-8410-4c06-85d5-b1be5c959484</versionId>
            </TWComponent>
        </item>
        <startingProcessItemId>2025.c93e8798-1798-49f6-82ea-b06b36d6832c</startingProcessItemId>
        <errorHandlerItemId isNull="true" />
        <layoutData noConversion="true">
            <errorLink>
                <controlPoints />
                <showEndState>false</showEndState>
                <showName>false</showName>
            </errorLink>
        </layoutData>
        <startPoint>
            <layoutData x="20" y="100">
                <errorLink>
                    <controlPoints />
                    <showEndState>false</showEndState>
                    <showName>false</showName>
                </errorLink>
            </layoutData>
        </startPoint>
        <startLink>
            <fromPort locationId="rightCenter" portType="1" />
            <toPort locationId="leftCenter" portType="2" />
            <layoutData>
                <controlPoints />
                <showEndState>false</showEndState>
                <showName>false</showName>
            </layoutData>
        </startLink>
        <link name="Untitled">
            <lastModified isNull="true" />
            <lastModifiedBy isNull="true" />
            <processLinkId>2027.ca021706-07dc-4d70-b6c2-70eaa27cfc04</processLinkId>
            <processId>1.5a9202c7-6f7b-440a-8d6c-f9fd24ed3b92</processId>
            <description isNull="true" />
            <fromProcessItemId>2025.c93e8798-1798-49f6-82ea-b06b36d6832c</fromProcessItemId>
            <endStateId>Out</endStateId>
            <toProcessItemId>2025.2916d7d0-1d86-4405-84f1-ba1f07313a12</toProcessItemId>
            <guid>guid:5a54f1704f1c1577:-6b56085f:12370558356:-7fc5</guid>
            <versionId>dd61445f-999e-4c52-a887-7648157885eb</versionId>
            <layoutData>
                <controlPoints />
                <showEndState>false</showEndState>
                <showName>false</showName>
            </layoutData>
            <fromItemPort locationId="rightCenter" portType="1" />
            <toItemPort locationId="leftCenter" portType="2" />
            <fromProcessItemId>2025.c93e8798-1798-49f6-82ea-b06b36d6832c</fromProcessItemId>
            <toProcessItemId>2025.2916d7d0-1d86-4405-84f1-ba1f07313a12</toProcessItemId>
        </link>
        <link name="Untitled">
            <lastModified isNull="true" />
            <lastModifiedBy isNull="true" />
            <processLinkId>2027.e8639480-881b-491f-b3f1-0aae6f65f5d5</processLinkId>
            <processId>1.5a9202c7-6f7b-440a-8d6c-f9fd24ed3b92</processId>
            <description isNull="true" />
            <fromProcessItemId>2025.2916d7d0-1d86-4405-84f1-ba1f07313a12</fromProcessItemId>
            <endStateId>Out</endStateId>
            <toProcessItemId>2025.cda648e2-78e4-48c0-974a-943589ca335b</toProcessItemId>
            <guid>guid:5a54f1704f1c1577:-6b56085f:12370558356:-7fc4</guid>
            <versionId>e707476d-5faa-4759-b611-ca0a7d1fe93c</versionId>
            <layoutData>
                <controlPoints />
                <showEndState>false</showEndState>
                <showName>false</showName>
            </layoutData>
            <fromItemPort locationId="rightCenter" portType="1" />
            <toItemPort locationId="leftCenter" portType="2" />
            <fromProcessItemId>2025.2916d7d0-1d86-4405-84f1-ba1f07313a12</fromProcessItemId>
            <toProcessItemId>2025.cda648e2-78e4-48c0-974a-943589ca335b</toProcessItemId>
        </link>
    </process>
</teamworks>

