<?xml version="1.0" encoding="UTF-8"?>
<teamworks>
    <process id="1.66f8367b-2221-45e8-b803-07a523ceacab" name="Update SLA Status">
        <lastModified>1361372673512</lastModified>
        <lastModifiedBy>Internal TW Admin user</lastModifiedBy>
        <processId>1.66f8367b-2221-45e8-b803-07a523ceacab</processId>
        <image isNull="true" />
        <tabGroup isNull="true" />
        <startingProcessItemId>2025.aeeeec7d-de8d-474b-8462-1fd51187ae77</startingProcessItemId>
        <isRootProcess>false</isRootProcess>
        <processType>4</processType>
        <isErrorHandlerEnabled>false</isErrorHandlerEnabled>
        <errorHandlerItemId isNull="true" />
        <isLoggingVariables>false</isLoggingVariables>
        <isTransactional>false</isTransactional>
        <processTimingLevel isNull="true" />
        <participantRef isNull="true" />
        <exposedType isNull="true" />
        <isTrackingEnabled>true</isTrackingEnabled>
        <xmlData isNull="true" />
        <cachingType>false</cachingType>
        <itemLabel isNull="true" />
        <cacheLength>43200</cacheLength>
        <mobileReady>false</mobileReady>
        <sboSyncEnabled>true</sboSyncEnabled>
        <externalId isNull="true" />
        <isSecured>false</isSecured>
        <description isNull="true" />
        <guid>guid:83285d56cb05ab2c:-e6f3392:111af28b30d:-7617</guid>
        <versionId>a2836f9f-ca60-48b2-b328-ddf069873a52</versionId>
        <dependencySummary isNull="true" />
        <processParameter name="slaName">
            <lastModified isNull="true" />
            <lastModifiedBy isNull="true" />
            <processParameterId>2055.4d7df96c-a4df-4281-a5bb-55b636d74a84</processParameterId>
            <processId>1.66f8367b-2221-45e8-b803-07a523ceacab</processId>
            <parameterType>1</parameterType>
            <isArrayOf>false</isArrayOf>
            <classId>/12.db884a3c-c533-44b7-bb2d-47bec8ad4022</classId>
            <seq>1</seq>
            <hasDefault>false</hasDefault>
            <defaultValue isNull="true" />
            <isLocked>false</isLocked>
            <description>The name of the SLA</description>
            <guid>guid:197d4ddc90fc5427:-1c619ffe:11def1582ed:-7b12</guid>
            <versionId>ca9a23e4-7e37-4321-bace-74fbb086f31c</versionId>
        </processParameter>
        <item>
            <lastModified isNull="true" />
            <lastModifiedBy isNull="true" />
            <processItemId>2025.0ea5f003-741a-4c12-99db-5e330cd7f8a9</processItemId>
            <processId>1.66f8367b-2221-45e8-b803-07a523ceacab</processId>
            <name>End</name>
            <tWComponentName>ExitPoint</tWComponentName>
            <tWComponentId>3008.c60db8ea-0bd0-45a0-8437-59026b99b98e</tWComponentId>
            <isLogEnabled>false</isLogEnabled>
            <isTraceEnabled>false</isTraceEnabled>
            <traceCategory isNull="true" />
            <traceLevel isNull="true" />
            <traceMessage isNull="true" />
            <traceSymbolTable isNull="true" />
            <isExecutionContextTraced>false</isExecutionContextTraced>
            <saveExecutionContext>true</saveExecutionContext>
            <documentation isNull="true" />
            <isErrorHandlerEnabled>false</isErrorHandlerEnabled>
            <errorHandlerItemId isNull="true" />
            <guid>guid:83285d56cb05ab2c:-e6f3392:111af28b30d:-7612</guid>
            <versionId>3b77d98d-e1a0-459a-9c68-4caba829eb11</versionId>
            <layoutData x="474" y="100">
                <errorLink>
                    <controlPoints />
                    <showEndState>false</showEndState>
                    <showName>false</showName>
                </errorLink>
            </layoutData>
            <TWComponent>
                <lastModified isNull="true" />
                <lastModifiedBy isNull="true" />
                <exitPointId>3008.c60db8ea-0bd0-45a0-8437-59026b99b98e</exitPointId>
                <haltProcess>false</haltProcess>
                <guid>guid:197d4ddc90fc5427:-1c619ffe:11def1582ed:-7b0e</guid>
                <versionId>cb7251c7-2359-4a39-aa0a-4c8cd4ba41d4</versionId>
            </TWComponent>
        </item>
        <item>
            <lastModified isNull="true" />
            <lastModifiedBy isNull="true" />
            <processItemId>2025.aeeeec7d-de8d-474b-8462-1fd51187ae77</processItemId>
            <processId>1.66f8367b-2221-45e8-b803-07a523ceacab</processId>
            <name>Update Status</name>
            <tWComponentName>Script</tWComponentName>
            <tWComponentId>3011.0932ce74-3cac-4349-a838-27205c112e6d</tWComponentId>
            <isLogEnabled>false</isLogEnabled>
            <isTraceEnabled>false</isTraceEnabled>
            <traceCategory isNull="true" />
            <traceLevel isNull="true" />
            <traceMessage isNull="true" />
            <traceSymbolTable isNull="true" />
            <isExecutionContextTraced>false</isExecutionContextTraced>
            <saveExecutionContext>false</saveExecutionContext>
            <documentation isNull="true" />
            <isErrorHandlerEnabled>false</isErrorHandlerEnabled>
            <errorHandlerItemId isNull="true" />
            <guid>guid:83285d56cb05ab2c:-e6f3392:111af28b30d:-7611</guid>
            <versionId>95f544a4-363d-45b5-ace0-d01d1bcd6ec8</versionId>
            <layoutData x="244" y="85">
                <errorLink>
                    <controlPoints />
                    <showEndState>false</showEndState>
                    <showName>false</showName>
                </errorLink>
            </layoutData>
            <TWComponent>
                <lastModified isNull="true" />
                <lastModifiedBy isNull="true" />
                <scriptId>3011.0932ce74-3cac-4349-a838-27205c112e6d</scriptId>
                <scriptTypeId>2</scriptTypeId>
                <isActive>true</isActive>
                <script>Packages.com.lombardisoftware.core.sla.SLATracking.updateSLA(tw.local.slaName);</script>
                <isRule>false</isRule>
                <guid>guid:197d4ddc90fc5427:-1c619ffe:11def1582ed:-7b0a</guid>
                <versionId>c92ae033-94fd-49b3-813f-22786c5105b6</versionId>
            </TWComponent>
        </item>
        <startingProcessItemId>2025.aeeeec7d-de8d-474b-8462-1fd51187ae77</startingProcessItemId>
        <errorHandlerItemId isNull="true" />
        <layoutData noConversion="true">
            <errorLink>
                <controlPoints />
                <showEndState>false</showEndState>
                <showName>false</showName>
            </errorLink>
        </layoutData>
        <startPoint>
            <layoutData x="20" y="100">
                <errorLink>
                    <controlPoints />
                    <showEndState>false</showEndState>
                    <showName>false</showName>
                </errorLink>
            </layoutData>
        </startPoint>
        <startLink>
            <fromPort locationId="rightCenter" portType="1" />
            <toPort locationId="leftCenter" portType="2" />
            <layoutData>
                <controlPoints />
                <showEndState>false</showEndState>
                <showName>false</showName>
            </layoutData>
        </startLink>
        <link name="Untitled">
            <lastModified isNull="true" />
            <lastModifiedBy isNull="true" />
            <processLinkId>2027.fdbc16bd-73da-4ee1-8ce4-d548d5a99efe</processLinkId>
            <processId>1.66f8367b-2221-45e8-b803-07a523ceacab</processId>
            <description isNull="true" />
            <fromProcessItemId>2025.aeeeec7d-de8d-474b-8462-1fd51187ae77</fromProcessItemId>
            <endStateId>Out</endStateId>
            <toProcessItemId>2025.0ea5f003-741a-4c12-99db-5e330cd7f8a9</toProcessItemId>
            <guid>guid:197d4ddc90fc5427:-1c619ffe:11def1582ed:-7b08</guid>
            <versionId>b12ba484-bc48-42c5-ae89-015c814c3a8f</versionId>
            <layoutData>
                <controlPoints />
                <showEndState>false</showEndState>
                <showName>false</showName>
            </layoutData>
            <fromItemPort locationId="rightCenter" portType="1" />
            <toItemPort locationId="leftCenter" portType="2" />
            <fromProcessItemId>2025.aeeeec7d-de8d-474b-8462-1fd51187ae77</fromProcessItemId>
            <toProcessItemId>2025.0ea5f003-741a-4c12-99db-5e330cd7f8a9</toProcessItemId>
        </link>
        <link name="Untitled">
            <lastModified isNull="true" />
            <lastModifiedBy isNull="true" />
            <processLinkId>2027.576e6fcb-efc3-428e-b2be-71c9630efe8e</processLinkId>
            <processId>1.66f8367b-2221-45e8-b803-07a523ceacab</processId>
            <description isNull="true" />
            <fromProcessItemId>2025.aeeeec7d-de8d-474b-8462-1fd51187ae77</fromProcessItemId>
            <endStateId>Out</endStateId>
            <toProcessItemId>2025.0ea5f003-741a-4c12-99db-5e330cd7f8a9</toProcessItemId>
            <guid>guid:197d4ddc90fc5427:-1c619ffe:11def1582ed:-7b08</guid>
            <versionId>c65f4565-d643-455e-a9d7-1a96d909bb17</versionId>
            <layoutData>
                <controlPoints />
                <showEndState>false</showEndState>
                <showName>false</showName>
            </layoutData>
            <fromItemPort locationId="rightCenter" portType="1" />
            <toItemPort locationId="leftCenter" portType="2" />
            <fromProcessItemId>2025.aeeeec7d-de8d-474b-8462-1fd51187ae77</fromProcessItemId>
            <toProcessItemId>2025.0ea5f003-741a-4c12-99db-5e330cd7f8a9</toProcessItemId>
        </link>
    </process>
</teamworks>

