<?xml version="1.0" encoding="UTF-8"?>
<teamworks>
    <process id="1.6ab4ed30-ffa5-4879-8bf9-75ac0636ce84" name="lsw Conditional Activity Selection Coach">
        <lastModified>1361372673512</lastModified>
        <lastModifiedBy>Internal TW Admin user</lastModifiedBy>
        <processId>1.6ab4ed30-ffa5-4879-8bf9-75ac0636ce84</processId>
        <image isNull="true" />
        <tabGroup isNull="true" />
        <startingProcessItemId>2025.b9462054-1265-4a49-b5dc-21222f4c8c92</startingProcessItemId>
        <isRootProcess>false</isRootProcess>
        <processType>3</processType>
        <isErrorHandlerEnabled>false</isErrorHandlerEnabled>
        <errorHandlerItemId isNull="true" />
        <isLoggingVariables>false</isLoggingVariables>
        <isTransactional>false</isTransactional>
        <processTimingLevel isNull="true" />
        <participantRef isNull="true" />
        <exposedType isNull="true" />
        <isTrackingEnabled>true</isTrackingEnabled>
        <xmlData isNull="true" />
        <cachingType>false</cachingType>
        <itemLabel isNull="true" />
        <cacheLength>43200</cacheLength>
        <mobileReady>false</mobileReady>
        <sboSyncEnabled>true</sboSyncEnabled>
        <externalId isNull="true" />
        <isSecured>false</isSecured>
        <description isNull="true" />
        <guid>guid:5a54f1704f1c1577:-6b56085f:12370558356:-7efe</guid>
        <versionId>9014f48e-f5df-4102-ba3d-ac160fecba38</versionId>
        <dependencySummary isNull="true" />
        <processParameter name="bpdGUID">
            <lastModified isNull="true" />
            <lastModifiedBy isNull="true" />
            <processParameterId>2055.f545be53-d9dd-4a40-8930-7fe2f8782f94</processParameterId>
            <processId>1.6ab4ed30-ffa5-4879-8bf9-75ac0636ce84</processId>
            <parameterType>1</parameterType>
            <isArrayOf>false</isArrayOf>
            <classId>/12.db884a3c-c533-44b7-bb2d-47bec8ad4022</classId>
            <seq>1</seq>
            <hasDefault>false</hasDefault>
            <defaultValue isNull="true" />
            <isLocked>false</isLocked>
            <description isNull="true" />
            <guid>guid:5a54f1704f1c1577:-6b56085f:12370558356:-7efa</guid>
            <versionId>696a3515-ee67-4d9d-8381-b8dcc84971cf</versionId>
        </processParameter>
        <processParameter name="conditionalActivities">
            <lastModified isNull="true" />
            <lastModifiedBy isNull="true" />
            <processParameterId>2055.e8d1bd9b-88e1-46bf-8072-ef03f958f205</processParameterId>
            <processId>1.6ab4ed30-ffa5-4879-8bf9-75ac0636ce84</processId>
            <parameterType>1</parameterType>
            <isArrayOf>true</isArrayOf>
            <classId>/12.4b7c93cd-cecb-4b9f-b753-43ef956d8169</classId>
            <seq>2</seq>
            <hasDefault>false</hasDefault>
            <defaultValue isNull="true" />
            <isLocked>false</isLocked>
            <description>The conditional activities from the BPD</description>
            <guid>guid:5a54f1704f1c1577:-6b56085f:12370558356:-7ef9</guid>
            <versionId>eada2f8f-306f-4191-a57f-6ba93b732482</versionId>
        </processParameter>
        <processParameter name="selectedConditionalActivities">
            <lastModified isNull="true" />
            <lastModifiedBy isNull="true" />
            <processParameterId>2055.ba5d0c10-85d2-41a4-bde2-b0becfa4f7e7</processParameterId>
            <processId>1.6ab4ed30-ffa5-4879-8bf9-75ac0636ce84</processId>
            <parameterType>1</parameterType>
            <isArrayOf>true</isArrayOf>
            <classId>/12.db884a3c-c533-44b7-bb2d-47bec8ad4022</classId>
            <seq>3</seq>
            <hasDefault>true</hasDefault>
            <defaultValue>var autoObject = new tw.object.arrayOf.String();
autoObject[0] = "";
autoObject
</defaultValue>
            <isLocked>false</isLocked>
            <description>GUIDs of preselected conditional activities (if any)</description>
            <guid>guid:5a54f1704f1c1577:-6b56085f:12370558356:-7ef8</guid>
            <versionId>110f78f5-11ff-4025-a561-c75dcd04f55b</versionId>
        </processParameter>
        <processParameter name="templateID">
            <lastModified isNull="true" />
            <lastModifiedBy isNull="true" />
            <processParameterId>2055.a4b2b2f3-8bef-4d34-88c3-8a748e7533f9</processParameterId>
            <processId>1.6ab4ed30-ffa5-4879-8bf9-75ac0636ce84</processId>
            <parameterType>1</parameterType>
            <isArrayOf>false</isArrayOf>
            <classId>/12.db884a3c-c533-44b7-bb2d-47bec8ad4022</classId>
            <seq>4</seq>
            <hasDefault>true</hasDefault>
            <defaultValue>""</defaultValue>
            <isLocked>false</isLocked>
            <description>The ID of a template to start with (if any)</description>
            <guid>guid:5a54f1704f1c1577:-6b56085f:12370558356:-7ef7</guid>
            <versionId>2701f350-f200-4537-8ab7-12f0b3c4f3d2</versionId>
        </processParameter>
        <processParameter name="isReadOnly">
            <lastModified isNull="true" />
            <lastModifiedBy isNull="true" />
            <processParameterId>2055.96f81d37-c7f9-4b04-af51-8cfdf838c1dc</processParameterId>
            <processId>1.6ab4ed30-ffa5-4879-8bf9-75ac0636ce84</processId>
            <parameterType>1</parameterType>
            <isArrayOf>false</isArrayOf>
            <classId>/12.83ff975e-8dbc-42e5-b738-fa8bc08274a2</classId>
            <seq>5</seq>
            <hasDefault>true</hasDefault>
            <defaultValue>false</defaultValue>
            <isLocked>false</isLocked>
            <description>Whether or not the selection tree is read-only.</description>
            <guid>guid:5a54f1704f1c1577:-6b56085f:12370558356:-7ef6</guid>
            <versionId>2976b01d-58b3-4781-8deb-5fa2dad0b8ac</versionId>
        </processParameter>
        <processParameter name="selectedConditionalActivities">
            <lastModified isNull="true" />
            <lastModifiedBy isNull="true" />
            <processParameterId>2055.df3d9e5f-c498-4ef8-a6a6-00808ef4ab97</processParameterId>
            <processId>1.6ab4ed30-ffa5-4879-8bf9-75ac0636ce84</processId>
            <parameterType>2</parameterType>
            <isArrayOf>true</isArrayOf>
            <classId>/12.db884a3c-c533-44b7-bb2d-47bec8ad4022</classId>
            <seq>6</seq>
            <hasDefault>false</hasDefault>
            <defaultValue isNull="true" />
            <isLocked>false</isLocked>
            <description>GUIDs of conditional activities selected by coach and/or template</description>
            <guid>guid:5a54f1704f1c1577:-6b56085f:12370558356:-7ef5</guid>
            <versionId>f5ddd9e0-09f7-4073-8370-6343b92a4bda</versionId>
        </processParameter>
        <processParameter name="templateID">
            <lastModified isNull="true" />
            <lastModifiedBy isNull="true" />
            <processParameterId>2055.4c21b60a-07a5-40b1-acf3-74d68b8c7695</processParameterId>
            <processId>1.6ab4ed30-ffa5-4879-8bf9-75ac0636ce84</processId>
            <parameterType>2</parameterType>
            <isArrayOf>false</isArrayOf>
            <classId>/12.db884a3c-c533-44b7-bb2d-47bec8ad4022</classId>
            <seq>7</seq>
            <hasDefault>false</hasDefault>
            <defaultValue isNull="true" />
            <isLocked>false</isLocked>
            <description>The ID of the template used to select the conditional activities.  Some of the selected conditional activities may have changed since loading the template.</description>
            <guid>guid:5a54f1704f1c1577:-6b56085f:12370558356:-7ef4</guid>
            <versionId>8819cbac-e49f-4d3d-b311-4f5c860e8563</versionId>
        </processParameter>
        <processVariable name="templateNames">
            <lastModified isNull="true" />
            <lastModifiedBy isNull="true" />
            <processVariableId>2056.ec55b9f6-2382-4229-9ce8-331e2c063c4f</processVariableId>
            <description>Auto generated variable for mapping of lsw Get Conditional Activity Template Names</description>
            <processId>1.6ab4ed30-ffa5-4879-8bf9-75ac0636ce84</processId>
            <namespace>2</namespace>
            <seq>1</seq>
            <isArrayOf>true</isArrayOf>
            <classId>/12.d2e5a15a-ea53-4793-9e93-29af5bd80b13</classId>
            <hasDefault>false</hasDefault>
            <defaultValue isNull="true" />
            <guid>guid:5a54f1704f1c1577:-6b56085f:12370558356:-7ef3</guid>
            <versionId>6a6db253-e2ac-4617-8080-c7bd234af4ed</versionId>
        </processVariable>
        <processVariable name="templateName">
            <lastModified isNull="true" />
            <lastModifiedBy isNull="true" />
            <processVariableId>2056.fd8335d6-89d8-4b4f-8d51-69fbb4b5585a</processVariableId>
            <description>Auto generated variable for mapping of lsw Save Conditional Activity Template</description>
            <processId>1.6ab4ed30-ffa5-4879-8bf9-75ac0636ce84</processId>
            <namespace>2</namespace>
            <seq>2</seq>
            <isArrayOf>false</isArrayOf>
            <classId>/12.db884a3c-c533-44b7-bb2d-47bec8ad4022</classId>
            <hasDefault>false</hasDefault>
            <defaultValue isNull="true" />
            <guid>guid:5a54f1704f1c1577:-6b56085f:12370558356:-7ef2</guid>
            <versionId>5bf527b3-8748-43e2-b136-cc372193b09e</versionId>
        </processVariable>
        <processVariable name="originalSelectedConditionalActivities">
            <lastModified isNull="true" />
            <lastModifiedBy isNull="true" />
            <processVariableId>2056.d20c739a-8c32-4b21-bb07-f2488e064976</processVariableId>
            <description isNull="true" />
            <processId>1.6ab4ed30-ffa5-4879-8bf9-75ac0636ce84</processId>
            <namespace>2</namespace>
            <seq>3</seq>
            <isArrayOf>true</isArrayOf>
            <classId>/12.db884a3c-c533-44b7-bb2d-47bec8ad4022</classId>
            <hasDefault>false</hasDefault>
            <defaultValue isNull="true" />
            <guid>guid:5a54f1704f1c1577:-6b56085f:12370558356:-7ef1</guid>
            <versionId>2c1e3d49-ed11-4e90-b543-677a13dadf1c</versionId>
        </processVariable>
        <processVariable name="conditionalActivitySelectionTreeHTML">
            <lastModified isNull="true" />
            <lastModifiedBy isNull="true" />
            <processVariableId>2056.491c7fc9-9b83-49cc-8a11-77561fcdb162</processVariableId>
            <description>Auto generated variable for mapping of lsw Create Conditional Activity Selection Tree HTML</description>
            <processId>1.6ab4ed30-ffa5-4879-8bf9-75ac0636ce84</processId>
            <namespace>2</namespace>
            <seq>4</seq>
            <isArrayOf>false</isArrayOf>
            <classId>/12.db884a3c-c533-44b7-bb2d-47bec8ad4022</classId>
            <hasDefault>false</hasDefault>
            <defaultValue isNull="true" />
            <guid>guid:5a54f1704f1c1577:-6b56085f:12370558356:-7ef0</guid>
            <versionId>356515e8-c848-41a7-a068-693620b5e7d1</versionId>
        </processVariable>
        <processVariable name="originalTemplateID">
            <lastModified isNull="true" />
            <lastModifiedBy isNull="true" />
            <processVariableId>2056.8226d913-e2f1-4508-a3bb-dba318a887d3</processVariableId>
            <description isNull="true" />
            <processId>1.6ab4ed30-ffa5-4879-8bf9-75ac0636ce84</processId>
            <namespace>2</namespace>
            <seq>5</seq>
            <isArrayOf>false</isArrayOf>
            <classId>/12.db884a3c-c533-44b7-bb2d-47bec8ad4022</classId>
            <hasDefault>false</hasDefault>
            <defaultValue isNull="true" />
            <guid>guid:5a54f1704f1c1577:-6b56085f:12370558356:-7eef</guid>
            <versionId>c74e7435-23d0-4b40-9d48-737ffb95563d</versionId>
        </processVariable>
        <item>
            <lastModified isNull="true" />
            <lastModifiedBy isNull="true" />
            <processItemId>2025.b9462054-1265-4a49-b5dc-21222f4c8c92</processItemId>
            <processId>1.6ab4ed30-ffa5-4879-8bf9-75ac0636ce84</processId>
            <name>Init</name>
            <tWComponentName>Script</tWComponentName>
            <tWComponentId>3011.afd91560-2858-4548-8791-a57ba26d407a</tWComponentId>
            <isLogEnabled>false</isLogEnabled>
            <isTraceEnabled>false</isTraceEnabled>
            <traceCategory isNull="true" />
            <traceLevel isNull="true" />
            <traceMessage isNull="true" />
            <traceSymbolTable isNull="true" />
            <isExecutionContextTraced>false</isExecutionContextTraced>
            <saveExecutionContext>false</saveExecutionContext>
            <documentation isNull="true" />
            <isErrorHandlerEnabled>false</isErrorHandlerEnabled>
            <errorHandlerItemId isNull="true" />
            <guid>guid:5a54f1704f1c1577:-6b56085f:12370558356:-7eeb</guid>
            <versionId>00585f53-1612-4dff-b480-11a0ae7db756</versionId>
            <layoutData x="125" y="186">
                <errorLink>
                    <controlPoints />
                    <showEndState>false</showEndState>
                    <showName>false</showName>
                </errorLink>
            </layoutData>
            <TWComponent>
                <lastModified isNull="true" />
                <lastModifiedBy isNull="true" />
                <scriptId>3011.afd91560-2858-4548-8791-a57ba26d407a</scriptId>
                <scriptTypeId>2</scriptTypeId>
                <isActive>true</isActive>
                <script>tw.local.originalSelectedConditionalActivities = tw.local.selectedConditionalActivities;
tw.local.originalTemplateID = tw.local.templateID;

tw.local.selectedConditionalActivities = new tw.object.listOf.String();
if(tw.local.originalSelectedConditionalActivities != null) {
  var numSelected = tw.local.originalSelectedConditionalActivities.listLength;
  for(var i = 0; i &lt; numSelected; i++) {
    tw.local.selectedConditionalActivities[i] = tw.local.originalSelectedConditionalActivities[i];
  }
}

</script>
                <isRule>false</isRule>
                <guid>guid:5a54f1704f1c1577:-6b56085f:12370558356:-7eec</guid>
                <versionId>7102f9ff-4ca0-4a4e-921e-c636ce0bb791</versionId>
            </TWComponent>
        </item>
        <item>
            <lastModified isNull="true" />
            <lastModifiedBy isNull="true" />
            <processItemId>2025.c3aaf665-b93d-46b6-b613-682dceadb6be</processItemId>
            <processId>1.6ab4ed30-ffa5-4879-8bf9-75ac0636ce84</processId>
            <name>Get Template Names</name>
            <tWComponentName>SubProcess</tWComponentName>
            <tWComponentId>3012.351cc694-8a9a-442b-85a1-1bb798a262d2</tWComponentId>
            <isLogEnabled>false</isLogEnabled>
            <isTraceEnabled>false</isTraceEnabled>
            <traceCategory isNull="true" />
            <traceLevel isNull="true" />
            <traceMessage isNull="true" />
            <traceSymbolTable isNull="true" />
            <isExecutionContextTraced>false</isExecutionContextTraced>
            <saveExecutionContext>false</saveExecutionContext>
            <documentation isNull="true" />
            <isErrorHandlerEnabled>false</isErrorHandlerEnabled>
            <errorHandlerItemId isNull="true" />
            <guid>guid:5a54f1704f1c1577:-6b56085f:12370558356:-7ee0</guid>
            <versionId>01aafaf9-c075-4862-80c9-294b5b53addc</versionId>
            <layoutData x="385" y="187">
                <errorLink>
                    <controlPoints />
                    <showEndState>false</showEndState>
                    <showName>false</showName>
                </errorLink>
            </layoutData>
            <TWComponent>
                <lastModified isNull="true" />
                <lastModifiedBy isNull="true" />
                <subProcessId>3012.351cc694-8a9a-442b-85a1-1bb798a262d2</subProcessId>
                <attachedProcessRef>/1.799f0397-1f1f-4771-984a-e5b5965570c4</attachedProcessRef>
                <guid>guid:5a54f1704f1c1577:-6b56085f:12370558356:-7edf</guid>
                <versionId>90bea2b2-af4d-462d-a14e-e175f8e96213</versionId>
                <parameterMapping name="bpdGUID">
                    <lastModified isNull="true" />
                    <lastModifiedBy isNull="true" />
                    <parameterMappingId>2054.ccb21f65-9c62-48d6-9e7d-0f9d528f58db</parameterMappingId>
                    <processParameterId>2055.a71d8ac4-4aef-4d5f-a9fa-e11bba8a3506</processParameterId>
                    <parameterMappingParentId>3012.351cc694-8a9a-442b-85a1-1bb798a262d2</parameterMappingParentId>
                    <useDefault>false</useDefault>
                    <value>tw.local.bpdGUID</value>
                    <classRef>/12.db884a3c-c533-44b7-bb2d-47bec8ad4022</classRef>
                    <isList>false</isList>
                    <isInput>true</isInput>
                    <guid>guid:5a54f1704f1c1577:-6b56085f:12370558356:-7eb4</guid>
                    <versionId>34dde188-5e40-44aa-9ef1-4b68c95e68eb</versionId>
                    <description isNull="true" />
                </parameterMapping>
                <parameterMapping name="templateNames">
                    <lastModified isNull="true" />
                    <lastModifiedBy isNull="true" />
                    <parameterMappingId>2054.fcc7dcbf-37d8-4a4a-a82d-437816c0021a</parameterMappingId>
                    <processParameterId>2055.aab53eac-0cc9-47a0-983f-3c29680541de</processParameterId>
                    <parameterMappingParentId>3012.351cc694-8a9a-442b-85a1-1bb798a262d2</parameterMappingParentId>
                    <useDefault>false</useDefault>
                    <value>tw.local.templateNames</value>
                    <classRef>/12.d2e5a15a-ea53-4793-9e93-29af5bd80b13</classRef>
                    <isList>true</isList>
                    <isInput>false</isInput>
                    <guid>guid:5a54f1704f1c1577:-6b56085f:12370558356:-7eb3</guid>
                    <versionId>757fc00f-785d-48f6-8ba9-90081add3772</versionId>
                    <description isNull="true" />
                </parameterMapping>
            </TWComponent>
        </item>
        <item>
            <lastModified isNull="true" />
            <lastModifiedBy isNull="true" />
            <processItemId>2025.67c2d98b-494e-4dee-ac71-94fe53a8fefd</processItemId>
            <processId>1.6ab4ed30-ffa5-4879-8bf9-75ac0636ce84</processId>
            <name>Create Selection Tree HTML</name>
            <tWComponentName>SubProcess</tWComponentName>
            <tWComponentId>3012.5845c804-3605-4626-8f59-8bd417704845</tWComponentId>
            <isLogEnabled>false</isLogEnabled>
            <isTraceEnabled>false</isTraceEnabled>
            <traceCategory isNull="true" />
            <traceLevel isNull="true" />
            <traceMessage isNull="true" />
            <traceSymbolTable isNull="true" />
            <isExecutionContextTraced>false</isExecutionContextTraced>
            <saveExecutionContext>false</saveExecutionContext>
            <documentation isNull="true" />
            <isErrorHandlerEnabled>false</isErrorHandlerEnabled>
            <errorHandlerItemId isNull="true" />
            <guid>guid:5a54f1704f1c1577:-6b56085f:12370558356:-7edd</guid>
            <versionId>0bb32a25-fe4a-408e-965f-7c7df43d9016</versionId>
            <layoutData x="512" y="187">
                <errorLink>
                    <controlPoints />
                    <showEndState>false</showEndState>
                    <showName>false</showName>
                </errorLink>
            </layoutData>
            <TWComponent>
                <lastModified isNull="true" />
                <lastModifiedBy isNull="true" />
                <subProcessId>3012.5845c804-3605-4626-8f59-8bd417704845</subProcessId>
                <attachedProcessRef>/1.f4dba1a1-aaae-4534-a8b4-e8e973853818</attachedProcessRef>
                <guid>guid:5a54f1704f1c1577:-6b56085f:12370558356:-7edc</guid>
                <versionId>b7fc38e7-fdd8-451f-9aac-641ac2917176</versionId>
                <parameterMapping name="selectedConditionalActivities">
                    <lastModified isNull="true" />
                    <lastModifiedBy isNull="true" />
                    <parameterMappingId>2054.c5a45e39-1d44-48af-ad51-01d78793e612</parameterMappingId>
                    <processParameterId>2055.d4bab48c-9ec7-40d8-b330-fc430872e79c</processParameterId>
                    <parameterMappingParentId>3012.5845c804-3605-4626-8f59-8bd417704845</parameterMappingParentId>
                    <useDefault>false</useDefault>
                    <value>tw.local.selectedConditionalActivities</value>
                    <classRef>/12.db884a3c-c533-44b7-bb2d-47bec8ad4022</classRef>
                    <isList>true</isList>
                    <isInput>true</isInput>
                    <guid>guid:5a54f1704f1c1577:-6b56085f:12370558356:-7eab</guid>
                    <versionId>357f06c6-33c7-4b52-ab33-03fa24f7afa0</versionId>
                    <description isNull="true" />
                </parameterMapping>
                <parameterMapping name="conditionalActivitySelectionTreeHTML">
                    <lastModified isNull="true" />
                    <lastModifiedBy isNull="true" />
                    <parameterMappingId>2054.e2d843b0-3441-448c-bbfd-b42ac3ae6a32</parameterMappingId>
                    <processParameterId>2055.9fc09732-0162-4010-a899-287759cb54e1</processParameterId>
                    <parameterMappingParentId>3012.5845c804-3605-4626-8f59-8bd417704845</parameterMappingParentId>
                    <useDefault>false</useDefault>
                    <value>tw.local.conditionalActivitySelectionTreeHTML</value>
                    <classRef>/12.db884a3c-c533-44b7-bb2d-47bec8ad4022</classRef>
                    <isList>false</isList>
                    <isInput>false</isInput>
                    <guid>guid:5a54f1704f1c1577:-6b56085f:12370558356:-7ea9</guid>
                    <versionId>9e6a701a-ea4f-476f-a3cb-bbe5c9f8f1bb</versionId>
                    <description isNull="true" />
                </parameterMapping>
                <parameterMapping name="isReadOnly">
                    <lastModified isNull="true" />
                    <lastModifiedBy isNull="true" />
                    <parameterMappingId>2054.59fc8bd4-7519-4bf7-8668-f781cb5cfe7d</parameterMappingId>
                    <processParameterId>2055.298fcfbd-7c5a-4b69-9380-dae362c75d4b</processParameterId>
                    <parameterMappingParentId>3012.5845c804-3605-4626-8f59-8bd417704845</parameterMappingParentId>
                    <useDefault>false</useDefault>
                    <value>tw.local.isReadOnly</value>
                    <classRef>/12.83ff975e-8dbc-42e5-b738-fa8bc08274a2</classRef>
                    <isList>false</isList>
                    <isInput>true</isInput>
                    <guid>guid:5a54f1704f1c1577:-6b56085f:12370558356:-7eaa</guid>
                    <versionId>adbd3487-760c-4e6c-be8a-d174a221c2eb</versionId>
                    <description isNull="true" />
                </parameterMapping>
                <parameterMapping name="conditionalActivities">
                    <lastModified isNull="true" />
                    <lastModifiedBy isNull="true" />
                    <parameterMappingId>2054.c3c59747-56e9-4e35-bd8c-aeba01530103</parameterMappingId>
                    <processParameterId>2055.599adf4b-4ad5-4cbc-874f-2c01a672149e</processParameterId>
                    <parameterMappingParentId>3012.5845c804-3605-4626-8f59-8bd417704845</parameterMappingParentId>
                    <useDefault>false</useDefault>
                    <value>tw.local.conditionalActivities</value>
                    <classRef>/12.4b7c93cd-cecb-4b9f-b753-43ef956d8169</classRef>
                    <isList>true</isList>
                    <isInput>true</isInput>
                    <guid>guid:5a54f1704f1c1577:-6b56085f:12370558356:-7eac</guid>
                    <versionId>bfa13d31-4f48-4d86-9246-74467c5d1bc9</versionId>
                    <description isNull="true" />
                </parameterMapping>
            </TWComponent>
        </item>
        <item>
            <lastModified isNull="true" />
            <lastModifiedBy isNull="true" />
            <processItemId>2025.1bb41b24-24d3-4587-aaff-e1910f71aa5a</processItemId>
            <processId>1.6ab4ed30-ffa5-4879-8bf9-75ac0636ce84</processId>
            <name>Load Initial Template</name>
            <tWComponentName>SubProcess</tWComponentName>
            <tWComponentId>3012.3d31f2bc-3b26-4af8-aa5a-f3de3f1b1ed6</tWComponentId>
            <isLogEnabled>false</isLogEnabled>
            <isTraceEnabled>false</isTraceEnabled>
            <traceCategory isNull="true" />
            <traceLevel isNull="true" />
            <traceMessage isNull="true" />
            <traceSymbolTable isNull="true" />
            <isExecutionContextTraced>false</isExecutionContextTraced>
            <saveExecutionContext>false</saveExecutionContext>
            <documentation isNull="true" />
            <isErrorHandlerEnabled>false</isErrorHandlerEnabled>
            <errorHandlerItemId isNull="true" />
            <guid>guid:5a54f1704f1c1577:-6b56085f:12370558356:-7ee5</guid>
            <versionId>1605173c-d687-4b54-9cf4-645036722ccf</versionId>
            <layoutData x="248" y="70">
                <errorLink>
                    <controlPoints />
                    <showEndState>false</showEndState>
                    <showName>false</showName>
                </errorLink>
            </layoutData>
            <TWComponent>
                <lastModified isNull="true" />
                <lastModifiedBy isNull="true" />
                <subProcessId>3012.3d31f2bc-3b26-4af8-aa5a-f3de3f1b1ed6</subProcessId>
                <attachedProcessRef>/1.7d03c736-e572-4622-b7f8-67105a55af6d</attachedProcessRef>
                <guid>guid:5a54f1704f1c1577:-6b56085f:12370558356:-7ee4</guid>
                <versionId>c6e6e2cc-0b8b-4a1e-b867-7931c53b785b</versionId>
                <parameterMapping name="templateID">
                    <lastModified isNull="true" />
                    <lastModifiedBy isNull="true" />
                    <parameterMappingId>2054.5635f6dc-48c6-4134-843c-b2d965be4a61</parameterMappingId>
                    <processParameterId>2055.1eaea77f-456b-470d-b6ea-e6d39f5e2bcc</processParameterId>
                    <parameterMappingParentId>3012.3d31f2bc-3b26-4af8-aa5a-f3de3f1b1ed6</parameterMappingParentId>
                    <useDefault>false</useDefault>
                    <value>tw.local.templateID</value>
                    <classRef>/12.db884a3c-c533-44b7-bb2d-47bec8ad4022</classRef>
                    <isList>false</isList>
                    <isInput>true</isInput>
                    <guid>guid:5a54f1704f1c1577:-6b56085f:12370558356:-7ee3</guid>
                    <versionId>02b2a45e-3549-45e1-9785-dc4686da4005</versionId>
                    <description isNull="true" />
                </parameterMapping>
                <parameterMapping name="selectedConditionalActivities">
                    <lastModified isNull="true" />
                    <lastModifiedBy isNull="true" />
                    <parameterMappingId>2054.5b1cc0cf-12c3-4353-88ed-36532251562c</parameterMappingId>
                    <processParameterId>2055.5d730763-f57a-45a0-bbce-91d9351c6c0d</processParameterId>
                    <parameterMappingParentId>3012.3d31f2bc-3b26-4af8-aa5a-f3de3f1b1ed6</parameterMappingParentId>
                    <useDefault>false</useDefault>
                    <value>tw.local.selectedConditionalActivities</value>
                    <classRef>/12.db884a3c-c533-44b7-bb2d-47bec8ad4022</classRef>
                    <isList>true</isList>
                    <isInput>false</isInput>
                    <guid>guid:5a54f1704f1c1577:-6b56085f:12370558356:-7ee2</guid>
                    <versionId>6a0e5e38-9d0d-4560-b00f-c206e3f83e1e</versionId>
                    <description isNull="true" />
                </parameterMapping>
            </TWComponent>
        </item>
        <item>
            <lastModified isNull="true" />
            <lastModifiedBy isNull="true" />
            <processItemId>2025.f61a3ebb-c883-43f4-822c-f8689b1a7d75</processItemId>
            <processId>1.6ab4ed30-ffa5-4879-8bf9-75ac0636ce84</processId>
            <name>Get Selected Template Name</name>
            <tWComponentName>Script</tWComponentName>
            <tWComponentId>3011.389d5a00-5127-4e3c-b913-33050c9c1a40</tWComponentId>
            <isLogEnabled>false</isLogEnabled>
            <isTraceEnabled>false</isTraceEnabled>
            <traceCategory isNull="true" />
            <traceLevel isNull="true" />
            <traceMessage isNull="true" />
            <traceSymbolTable isNull="true" />
            <isExecutionContextTraced>false</isExecutionContextTraced>
            <saveExecutionContext>false</saveExecutionContext>
            <documentation isNull="true" />
            <isErrorHandlerEnabled>false</isErrorHandlerEnabled>
            <errorHandlerItemId isNull="true" />
            <guid>guid:5a54f1704f1c1577:-6b56085f:12370558356:-7ed2</guid>
            <versionId>24a91f36-093d-4ca8-918a-65a46f64de58</versionId>
            <layoutData x="636" y="10">
                <errorLink>
                    <controlPoints />
                    <showEndState>false</showEndState>
                    <showName>false</showName>
                </errorLink>
            </layoutData>
            <TWComponent>
                <lastModified isNull="true" />
                <lastModifiedBy isNull="true" />
                <scriptId>3011.389d5a00-5127-4e3c-b913-33050c9c1a40</scriptId>
                <scriptTypeId>2</scriptTypeId>
                <isActive>true</isActive>
                <script>if(tw.local.templateID != null &amp;&amp; tw.local.templateID.length &gt; 0) {
  var numTemplates = tw.local.templateNames.listLength;
  for(var i = 0; i &lt; numTemplates; i++) {
    if(tw.local.templateID == tw.local.templateNames[i].value) {
      tw.local.templateName = tw.local.templateNames[i].name;
      break;
    }
  }
} else {
  tw.local.templateName = "";
}
</script>
                <isRule>false</isRule>
                <guid>guid:5a54f1704f1c1577:-6b56085f:12370558356:-7ed3</guid>
                <versionId>2519c21d-66bd-402c-8fe6-28f8ec210520</versionId>
            </TWComponent>
        </item>
        <item>
            <lastModified isNull="true" />
            <lastModifiedBy isNull="true" />
            <processItemId>2025.3c99646a-a84d-4d29-b340-f4e1f1d051e0</processItemId>
            <processId>1.6ab4ed30-ffa5-4879-8bf9-75ac0636ce84</processId>
            <name>End</name>
            <tWComponentName>ExitPoint</tWComponentName>
            <tWComponentId>3008.1e8049a9-2882-47ac-8606-91b6604b2aa7</tWComponentId>
            <isLogEnabled>false</isLogEnabled>
            <isTraceEnabled>false</isTraceEnabled>
            <traceCategory isNull="true" />
            <traceLevel isNull="true" />
            <traceMessage isNull="true" />
            <traceSymbolTable isNull="true" />
            <isExecutionContextTraced>false</isExecutionContextTraced>
            <saveExecutionContext>true</saveExecutionContext>
            <documentation isNull="true" />
            <isErrorHandlerEnabled>false</isErrorHandlerEnabled>
            <errorHandlerItemId isNull="true" />
            <guid>guid:5a54f1704f1c1577:-6b56085f:12370558356:-7efc</guid>
            <versionId>37ae05d9-f86f-463e-805e-11549492b9b0</versionId>
            <layoutData x="998" y="196">
                <errorLink>
                    <controlPoints />
                    <showEndState>false</showEndState>
                    <showName>false</showName>
                </errorLink>
            </layoutData>
            <TWComponent>
                <lastModified isNull="true" />
                <lastModifiedBy isNull="true" />
                <exitPointId>3008.1e8049a9-2882-47ac-8606-91b6604b2aa7</exitPointId>
                <haltProcess>false</haltProcess>
                <guid>guid:5a54f1704f1c1577:-6b56085f:12370558356:-7efb</guid>
                <versionId>34065ab2-aab9-4dbd-9562-7e2fb6488535</versionId>
            </TWComponent>
        </item>
        <item>
            <lastModified isNull="true" />
            <lastModifiedBy isNull="true" />
            <processItemId>2025.b37d8b17-7c94-47ed-b2b4-a1f61cc63fb5</processItemId>
            <processId>1.6ab4ed30-ffa5-4879-8bf9-75ac0636ce84</processId>
            <name>Revert</name>
            <tWComponentName>Script</tWComponentName>
            <tWComponentId>3011.4923ca23-8656-4ece-b179-8ac8589d381b</tWComponentId>
            <isLogEnabled>false</isLogEnabled>
            <isTraceEnabled>false</isTraceEnabled>
            <traceCategory isNull="true" />
            <traceLevel isNull="true" />
            <traceMessage isNull="true" />
            <traceSymbolTable isNull="true" />
            <isExecutionContextTraced>false</isExecutionContextTraced>
            <saveExecutionContext>false</saveExecutionContext>
            <documentation isNull="true" />
            <isErrorHandlerEnabled>false</isErrorHandlerEnabled>
            <errorHandlerItemId isNull="true" />
            <guid>guid:5a54f1704f1c1577:-6b56085f:12370558356:-7ece</guid>
            <versionId>600312e1-76f5-4d81-b3cd-04bb2c0f85cd</versionId>
            <layoutData x="359" y="321">
                <errorLink>
                    <controlPoints />
                    <showEndState>false</showEndState>
                    <showName>false</showName>
                </errorLink>
            </layoutData>
            <TWComponent>
                <lastModified isNull="true" />
                <lastModifiedBy isNull="true" />
                <scriptId>3011.4923ca23-8656-4ece-b179-8ac8589d381b</scriptId>
                <scriptTypeId>2</scriptTypeId>
                <isActive>true</isActive>
                <script>tw.local.selectedConditionalActivities = tw.local.originalSelectedConditionalActivities;
tw.local.templateID = tw.local.originalTemplateID;</script>
                <isRule>false</isRule>
                <guid>guid:5a54f1704f1c1577:-6b56085f:12370558356:-7ecf</guid>
                <versionId>c580ba24-1cc2-4c23-a381-23cc599df818</versionId>
            </TWComponent>
        </item>
        <item>
            <lastModified isNull="true" />
            <lastModifiedBy isNull="true" />
            <processItemId>2025.875fca76-eb13-4a0e-8d02-6e77f9dbbed1</processItemId>
            <processId>1.6ab4ed30-ffa5-4879-8bf9-75ac0636ce84</processId>
            <name>Conditional Activities</name>
            <tWComponentName>Coach</tWComponentName>
            <tWComponentId>3003.58e76070-6f30-4893-b72a-b28323920239</tWComponentId>
            <isLogEnabled>false</isLogEnabled>
            <isTraceEnabled>false</isTraceEnabled>
            <traceCategory isNull="true" />
            <traceLevel isNull="true" />
            <traceMessage isNull="true" />
            <traceSymbolTable isNull="true" />
            <isExecutionContextTraced>false</isExecutionContextTraced>
            <saveExecutionContext>true</saveExecutionContext>
            <documentation isNull="true" />
            <isErrorHandlerEnabled>false</isErrorHandlerEnabled>
            <errorHandlerItemId isNull="true" />
            <guid>guid:5a54f1704f1c1577:-6b56085f:12370558356:-7eca</guid>
            <versionId>66ed0ddc-9dd4-4a89-bb49-b7078bc44d6c</versionId>
            <layoutData x="765" y="190">
                <errorLink>
                    <controlPoints />
                    <showEndState>false</showEndState>
                    <showName>false</showName>
                </errorLink>
            </layoutData>
            <TWComponent>
                <lastModified isNull="true" />
                <lastModifiedBy isNull="true" />
                <coachId>3003.58e76070-6f30-4893-b72a-b28323920239</coachId>
                <title>Untitled1</title>
                <layoutRef>/20.fa3fc599-a72a-4a82-8f14-6bba1565444a</layoutRef>
                <layoutData isNull="true" />
                <xslRef isNull="true" />
                <guid>guid:5a54f1704f1c1577:-6b56085f:12370558356:-7ecb</guid>
                <versionId>bb6165b7-6976-4f1d-ac3f-501f0565d28c</versionId>
                <CoachResources>
                    <lastModified isNull="true" />
                    <lastModifiedBy isNull="true" />
                    <coachResourceId>3004.fccb48d6-4edd-4676-804c-f6fcdf2bf704</coachResourceId>
                    <coachId>3003.58e76070-6f30-4893-b72a-b28323920239</coachId>
                    <virtualName>CoachDesignerXML</virtualName>
                    <type>text/HTML</type>
                    <resourceData>&lt;tw:Form xmlns:tw="http://lombardisoftware.com/schema/coachdesigner" xmlns:xsi="http://www.w3.org/2001/XMLSchema-instance" xsi:schemaLocation="http://lombardisoftware.com/schema/forms Form.xsd"&gt;
  &lt;tw:FormTitle&gt;Lombardi Coach&lt;/tw:FormTitle&gt;
  &lt;tw:Layout tw:id="section" tw:styleClass=""&gt;
    &lt;tw:Section tw:columns="1"&gt;
      &lt;tw:SectionTitle tw:id="sectionTitle" tw:visible="false"&gt;Section Title&lt;/tw:SectionTitle&gt;
      &lt;tw:SectionHeading tw:id="sectionHeading" tw:visible="false"&gt;Section Heading&lt;/tw:SectionHeading&gt;
      &lt;tw:Row tw:rows="3"&gt;
        &lt;tw:Column&gt;
          &lt;tw:Control tw:col="1" tw:colspan="1" tw:id="section1" tw:row="1" tw:rowspan="1"&gt;
            &lt;tw:Documentation&gt;This section will be an empty section with two columns defined.&lt;/tw:Documentation&gt;
            &lt;tw:Section tw:columns="2"&gt;
              &lt;tw:SectionTitle tw:id="sectionTitle" tw:visible="false"&gt;Section Title&lt;/tw:SectionTitle&gt;
              &lt;tw:Row tw:rows="1"&gt;
                &lt;tw:Column&gt;
                  &lt;tw:Control tw:col="1" tw:colspan="1" tw:id="ComboBox0" tw:row="1" tw:rowspan="1"&gt;
                    &lt;tw:Documentation&gt;Shows a drop-down list of values from which the user can select a single value.&lt;/tw:Documentation&gt;
                    &lt;tw:PaletteIcon&gt;coachdesigner16/choice_obj.gif&lt;/tw:PaletteIcon&gt;
                    &lt;tw:EventHandler tw:event="onChange"&gt;
                      &lt;tw:ClientScript&gt;if(this.value != null &amp;amp;&amp;amp; this.value.length &amp;gt; 0) {
  document.getElementById("ButtonGroup1_Button1").click();
}&lt;/tw:ClientScript&gt;
                    &lt;/tw:EventHandler&gt;
                    &lt;tw:SingleSelect tw:binding="tw.local.templateID"&gt;
                      &lt;tw:Label tw:visible="true"&gt;Template:&lt;/tw:Label&gt;
                      &lt;tw:StaticOption tw:value=""&gt;-- None --&lt;/tw:StaticOption&gt;
                      &lt;tw:DynamicOption tw:binding="tw.local.templateNames[]" tw:displayBinding=".name" tw:valueBinding=".value" /&gt;
                      &lt;tw:BasedOn tw:type="List Variable" /&gt;
                      &lt;tw:VisualDropDown /&gt;
                    &lt;/tw:SingleSelect&gt;
                  &lt;/tw:Control&gt;
                &lt;/tw:Column&gt;
                &lt;tw:Column&gt;
                  &lt;tw:Control tw:col="2" tw:colspan="1" tw:id="ButtonGroup1" tw:row="1" tw:rowspan="1"&gt;
                    &lt;tw:Documentation&gt;A Button Group containing one Button.&lt;/tw:Documentation&gt;
                    &lt;tw:PaletteIcon&gt;coachdesigner16/button_obj.gif&lt;/tw:PaletteIcon&gt;
                    &lt;tw:ButtonGroup&gt;
                      &lt;tw:Label tw:visible="false"&gt;A Button:&lt;/tw:Label&gt;
                      &lt;tw:Button tw:decisionPoint="true" tw:id="Button0"&gt;
                        &lt;tw:Label&gt;Save&lt;/tw:Label&gt;
                        &lt;tw:EventHandler tw:event="onClick" /&gt;
                      &lt;/tw:Button&gt;
                      &lt;tw:Button tw:decisionPoint="true" tw:id="Button1"&gt;
                        &lt;tw:Label&gt;Reload&lt;/tw:Label&gt;
                        &lt;tw:EventHandler tw:event="onClick" /&gt;
                      &lt;/tw:Button&gt;
                    &lt;/tw:ButtonGroup&gt;
                  &lt;/tw:Control&gt;
                &lt;/tw:Column&gt;
              &lt;/tw:Row&gt;
            &lt;/tw:Section&gt;
          &lt;/tw:Control&gt;
          &lt;tw:Control tw:col="1" tw:colspan="1" tw:id="section2" tw:row="2" tw:rowspan="1"&gt;
            &lt;tw:Documentation&gt;This section will be an empty section with one column.&lt;/tw:Documentation&gt;
            &lt;tw:Section tw:columns="1"&gt;
              &lt;tw:SectionTitle tw:id="sectionTitle" tw:visible="true"&gt;Select Conditional Activities to execute&lt;/tw:SectionTitle&gt;
              &lt;tw:SectionHeading tw:id="sectionHeading" tw:visible="false"&gt;Section Heading&lt;/tw:SectionHeading&gt;
              &lt;tw:Row tw:rows="1"&gt;
                &lt;tw:Column&gt;
                  &lt;tw:Control tw:col="1" tw:colspan="2" tw:id="CATree" tw:row="1" tw:rowspan="1"&gt;
                    &lt;tw:Documentation&gt;Displays a tree of Conditional Activities.

Input:

tw.local.conditionalActivitives     (ConditionalActivity[]) the list of conditional activities. Obtain from tw.system.process.conditionalActivities
tw.local.initConditionalActivitives (String[])              the list of conditional activities to initialize as checked when tree is displayed

Output:

tw.local.selectedConditionalActivities (String) a comma separated list of guids representing the conditional activities that were selected in the tree&lt;/tw:Documentation&gt;
                    &lt;tw:PaletteIcon&gt;coachdesigner16/customhtml.gif&lt;/tw:PaletteIcon&gt;
                    &lt;tw:LabeledCustomHTML&gt;
                      &lt;tw:Content&gt;&amp;lt;#=tw.local.conditionalActivitySelectionTreeHTML#&amp;gt;&lt;/tw:Content&gt;
                    &lt;/tw:LabeledCustomHTML&gt;
                  &lt;/tw:Control&gt;
                &lt;/tw:Column&gt;
              &lt;/tw:Row&gt;
            &lt;/tw:Section&gt;
          &lt;/tw:Control&gt;
          &lt;tw:Control tw:col="1" tw:colspan="1" tw:id="ButtonGroup0" tw:row="3" tw:rowspan="1"&gt;
            &lt;tw:Documentation&gt;A ButtonGroup containing one Button.&lt;/tw:Documentation&gt;
            &lt;tw:PaletteIcon&gt;coachdesigner16/button_obj.gif&lt;/tw:PaletteIcon&gt;
            &lt;tw:ButtonGroup&gt;
              &lt;tw:Label tw:visible="false"&gt;A Button:&lt;/tw:Label&gt;
              &lt;tw:Button tw:decisionPoint="true" tw:id="Button1" tw:isCancel="true"&gt;
                &lt;tw:Label&gt;Revert&lt;/tw:Label&gt;
                &lt;tw:EventHandler tw:event="onClick" /&gt;
              &lt;/tw:Button&gt;
              &lt;tw:Button tw:decisionPoint="true" tw:id="Button2"&gt;
                &lt;tw:Label&gt;Postpone&lt;/tw:Label&gt;
                &lt;tw:EventHandler tw:event="onClick" /&gt;
              &lt;/tw:Button&gt;
              &lt;tw:Button tw:decisionPoint="true" tw:id="Button0" tw:isCancel="false"&gt;
                &lt;tw:Label&gt;Done&lt;/tw:Label&gt;
                &lt;tw:EventHandler tw:event="onClick" /&gt;
              &lt;/tw:Button&gt;
            &lt;/tw:ButtonGroup&gt;
          &lt;/tw:Control&gt;
        &lt;/tw:Column&gt;
      &lt;/tw:Row&gt;
    &lt;/tw:Section&gt;
  &lt;/tw:Layout&gt;
&lt;/tw:Form&gt;

</resourceData>
                    <guid>guid:5a54f1704f1c1577:-6b56085f:12370558356:-7ec8</guid>
                    <versionId>adbc9b8b-0ac5-4d91-8aa9-c5c6b7c3faae</versionId>
                </CoachResources>
                <CoachButtons>
                    <lastModified isNull="true" />
                    <lastModifiedBy isNull="true" />
                    <coachButtonId>3005.bd17e3e3-f974-4c8c-919a-4cca4275040b</coachButtonId>
                    <coachId>3003.58e76070-6f30-4893-b72a-b28323920239</coachId>
                    <seq>1</seq>
                    <endStateId>guid:5a54f1704f1c1577:-6b56085f:12370558356:-7ec6</endStateId>
                    <isSpecial>false</isSpecial>
                    <isDisplayed>true</isDisplayed>
                    <buttonLabel>Done</buttonLabel>
                    <buttonHint>ButtonGroup0_Button0</buttonHint>
                    <buttonText isNull="true" />
                    <isCheckBoxVisible>false</isCheckBoxVisible>
                    <isUncheckAllowed>false</isUncheckAllowed>
                    <metaData>CoachDesignerButtonId:ButtonGroup0_Button0;CoachDesignerIsCancel:false</metaData>
                    <buttonExpression>ButtonGroup0_Button0</buttonExpression>
                    <guid>7e57e4d2-752a-4d74-8058-0a81302c0ee2</guid>
                    <versionId>597bfe38-fdd2-46b4-91bb-58d34a7a4164</versionId>
                </CoachButtons>
                <CoachButtons>
                    <lastModified isNull="true" />
                    <lastModifiedBy isNull="true" />
                    <coachButtonId>3005.82ea5512-a576-4c79-ac51-4e4c9b6fedce</coachButtonId>
                    <coachId>3003.58e76070-6f30-4893-b72a-b28323920239</coachId>
                    <seq>2</seq>
                    <endStateId>guid:5a54f1704f1c1577:-6b56085f:12370558356:-7ec4</endStateId>
                    <isSpecial>false</isSpecial>
                    <isDisplayed>true</isDisplayed>
                    <buttonLabel>Revert</buttonLabel>
                    <buttonHint>ButtonGroup0_Button1</buttonHint>
                    <buttonText isNull="true" />
                    <isCheckBoxVisible>false</isCheckBoxVisible>
                    <isUncheckAllowed>false</isUncheckAllowed>
                    <metaData>CoachDesignerButtonId:ButtonGroup0_Button1;CoachDesignerIsCancel:true</metaData>
                    <buttonExpression>ButtonGroup0_Button1</buttonExpression>
                    <guid>36b6795e-77ad-49d3-a261-be64b6eb53be</guid>
                    <versionId>31c40c23-39fb-4c3d-a9ea-48643beff578</versionId>
                </CoachButtons>
                <CoachButtons>
                    <lastModified isNull="true" />
                    <lastModifiedBy isNull="true" />
                    <coachButtonId>3005.70a90d92-d5b5-4348-88aa-919183723835</coachButtonId>
                    <coachId>3003.58e76070-6f30-4893-b72a-b28323920239</coachId>
                    <seq>3</seq>
                    <endStateId>guid:5a54f1704f1c1577:-6b56085f:12370558356:-7ea5</endStateId>
                    <isSpecial>false</isSpecial>
                    <isDisplayed>true</isDisplayed>
                    <buttonLabel>Save</buttonLabel>
                    <buttonHint>ButtonGroup1_Button0</buttonHint>
                    <buttonText isNull="true" />
                    <isCheckBoxVisible>false</isCheckBoxVisible>
                    <isUncheckAllowed>false</isUncheckAllowed>
                    <metaData>CoachDesignerButtonId:ButtonGroup1_Button0;CoachDesignerIsCancel:false</metaData>
                    <buttonExpression>ButtonGroup1_Button0</buttonExpression>
                    <guid>31c584f6-afc6-4818-b88e-293630955805</guid>
                    <versionId>e9a70f34-6618-423c-9d8d-c3b4ae2b6c02</versionId>
                </CoachButtons>
                <CoachButtons>
                    <lastModified isNull="true" />
                    <lastModifiedBy isNull="true" />
                    <coachButtonId>3005.fe7b6bc5-3cfa-45b3-8c3b-4b8e08a746af</coachButtonId>
                    <coachId>3003.58e76070-6f30-4893-b72a-b28323920239</coachId>
                    <seq>4</seq>
                    <endStateId>guid:5a54f1704f1c1577:-6b56085f:12370558356:-7ea3</endStateId>
                    <isSpecial>false</isSpecial>
                    <isDisplayed>true</isDisplayed>
                    <buttonLabel>Reload</buttonLabel>
                    <buttonHint>ButtonGroup1_Button1</buttonHint>
                    <buttonText isNull="true" />
                    <isCheckBoxVisible>false</isCheckBoxVisible>
                    <isUncheckAllowed>false</isUncheckAllowed>
                    <metaData>CoachDesignerButtonId:ButtonGroup1_Button1;CoachDesignerIsCancel:false</metaData>
                    <buttonExpression>ButtonGroup1_Button1</buttonExpression>
                    <guid>58111f00-bcad-4a15-9077-ac2d4d3a61b4</guid>
                    <versionId>4d0719e2-edd3-499a-ba58-f55c920e34ff</versionId>
                </CoachButtons>
                <CoachButtons>
                    <lastModified isNull="true" />
                    <lastModifiedBy isNull="true" />
                    <coachButtonId>3005.96b483f0-fa94-4364-a6f1-e98f698e7d9a</coachButtonId>
                    <coachId>3003.58e76070-6f30-4893-b72a-b28323920239</coachId>
                    <seq>5</seq>
                    <endStateId>guid:5a54f1704f1c1577:-6b56085f:12370558356:-7ea1</endStateId>
                    <isSpecial>false</isSpecial>
                    <isDisplayed>true</isDisplayed>
                    <buttonLabel>Postpone</buttonLabel>
                    <buttonHint>ButtonGroup0_Button2</buttonHint>
                    <buttonText isNull="true" />
                    <isCheckBoxVisible>false</isCheckBoxVisible>
                    <isUncheckAllowed>false</isUncheckAllowed>
                    <metaData>CoachDesignerButtonId:ButtonGroup0_Button2;CoachDesignerIsCancel:false</metaData>
                    <buttonExpression>ButtonGroup0_Button2</buttonExpression>
                    <guid>70155bfc-d443-4b40-9eff-876776a19719</guid>
                    <versionId>ce3eaf8d-f945-4e0a-acaa-2829b1494d03</versionId>
                </CoachButtons>
            </TWComponent>
        </item>
        <item>
            <lastModified isNull="true" />
            <lastModifiedBy isNull="true" />
            <processItemId>2025.cda69ee6-ae30-4d04-99d6-0ec133e06da1</processItemId>
            <processId>1.6ab4ed30-ffa5-4879-8bf9-75ac0636ce84</processId>
            <name>Load Template</name>
            <tWComponentName>SubProcess</tWComponentName>
            <tWComponentId>3012.2860d5dc-19f6-439c-a4ec-b172f89f9dd9</tWComponentId>
            <isLogEnabled>false</isLogEnabled>
            <isTraceEnabled>false</isTraceEnabled>
            <traceCategory isNull="true" />
            <traceLevel isNull="true" />
            <traceMessage isNull="true" />
            <traceSymbolTable isNull="true" />
            <isExecutionContextTraced>false</isExecutionContextTraced>
            <saveExecutionContext>false</saveExecutionContext>
            <documentation isNull="true" />
            <isErrorHandlerEnabled>false</isErrorHandlerEnabled>
            <errorHandlerItemId isNull="true" />
            <guid>guid:5a54f1704f1c1577:-6b56085f:12370558356:-7ed7</guid>
            <versionId>76427f04-dccc-4a9f-b563-8fb516ccbc4b</versionId>
            <layoutData x="638" y="99">
                <errorLink>
                    <controlPoints />
                    <showEndState>false</showEndState>
                    <showName>false</showName>
                </errorLink>
            </layoutData>
            <TWComponent>
                <lastModified isNull="true" />
                <lastModifiedBy isNull="true" />
                <subProcessId>3012.2860d5dc-19f6-439c-a4ec-b172f89f9dd9</subProcessId>
                <attachedProcessRef>/1.7d03c736-e572-4622-b7f8-67105a55af6d</attachedProcessRef>
                <guid>guid:5a54f1704f1c1577:-6b56085f:12370558356:-7ed6</guid>
                <versionId>9f8aa303-2a92-4ee3-9b33-24be0e386fbd</versionId>
                <parameterMapping name="templateID">
                    <lastModified isNull="true" />
                    <lastModifiedBy isNull="true" />
                    <parameterMappingId>2054.bd4258ca-27d7-47ce-8b32-e5489be6a711</parameterMappingId>
                    <processParameterId>2055.1eaea77f-456b-470d-b6ea-e6d39f5e2bcc</processParameterId>
                    <parameterMappingParentId>3012.2860d5dc-19f6-439c-a4ec-b172f89f9dd9</parameterMappingParentId>
                    <useDefault>false</useDefault>
                    <value>tw.local.templateID</value>
                    <classRef>/12.db884a3c-c533-44b7-bb2d-47bec8ad4022</classRef>
                    <isList>false</isList>
                    <isInput>true</isInput>
                    <guid>guid:5a54f1704f1c1577:-6b56085f:12370558356:-7ea8</guid>
                    <versionId>6376783e-25f8-4813-979d-c71c891d1876</versionId>
                    <description isNull="true" />
                </parameterMapping>
                <parameterMapping name="selectedConditionalActivities">
                    <lastModified isNull="true" />
                    <lastModifiedBy isNull="true" />
                    <parameterMappingId>2054.19109c7a-b679-4580-a03c-9d95035b93dc</parameterMappingId>
                    <processParameterId>2055.5d730763-f57a-45a0-bbce-91d9351c6c0d</processParameterId>
                    <parameterMappingParentId>3012.2860d5dc-19f6-439c-a4ec-b172f89f9dd9</parameterMappingParentId>
                    <useDefault>false</useDefault>
                    <value>tw.local.selectedConditionalActivities</value>
                    <classRef>/12.db884a3c-c533-44b7-bb2d-47bec8ad4022</classRef>
                    <isList>true</isList>
                    <isInput>false</isInput>
                    <guid>guid:5a54f1704f1c1577:-6b56085f:12370558356:-7ea7</guid>
                    <versionId>6568a979-7317-49b8-9d20-3b1fba2e5b30</versionId>
                    <description isNull="true" />
                </parameterMapping>
            </TWComponent>
        </item>
        <item>
            <lastModified isNull="true" />
            <lastModifiedBy isNull="true" />
            <processItemId>2025.0192fd0e-f878-46d6-9b6b-69581433f562</processItemId>
            <processId>1.6ab4ed30-ffa5-4879-8bf9-75ac0636ce84</processId>
            <name>Use Initial Template?</name>
            <tWComponentName>Switch</tWComponentName>
            <tWComponentId>3013.e31ac8ba-0899-4e8c-a42e-55740f18f6ae</tWComponentId>
            <isLogEnabled>false</isLogEnabled>
            <isTraceEnabled>false</isTraceEnabled>
            <traceCategory isNull="true" />
            <traceLevel isNull="true" />
            <traceMessage isNull="true" />
            <traceSymbolTable isNull="true" />
            <isExecutionContextTraced>false</isExecutionContextTraced>
            <saveExecutionContext>true</saveExecutionContext>
            <documentation isNull="true" />
            <isErrorHandlerEnabled>false</isErrorHandlerEnabled>
            <errorHandlerItemId isNull="true" />
            <guid>guid:5a54f1704f1c1577:-6b56085f:12370558356:-7ee7</guid>
            <versionId>78816f13-55af-4554-a450-bb600fda5433</versionId>
            <layoutData x="264" y="195">
                <errorLink>
                    <controlPoints />
                    <showEndState>false</showEndState>
                    <showName>false</showName>
                </errorLink>
            </layoutData>
            <TWComponent>
                <lastModified isNull="true" />
                <lastModifiedBy isNull="true" />
                <switchId>3013.e31ac8ba-0899-4e8c-a42e-55740f18f6ae</switchId>
                <guid>guid:5a54f1704f1c1577:-6b56085f:12370558356:-7ee8</guid>
                <versionId>27ac6a4a-dfb9-4fd6-8292-232d5a6d6f7b</versionId>
                <SwitchCondition>
                    <lastModified isNull="true" />
                    <lastModifiedBy isNull="true" />
                    <switchConditionId>3014.0b19d86c-4cfb-4112-b12f-dfa163a126cf</switchConditionId>
                    <switchId>3013.e31ac8ba-0899-4e8c-a42e-55740f18f6ae</switchId>
                    <seq>1</seq>
                    <endStateId>guid:5a54f1704f1c1577:-6b56085f:12370558356:-7ebc</endStateId>
                    <condition>tw.local.templateID != null &amp;&amp; tw.local.templateID.length &gt; 0 &amp;&amp; tw.local.selectedConditionalActivities == null || tw.local.selectedConditionalActivities.listLength == 0</condition>
                    <guid>guid:5a54f1704f1c1577:-6b56085f:12370558356:-7ebd</guid>
                    <versionId>9544e8c0-e659-4ee3-a1ce-43cae5eb955b</versionId>
                </SwitchCondition>
            </TWComponent>
        </item>
        <item>
            <lastModified isNull="true" />
            <lastModifiedBy isNull="true" />
            <processItemId>2025.626b43f8-88d5-4ee6-9633-d9d79cca4091</processItemId>
            <processId>1.6ab4ed30-ffa5-4879-8bf9-75ac0636ce84</processId>
            <name>Save Template Coach</name>
            <tWComponentName>SubProcess</tWComponentName>
            <tWComponentId>3012.57daca3d-370a-488d-8081-3f3b635d776b</tWComponentId>
            <isLogEnabled>false</isLogEnabled>
            <isTraceEnabled>false</isTraceEnabled>
            <traceCategory isNull="true" />
            <traceLevel isNull="true" />
            <traceMessage isNull="true" />
            <traceSymbolTable isNull="true" />
            <isExecutionContextTraced>false</isExecutionContextTraced>
            <saveExecutionContext>false</saveExecutionContext>
            <documentation isNull="true" />
            <isErrorHandlerEnabled>false</isErrorHandlerEnabled>
            <errorHandlerItemId isNull="true" />
            <guid>guid:5a54f1704f1c1577:-6b56085f:12370558356:-7eda</guid>
            <versionId>819ca5fd-6333-44eb-9436-820ae5c379c4</versionId>
            <layoutData x="384" y="9">
                <errorLink>
                    <controlPoints />
                    <showEndState>false</showEndState>
                    <showName>false</showName>
                </errorLink>
            </layoutData>
            <TWComponent>
                <lastModified isNull="true" />
                <lastModifiedBy isNull="true" />
                <subProcessId>3012.57daca3d-370a-488d-8081-3f3b635d776b</subProcessId>
                <attachedProcessRef>/1.f19596ff-93b8-4f49-875c-1edec488e96a</attachedProcessRef>
                <guid>guid:5a54f1704f1c1577:-6b56085f:12370558356:-7ed9</guid>
                <versionId>2b2099b0-d384-4039-9db3-cd670d881f09</versionId>
                <parameterMapping name="readonly">
                    <lastModified isNull="true" />
                    <lastModifiedBy isNull="true" />
                    <parameterMappingId>2054.07eec1f9-e79a-47bc-8554-53039124ada0</parameterMappingId>
                    <processParameterId>2055.20d55c27-521f-4c57-b082-f0e2abcadba1</processParameterId>
                    <parameterMappingParentId>3012.57daca3d-370a-488d-8081-3f3b635d776b</parameterMappingParentId>
                    <useDefault>false</useDefault>
                    <value isNull="true" />
                    <classRef>/12.83ff975e-8dbc-42e5-b738-fa8bc08274a2</classRef>
                    <isList>false</isList>
                    <isInput>true</isInput>
                    <guid>guid:5a54f1704f1c1577:-6b56085f:12370558356:-7eae</guid>
                    <versionId>06cb5082-ba6e-4880-8378-01922d1dee81</versionId>
                    <description isNull="true" />
                </parameterMapping>
                <parameterMapping name="templateID">
                    <lastModified isNull="true" />
                    <lastModifiedBy isNull="true" />
                    <parameterMappingId>2054.31e77b71-fdc9-4835-bc55-2dbd7bbf8bf9</parameterMappingId>
                    <processParameterId>2055.3a4c317f-68ba-41d3-a1c9-0700892d0d24</processParameterId>
                    <parameterMappingParentId>3012.57daca3d-370a-488d-8081-3f3b635d776b</parameterMappingParentId>
                    <useDefault>false</useDefault>
                    <value>tw.local.templateID</value>
                    <classRef>/12.db884a3c-c533-44b7-bb2d-47bec8ad4022</classRef>
                    <isList>false</isList>
                    <isInput>true</isInput>
                    <guid>guid:5a54f1704f1c1577:-6b56085f:12370558356:-7eb2</guid>
                    <versionId>1ec2d2ef-8e87-48e3-8a8c-364cf7f7e6ed</versionId>
                    <description isNull="true" />
                </parameterMapping>
                <parameterMapping name="selectedConditionalActivities">
                    <lastModified isNull="true" />
                    <lastModifiedBy isNull="true" />
                    <parameterMappingId>2054.625aae8e-3491-42af-aba6-fa041acd9a10</parameterMappingId>
                    <processParameterId>2055.72e1a622-756a-4092-bed2-e61da437e51a</processParameterId>
                    <parameterMappingParentId>3012.57daca3d-370a-488d-8081-3f3b635d776b</parameterMappingParentId>
                    <useDefault>false</useDefault>
                    <value>tw.local.selectedConditionalActivities</value>
                    <classRef>/12.db884a3c-c533-44b7-bb2d-47bec8ad4022</classRef>
                    <isList>true</isList>
                    <isInput>true</isInput>
                    <guid>guid:5a54f1704f1c1577:-6b56085f:12370558356:-7eaf</guid>
                    <versionId>9744a3b5-c5c3-4342-a966-0dfe2d3c583d</versionId>
                    <description isNull="true" />
                </parameterMapping>
                <parameterMapping name="bpdGUID">
                    <lastModified isNull="true" />
                    <lastModifiedBy isNull="true" />
                    <parameterMappingId>2054.dd42ac60-57be-4d0b-a4d9-ec860c30cc79</parameterMappingId>
                    <processParameterId>2055.7acbd8d2-9d83-4791-8ad8-78e1b394d9be</processParameterId>
                    <parameterMappingParentId>3012.57daca3d-370a-488d-8081-3f3b635d776b</parameterMappingParentId>
                    <useDefault>false</useDefault>
                    <value>tw.local.bpdGUID</value>
                    <classRef>/12.db884a3c-c533-44b7-bb2d-47bec8ad4022</classRef>
                    <isList>false</isList>
                    <isInput>true</isInput>
                    <guid>guid:5a54f1704f1c1577:-6b56085f:12370558356:-7eb0</guid>
                    <versionId>9f9bacf8-51ff-4d42-9295-0fa1709c2791</versionId>
                    <description isNull="true" />
                </parameterMapping>
                <parameterMapping name="templateID">
                    <lastModified isNull="true" />
                    <lastModifiedBy isNull="true" />
                    <parameterMappingId>2054.8099b9a9-6621-4abf-a430-cdaf1b5b6dea</parameterMappingId>
                    <processParameterId>2055.52c05d42-68fb-49cb-ad65-9e30edf8c6e6</processParameterId>
                    <parameterMappingParentId>3012.57daca3d-370a-488d-8081-3f3b635d776b</parameterMappingParentId>
                    <useDefault>false</useDefault>
                    <value>tw.local.templateID</value>
                    <classRef>/12.db884a3c-c533-44b7-bb2d-47bec8ad4022</classRef>
                    <isList>false</isList>
                    <isInput>false</isInput>
                    <guid>guid:5a54f1704f1c1577:-6b56085f:12370558356:-7ead</guid>
                    <versionId>b4160354-4b94-42d2-ac09-1a7728274bdb</versionId>
                    <description isNull="true" />
                </parameterMapping>
                <parameterMapping name="templateName">
                    <lastModified isNull="true" />
                    <lastModifiedBy isNull="true" />
                    <parameterMappingId>2054.8a3a5cd3-b30e-4ba2-ba03-741318e9748d</parameterMappingId>
                    <processParameterId>2055.c5a947e3-255c-48b0-bc62-8b6e4887727d</processParameterId>
                    <parameterMappingParentId>3012.57daca3d-370a-488d-8081-3f3b635d776b</parameterMappingParentId>
                    <useDefault>false</useDefault>
                    <value>tw.local.templateName</value>
                    <classRef>/12.db884a3c-c533-44b7-bb2d-47bec8ad4022</classRef>
                    <isList>false</isList>
                    <isInput>true</isInput>
                    <guid>guid:5a54f1704f1c1577:-6b56085f:12370558356:-7eb1</guid>
                    <versionId>ff41a886-fc51-4e17-8dc4-e96967f5a326</versionId>
                    <description isNull="true" />
                </parameterMapping>
            </TWComponent>
        </item>
        <item>
            <lastModified isNull="true" />
            <lastModifiedBy isNull="true" />
            <processItemId>2025.4ec02c67-a99a-4c9b-aca5-4a77bcd2b2f8</processItemId>
            <processId>1.6ab4ed30-ffa5-4879-8bf9-75ac0636ce84</processId>
            <name>Postpone</name>
            <tWComponentName>PostponeAction</tWComponentName>
            <tWComponentId>3015.58116dca-711f-4fe5-9ec3-8a19d1677e27</tWComponentId>
            <isLogEnabled>false</isLogEnabled>
            <isTraceEnabled>false</isTraceEnabled>
            <traceCategory isNull="true" />
            <traceLevel isNull="true" />
            <traceMessage isNull="true" />
            <traceSymbolTable isNull="true" />
            <isExecutionContextTraced>false</isExecutionContextTraced>
            <saveExecutionContext>true</saveExecutionContext>
            <documentation isNull="true" />
            <isErrorHandlerEnabled>false</isErrorHandlerEnabled>
            <errorHandlerItemId isNull="true" />
            <guid>guid:5a54f1704f1c1577:-6b56085f:12370558356:-7e90</guid>
            <versionId>bb4b837e-5b53-4e87-8d68-41464b0c29e2</versionId>
            <layoutData x="880" y="290">
                <errorLink>
                    <controlPoints />
                    <showEndState>false</showEndState>
                    <showName>false</showName>
                </errorLink>
            </layoutData>
            <TWComponent>
                <lastModified isNull="true" />
                <lastModifiedBy isNull="true" />
                <taskActionId>3015.58116dca-711f-4fe5-9ec3-8a19d1677e27</taskActionId>
                <canChangeDueDate>false</canChangeDueDate>
                <dueInOption>2</dueInOption>
                <dueDateIncrData isNull="true" />
                <dueDateFixedData isNull="true" />
                <dueDateIncrType>2</dueDateIncrType>
                <dueDateSpecificDate isNull="true" />
                <isChangeStatusActive>false</isChangeStatusActive>
                <newStatusOption>1</newStatusOption>
                <newStatus isNull="true" />
                <isPriorityActive>false</isPriorityActive>
                <priorityOption>1</priorityOption>
                <newPriorityId>30.30</newPriorityId>
                <newPriorityScript isNull="true" />
                <isSubjectActive>false</isSubjectActive>
                <subjectOption>1</subjectOption>
                <subjectScript isNull="true" />
                <isNarrativeActive>false</isNarrativeActive>
                <narrativeOption>1</narrativeOption>
                <narrativeScript isNull="true" />
                <isIgnoreException>true</isIgnoreException>
                <suspendProcess>true</suspendProcess>
                <isActionOtherTask>false</isActionOtherTask>
                <otherTaskId isNull="true" />
                <isReassignActive>false</isReassignActive>
                <reassignOption>0</reassignOption>
                <reassignTo isNull="true" />
                <timeScheduleName isNull="true" />
                <holidayScheduleName isNull="true" />
                <timezone isNull="true" />
                <guid>guid:5a54f1704f1c1577:-6b56085f:12370558356:-7e91</guid>
                <versionId>d69df2b3-5c71-46ba-94b6-7de05496ce18</versionId>
            </TWComponent>
        </item>
        <startingProcessItemId>2025.b9462054-1265-4a49-b5dc-21222f4c8c92</startingProcessItemId>
        <errorHandlerItemId isNull="true" />
        <layoutData noConversion="true">
            <errorLink>
                <controlPoints />
                <showEndState>false</showEndState>
                <showName>false</showName>
            </errorLink>
        </layoutData>
        <startPoint>
            <layoutData x="17" y="193">
                <errorLink>
                    <controlPoints />
                    <showEndState>false</showEndState>
                    <showName>false</showName>
                </errorLink>
            </layoutData>
        </startPoint>
        <startLink>
            <fromPort locationId="rightCenter" portType="1" />
            <toPort locationId="leftCenter" portType="2" />
            <layoutData>
                <controlPoints />
                <showEndState>false</showEndState>
                <showName>false</showName>
            </layoutData>
        </startLink>
        <link name="Untitled">
            <lastModified isNull="true" />
            <lastModifiedBy isNull="true" />
            <processLinkId>2027.354314c1-fd77-4e3b-97a9-119b28b149d1</processLinkId>
            <processId>1.6ab4ed30-ffa5-4879-8bf9-75ac0636ce84</processId>
            <description isNull="true" />
            <fromProcessItemId>2025.875fca76-eb13-4a0e-8d02-6e77f9dbbed1</fromProcessItemId>
            <endStateId>guid:5a54f1704f1c1577:-6b56085f:12370558356:-7ea3</endStateId>
            <toProcessItemId>2025.cda69ee6-ae30-4d04-99d6-0ec133e06da1</toProcessItemId>
            <guid>guid:5a54f1704f1c1577:-6b56085f:12370558356:-7e97</guid>
            <versionId>10f8ce16-8a92-4302-ad25-269d48e31113</versionId>
            <layoutData>
                <controlPoints />
                <showEndState>true</showEndState>
                <showName>false</showName>
            </layoutData>
            <fromItemPort locationId="topLeft" portType="1" />
            <toItemPort locationId="rightCenter" portType="2" />
            <fromProcessItemId>2025.875fca76-eb13-4a0e-8d02-6e77f9dbbed1</fromProcessItemId>
            <toProcessItemId>2025.cda69ee6-ae30-4d04-99d6-0ec133e06da1</toProcessItemId>
        </link>
        <link name="Untitled">
            <lastModified isNull="true" />
            <lastModifiedBy isNull="true" />
            <processLinkId>2027.4c3ff2ce-f1d9-496e-b3c4-a7b2adb7f470</processLinkId>
            <processId>1.6ab4ed30-ffa5-4879-8bf9-75ac0636ce84</processId>
            <description isNull="true" />
            <fromProcessItemId>2025.1bb41b24-24d3-4587-aaff-e1910f71aa5a</fromProcessItemId>
            <endStateId>guid:5a54f1704f1c1577:-6b56085f:12370558356:-7fa2</endStateId>
            <toProcessItemId>2025.c3aaf665-b93d-46b6-b613-682dceadb6be</toProcessItemId>
            <guid>guid:5a54f1704f1c1577:-6b56085f:12370558356:-7eba</guid>
            <versionId>1cb2961e-3c90-435b-a50d-0c0cd06fb994</versionId>
            <layoutData>
                <controlPoints />
                <showEndState>false</showEndState>
                <showName>false</showName>
            </layoutData>
            <fromItemPort locationId="rightCenter" portType="1" />
            <toItemPort locationId="leftTop" portType="2" />
            <fromProcessItemId>2025.1bb41b24-24d3-4587-aaff-e1910f71aa5a</fromProcessItemId>
            <toProcessItemId>2025.c3aaf665-b93d-46b6-b613-682dceadb6be</toProcessItemId>
        </link>
        <link name="Untitled">
            <lastModified isNull="true" />
            <lastModifiedBy isNull="true" />
            <processLinkId>2027.1d3a08b1-98f4-41dc-a981-b8a254661db1</processLinkId>
            <processId>1.6ab4ed30-ffa5-4879-8bf9-75ac0636ce84</processId>
            <description isNull="true" />
            <fromProcessItemId>2025.875fca76-eb13-4a0e-8d02-6e77f9dbbed1</fromProcessItemId>
            <endStateId>guid:5a54f1704f1c1577:-6b56085f:12370558356:-7ec6</endStateId>
            <toProcessItemId>2025.3c99646a-a84d-4d29-b340-f4e1f1d051e0</toProcessItemId>
            <guid>guid:5a54f1704f1c1577:-6b56085f:12370558356:-7e9e</guid>
            <versionId>3a434351-6e3d-4467-aff0-befbc7f7035f</versionId>
            <layoutData>
                <controlPoints />
                <showEndState>true</showEndState>
                <showName>false</showName>
            </layoutData>
            <fromItemPort locationId="rightCenter" portType="1" />
            <toItemPort locationId="leftCenter" portType="2" />
            <fromProcessItemId>2025.875fca76-eb13-4a0e-8d02-6e77f9dbbed1</fromProcessItemId>
            <toProcessItemId>2025.3c99646a-a84d-4d29-b340-f4e1f1d051e0</toProcessItemId>
        </link>
        <link name="Untitled">
            <lastModified isNull="true" />
            <lastModifiedBy isNull="true" />
            <processLinkId>2027.dd4f261e-93f9-449b-8103-0305d84de321</processLinkId>
            <processId>1.6ab4ed30-ffa5-4879-8bf9-75ac0636ce84</processId>
            <description isNull="true" />
            <fromProcessItemId>2025.cda69ee6-ae30-4d04-99d6-0ec133e06da1</fromProcessItemId>
            <endStateId>guid:5a54f1704f1c1577:-6b56085f:12370558356:-7fa2</endStateId>
            <toProcessItemId>2025.67c2d98b-494e-4dee-ac71-94fe53a8fefd</toProcessItemId>
            <guid>guid:5a54f1704f1c1577:-6b56085f:12370558356:-7eb7</guid>
            <versionId>43b96384-0e31-4766-a1f5-191d8b5d93af</versionId>
            <layoutData>
                <controlPoints />
                <showEndState>false</showEndState>
                <showName>false</showName>
            </layoutData>
            <fromItemPort locationId="leftCenter" portType="1" />
            <toItemPort locationId="topRight" portType="2" />
            <fromProcessItemId>2025.cda69ee6-ae30-4d04-99d6-0ec133e06da1</fromProcessItemId>
            <toProcessItemId>2025.67c2d98b-494e-4dee-ac71-94fe53a8fefd</toProcessItemId>
        </link>
        <link name="Untitled">
            <lastModified isNull="true" />
            <lastModifiedBy isNull="true" />
            <processLinkId>2027.4bc60e68-f9c9-4ef2-9f11-b0a0f571c621</processLinkId>
            <processId>1.6ab4ed30-ffa5-4879-8bf9-75ac0636ce84</processId>
            <description isNull="true" />
            <fromProcessItemId>2025.b9462054-1265-4a49-b5dc-21222f4c8c92</fromProcessItemId>
            <endStateId>Out</endStateId>
            <toProcessItemId>2025.0192fd0e-f878-46d6-9b6b-69581433f562</toProcessItemId>
            <guid>guid:5a54f1704f1c1577:-6b56085f:12370558356:-7ebf</guid>
            <versionId>563e6108-bca3-4dc9-92ce-ace90e16f741</versionId>
            <layoutData>
                <controlPoints />
                <showEndState>false</showEndState>
                <showName>false</showName>
            </layoutData>
            <fromItemPort locationId="rightCenter" portType="1" />
            <toItemPort locationId="leftCenter" portType="2" />
            <fromProcessItemId>2025.b9462054-1265-4a49-b5dc-21222f4c8c92</fromProcessItemId>
            <toProcessItemId>2025.0192fd0e-f878-46d6-9b6b-69581433f562</toProcessItemId>
        </link>
        <link name="Untitled">
            <lastModified isNull="true" />
            <lastModifiedBy isNull="true" />
            <processLinkId>2027.1e6035c6-7cec-49c6-8195-a2cb27ff7e7d</processLinkId>
            <processId>1.6ab4ed30-ffa5-4879-8bf9-75ac0636ce84</processId>
            <description isNull="true" />
            <fromProcessItemId>2025.626b43f8-88d5-4ee6-9633-d9d79cca4091</fromProcessItemId>
            <endStateId>guid:5a54f1704f1c1577:-6b56085f:12370558356:-7f49</endStateId>
            <toProcessItemId>2025.c3aaf665-b93d-46b6-b613-682dceadb6be</toProcessItemId>
            <guid>guid:5a54f1704f1c1577:-6b56085f:12370558356:-7eb9</guid>
            <versionId>69ebf7ac-433d-490e-8b35-e0d64b061922</versionId>
            <layoutData>
                <controlPoints />
                <showEndState>true</showEndState>
                <showName>false</showName>
            </layoutData>
            <fromItemPort locationId="bottomCenter" portType="1" />
            <toItemPort locationId="topCenter" portType="2" />
            <fromProcessItemId>2025.626b43f8-88d5-4ee6-9633-d9d79cca4091</fromProcessItemId>
            <toProcessItemId>2025.c3aaf665-b93d-46b6-b613-682dceadb6be</toProcessItemId>
        </link>
        <link name="Untitled">
            <lastModified isNull="true" />
            <lastModifiedBy isNull="true" />
            <processLinkId>2027.66cba14d-2d64-43ae-9009-d47b5c3a9398</processLinkId>
            <processId>1.6ab4ed30-ffa5-4879-8bf9-75ac0636ce84</processId>
            <description isNull="true" />
            <fromProcessItemId>2025.b37d8b17-7c94-47ed-b2b4-a1f61cc63fb5</fromProcessItemId>
            <endStateId>Out</endStateId>
            <toProcessItemId>2025.b9462054-1265-4a49-b5dc-21222f4c8c92</toProcessItemId>
            <guid>guid:5a54f1704f1c1577:-6b56085f:12370558356:-7eb5</guid>
            <versionId>7f391ea6-e390-41fc-b38f-a1e996581a3f</versionId>
            <layoutData>
                <controlPoints />
                <showEndState>false</showEndState>
                <showName>false</showName>
            </layoutData>
            <fromItemPort locationId="leftCenter" portType="1" />
            <toItemPort locationId="bottomCenter" portType="2" />
            <fromProcessItemId>2025.b37d8b17-7c94-47ed-b2b4-a1f61cc63fb5</fromProcessItemId>
            <toProcessItemId>2025.b9462054-1265-4a49-b5dc-21222f4c8c92</toProcessItemId>
        </link>
        <link name="Untitled">
            <lastModified isNull="true" />
            <lastModifiedBy isNull="true" />
            <processLinkId>2027.d3e01c11-d2d0-4eea-96b5-d4cda8ab0ba8</processLinkId>
            <processId>1.6ab4ed30-ffa5-4879-8bf9-75ac0636ce84</processId>
            <description isNull="true" />
            <fromProcessItemId>2025.875fca76-eb13-4a0e-8d02-6e77f9dbbed1</fromProcessItemId>
            <endStateId>guid:5a54f1704f1c1577:-6b56085f:12370558356:-7ea1</endStateId>
            <toProcessItemId>2025.4ec02c67-a99a-4c9b-aca5-4a77bcd2b2f8</toProcessItemId>
            <guid>guid:5a54f1704f1c1577:-6b56085f:12370558356:-7e8f</guid>
            <versionId>86046b80-5846-4b98-8afb-be95b69a8d32</versionId>
            <layoutData>
                <controlPoints />
                <showEndState>true</showEndState>
                <showName>false</showName>
            </layoutData>
            <fromItemPort locationId="bottomRight" portType="1" />
            <toItemPort locationId="leftCenter" portType="2" />
            <fromProcessItemId>2025.875fca76-eb13-4a0e-8d02-6e77f9dbbed1</fromProcessItemId>
            <toProcessItemId>2025.4ec02c67-a99a-4c9b-aca5-4a77bcd2b2f8</toProcessItemId>
        </link>
        <link name="Untitled">
            <lastModified isNull="true" />
            <lastModifiedBy isNull="true" />
            <processLinkId>2027.da8ac57a-b055-4bd0-a349-f6470d47e018</processLinkId>
            <processId>1.6ab4ed30-ffa5-4879-8bf9-75ac0636ce84</processId>
            <description isNull="true" />
            <fromProcessItemId>2025.875fca76-eb13-4a0e-8d02-6e77f9dbbed1</fromProcessItemId>
            <endStateId>guid:5a54f1704f1c1577:-6b56085f:12370558356:-7ea5</endStateId>
            <toProcessItemId>2025.f61a3ebb-c883-43f4-822c-f8689b1a7d75</toProcessItemId>
            <guid>guid:5a54f1704f1c1577:-6b56085f:12370558356:-7e9a</guid>
            <versionId>969d4658-c54e-4f63-95cf-c6d44a827f85</versionId>
            <layoutData>
                <controlPoints />
                <showEndState>true</showEndState>
                <showName>false</showName>
            </layoutData>
            <fromItemPort locationId="topCenter" portType="1" />
            <toItemPort locationId="rightCenter" portType="2" />
            <fromProcessItemId>2025.875fca76-eb13-4a0e-8d02-6e77f9dbbed1</fromProcessItemId>
            <toProcessItemId>2025.f61a3ebb-c883-43f4-822c-f8689b1a7d75</toProcessItemId>
        </link>
        <link name="No">
            <lastModified isNull="true" />
            <lastModifiedBy isNull="true" />
            <processLinkId>2027.e667394f-a19d-4922-bba1-1b85f609c66c</processLinkId>
            <processId>1.6ab4ed30-ffa5-4879-8bf9-75ac0636ce84</processId>
            <description isNull="true" />
            <fromProcessItemId>2025.0192fd0e-f878-46d6-9b6b-69581433f562</fromProcessItemId>
            <endStateId>DEFAULT</endStateId>
            <toProcessItemId>2025.c3aaf665-b93d-46b6-b613-682dceadb6be</toProcessItemId>
            <guid>guid:5a54f1704f1c1577:-6b56085f:12370558356:-7ebb</guid>
            <versionId>99d01160-5af4-4b01-94a4-eb961b9fdeb9</versionId>
            <layoutData>
                <controlPoints />
                <showEndState>false</showEndState>
                <showName>true</showName>
            </layoutData>
            <fromItemPort locationId="rightCenter" portType="1" />
            <toItemPort locationId="leftCenter" portType="2" />
            <fromProcessItemId>2025.0192fd0e-f878-46d6-9b6b-69581433f562</fromProcessItemId>
            <toProcessItemId>2025.c3aaf665-b93d-46b6-b613-682dceadb6be</toProcessItemId>
        </link>
        <link name="Untitled">
            <lastModified isNull="true" />
            <lastModifiedBy isNull="true" />
            <processLinkId>2027.c5558cdf-be1d-4ad2-9849-3d2ec5bc6062</processLinkId>
            <processId>1.6ab4ed30-ffa5-4879-8bf9-75ac0636ce84</processId>
            <description isNull="true" />
            <fromProcessItemId>2025.f61a3ebb-c883-43f4-822c-f8689b1a7d75</fromProcessItemId>
            <endStateId>Out</endStateId>
            <toProcessItemId>2025.626b43f8-88d5-4ee6-9633-d9d79cca4091</toProcessItemId>
            <guid>guid:5a54f1704f1c1577:-6b56085f:12370558356:-7eb6</guid>
            <versionId>a6a1722e-2437-4703-8066-0b5ecc346330</versionId>
            <layoutData>
                <controlPoints />
                <showEndState>false</showEndState>
                <showName>false</showName>
            </layoutData>
            <fromItemPort locationId="leftCenter" portType="1" />
            <toItemPort locationId="rightCenter" portType="2" />
            <fromProcessItemId>2025.f61a3ebb-c883-43f4-822c-f8689b1a7d75</fromProcessItemId>
            <toProcessItemId>2025.626b43f8-88d5-4ee6-9633-d9d79cca4091</toProcessItemId>
        </link>
        <link name="Yes">
            <lastModified isNull="true" />
            <lastModifiedBy isNull="true" />
            <processLinkId>2027.b0baa733-4b2e-428d-b88b-04965b64dd4a</processLinkId>
            <processId>1.6ab4ed30-ffa5-4879-8bf9-75ac0636ce84</processId>
            <description isNull="true" />
            <fromProcessItemId>2025.0192fd0e-f878-46d6-9b6b-69581433f562</fromProcessItemId>
            <endStateId>guid:5a54f1704f1c1577:-6b56085f:12370558356:-7ebc</endStateId>
            <toProcessItemId>2025.1bb41b24-24d3-4587-aaff-e1910f71aa5a</toProcessItemId>
            <guid>guid:5a54f1704f1c1577:-6b56085f:12370558356:-7ebe</guid>
            <versionId>a9be988f-bd6f-4616-bda0-b156a8a5d14d</versionId>
            <layoutData>
                <controlPoints />
                <showEndState>false</showEndState>
                <showName>true</showName>
            </layoutData>
            <fromItemPort locationId="topCenter" portType="1" />
            <toItemPort locationId="bottomCenter" portType="2" />
            <fromProcessItemId>2025.0192fd0e-f878-46d6-9b6b-69581433f562</fromProcessItemId>
            <toProcessItemId>2025.1bb41b24-24d3-4587-aaff-e1910f71aa5a</toProcessItemId>
        </link>
        <link name="Untitled">
            <lastModified isNull="true" />
            <lastModifiedBy isNull="true" />
            <processLinkId>2027.1b26b763-c543-4f05-926a-354a839bc34c</processLinkId>
            <processId>1.6ab4ed30-ffa5-4879-8bf9-75ac0636ce84</processId>
            <description isNull="true" />
            <fromProcessItemId>2025.c3aaf665-b93d-46b6-b613-682dceadb6be</fromProcessItemId>
            <endStateId>guid:5a54f1704f1c1577:-6b56085f:12370558356:-7fc0</endStateId>
            <toProcessItemId>2025.67c2d98b-494e-4dee-ac71-94fe53a8fefd</toProcessItemId>
            <guid>guid:5a54f1704f1c1577:-1e17a40f:123711828f2:-7fec</guid>
            <versionId>ce03849c-e91a-44c8-87f8-13d9e6ac71c8</versionId>
            <layoutData>
                <controlPoints />
                <showEndState>false</showEndState>
                <showName>false</showName>
            </layoutData>
            <fromItemPort locationId="rightCenter" portType="1" />
            <toItemPort locationId="leftCenter" portType="2" />
            <fromProcessItemId>2025.c3aaf665-b93d-46b6-b613-682dceadb6be</fromProcessItemId>
            <toProcessItemId>2025.67c2d98b-494e-4dee-ac71-94fe53a8fefd</toProcessItemId>
        </link>
        <link name="Untitled">
            <lastModified isNull="true" />
            <lastModifiedBy isNull="true" />
            <processLinkId>2027.9177220d-e27f-4cd8-83f7-b88863592946</processLinkId>
            <processId>1.6ab4ed30-ffa5-4879-8bf9-75ac0636ce84</processId>
            <description isNull="true" />
            <fromProcessItemId>2025.875fca76-eb13-4a0e-8d02-6e77f9dbbed1</fromProcessItemId>
            <endStateId>guid:5a54f1704f1c1577:-6b56085f:12370558356:-7ec4</endStateId>
            <toProcessItemId>2025.b37d8b17-7c94-47ed-b2b4-a1f61cc63fb5</toProcessItemId>
            <guid>guid:5a54f1704f1c1577:-6b56085f:12370558356:-7e9d</guid>
            <versionId>dd3d4f16-b73a-4eda-802b-2ed70f7f4181</versionId>
            <layoutData>
                <controlPoints />
                <showEndState>true</showEndState>
                <showName>false</showName>
            </layoutData>
            <fromItemPort locationId="bottomLeft" portType="1" />
            <toItemPort locationId="rightCenter" portType="2" />
            <fromProcessItemId>2025.875fca76-eb13-4a0e-8d02-6e77f9dbbed1</fromProcessItemId>
            <toProcessItemId>2025.b37d8b17-7c94-47ed-b2b4-a1f61cc63fb5</toProcessItemId>
        </link>
        <link name="Untitled">
            <lastModified isNull="true" />
            <lastModifiedBy isNull="true" />
            <processLinkId>2027.dd755fdb-2afd-4752-8e47-5ff6f43c4217</processLinkId>
            <processId>1.6ab4ed30-ffa5-4879-8bf9-75ac0636ce84</processId>
            <description isNull="true" />
            <fromProcessItemId>2025.4ec02c67-a99a-4c9b-aca5-4a77bcd2b2f8</fromProcessItemId>
            <endStateId>Out</endStateId>
            <toProcessItemId>2025.875fca76-eb13-4a0e-8d02-6e77f9dbbed1</toProcessItemId>
            <guid>guid:5a54f1704f1c1577:-6b56085f:12370558356:-7e8e</guid>
            <versionId>ec01c7d6-b4af-4b5f-88a5-7f8130a50edb</versionId>
            <layoutData>
                <controlPoints />
                <showEndState>false</showEndState>
                <showName>false</showName>
            </layoutData>
            <fromItemPort locationId="topLeft" portType="1" />
            <toItemPort locationId="rightBottom" portType="2" />
            <fromProcessItemId>2025.4ec02c67-a99a-4c9b-aca5-4a77bcd2b2f8</fromProcessItemId>
            <toProcessItemId>2025.875fca76-eb13-4a0e-8d02-6e77f9dbbed1</toProcessItemId>
        </link>
        <link name="Untitled">
            <lastModified isNull="true" />
            <lastModifiedBy isNull="true" />
            <processLinkId>2027.5f41575e-459b-43a7-81ae-ddf761f2e7f8</processLinkId>
            <processId>1.6ab4ed30-ffa5-4879-8bf9-75ac0636ce84</processId>
            <description isNull="true" />
            <fromProcessItemId>2025.67c2d98b-494e-4dee-ac71-94fe53a8fefd</fromProcessItemId>
            <endStateId>guid:5a54f1704f1c1577:-6b56085f:12370558356:-7f0b</endStateId>
            <toProcessItemId>2025.875fca76-eb13-4a0e-8d02-6e77f9dbbed1</toProcessItemId>
            <guid>guid:5a54f1704f1c1577:-6b56085f:12370558356:-7e94</guid>
            <versionId>f108a1fa-9dab-4659-8d8d-4933832001c3</versionId>
            <layoutData>
                <controlPoints />
                <showEndState>false</showEndState>
                <showName>false</showName>
            </layoutData>
            <fromItemPort locationId="rightCenter" portType="1" />
            <toItemPort locationId="leftCenter" portType="2" />
            <fromProcessItemId>2025.67c2d98b-494e-4dee-ac71-94fe53a8fefd</fromProcessItemId>
            <toProcessItemId>2025.875fca76-eb13-4a0e-8d02-6e77f9dbbed1</toProcessItemId>
        </link>
        <link name="Untitled">
            <lastModified isNull="true" />
            <lastModifiedBy isNull="true" />
            <processLinkId>2027.b6561b2a-d60d-46af-b85c-5336e912fa5e</processLinkId>
            <processId>1.6ab4ed30-ffa5-4879-8bf9-75ac0636ce84</processId>
            <description isNull="true" />
            <fromProcessItemId>2025.626b43f8-88d5-4ee6-9633-d9d79cca4091</fromProcessItemId>
            <endStateId>guid:5a54f1704f1c1577:-6b56085f:12370558356:-7f22</endStateId>
            <toProcessItemId>2025.67c2d98b-494e-4dee-ac71-94fe53a8fefd</toProcessItemId>
            <guid>guid:5a54f1704f1c1577:-6b56085f:12370558356:-7eb8</guid>
            <versionId>f41c8807-408d-404c-a248-a318cd9bb1a2</versionId>
            <layoutData>
                <controlPoints />
                <showEndState>true</showEndState>
                <showName>false</showName>
            </layoutData>
            <fromItemPort locationId="rightBottom" portType="1" />
            <toItemPort locationId="topCenter" portType="2" />
            <fromProcessItemId>2025.626b43f8-88d5-4ee6-9633-d9d79cca4091</fromProcessItemId>
            <toProcessItemId>2025.67c2d98b-494e-4dee-ac71-94fe53a8fefd</toProcessItemId>
        </link>
    </process>
</teamworks>

