<?xml version="1.0" encoding="UTF-8"?>
<teamworks>
    <process id="1.7570024e-26b9-4774-b045-e74d17b9bccd" name="SQL Get Database Type">
        <lastModified>1361372673512</lastModified>
        <lastModifiedBy>Internal TW Admin user</lastModifiedBy>
        <processId>1.7570024e-26b9-4774-b045-e74d17b9bccd</processId>
        <image isNull="true" />
        <tabGroup isNull="true" />
        <startingProcessItemId>2025.b9e8d740-9d8d-4a0a-88b0-3262d8a96ce1</startingProcessItemId>
        <isRootProcess>false</isRootProcess>
        <processType>4</processType>
        <isErrorHandlerEnabled>false</isErrorHandlerEnabled>
        <errorHandlerItemId isNull="true" />
        <isLoggingVariables>false</isLoggingVariables>
        <isTransactional>false</isTransactional>
        <processTimingLevel isNull="true" />
        <participantRef isNull="true" />
        <exposedType isNull="true" />
        <isTrackingEnabled>true</isTrackingEnabled>
        <xmlData isNull="true" />
        <cachingType>false</cachingType>
        <itemLabel isNull="true" />
        <cacheLength>43200</cacheLength>
        <mobileReady>false</mobileReady>
        <sboSyncEnabled>true</sboSyncEnabled>
        <externalId isNull="true" />
        <isSecured>false</isSecured>
        <description>Retrieves the database type information and returns it as a SQLDatabaseType object.</description>
        <guid>guid:d7766b7587753602:16bdf27c:11586c10093:-7fdd</guid>
        <versionId>2e69eecf-b001-4eb6-a382-06493bb88c17</versionId>
        <dependencySummary isNull="true" />
        <processParameter name="dataSourceName">
            <lastModified isNull="true" />
            <lastModifiedBy isNull="true" />
            <processParameterId>2055.802937b4-21c0-4ac8-9050-514581dbec43</processParameterId>
            <processId>1.7570024e-26b9-4774-b045-e74d17b9bccd</processId>
            <parameterType>1</parameterType>
            <isArrayOf>false</isArrayOf>
            <classId>/12.db884a3c-c533-44b7-bb2d-47bec8ad4022</classId>
            <seq>1</seq>
            <hasDefault>true</hasDefault>
            <defaultValue>"jdbc/TeamWorksDB"</defaultValue>
            <isLocked>false</isLocked>
            <description isNull="true" />
            <guid>guid:197d4ddc90fc5427:-1c619ffe:11def1582ed:-79ef</guid>
            <versionId>681e765f-297b-4c66-ab4a-e390b53eff1d</versionId>
        </processParameter>
        <processParameter name="databaseType">
            <lastModified isNull="true" />
            <lastModifiedBy isNull="true" />
            <processParameterId>2055.e1e21aed-604e-4664-8572-ab63a7b66802</processParameterId>
            <processId>1.7570024e-26b9-4774-b045-e74d17b9bccd</processId>
            <parameterType>2</parameterType>
            <isArrayOf>false</isArrayOf>
            <classId>/12.77ad9134-842f-4a56-8f63-8db6dbb41746</classId>
            <seq>2</seq>
            <hasDefault>false</hasDefault>
            <defaultValue isNull="true" />
            <isLocked>false</isLocked>
            <description isNull="true" />
            <guid>guid:197d4ddc90fc5427:-1c619ffe:11def1582ed:-79ed</guid>
            <versionId>b30238bb-8ac2-44e2-874f-ebaa47d741ce</versionId>
        </processParameter>
        <item>
            <lastModified isNull="true" />
            <lastModifiedBy isNull="true" />
            <processItemId>2025.b9e8d740-9d8d-4a0a-88b0-3262d8a96ce1</processItemId>
            <processId>1.7570024e-26b9-4774-b045-e74d17b9bccd</processId>
            <name>Get DB Type</name>
            <tWComponentName>JavaConnector</tWComponentName>
            <tWComponentId>3022.7df81c15-86cf-411e-aa5e-e763f135981f</tWComponentId>
            <isLogEnabled>false</isLogEnabled>
            <isTraceEnabled>false</isTraceEnabled>
            <traceCategory isNull="true" />
            <traceLevel isNull="true" />
            <traceMessage isNull="true" />
            <traceSymbolTable isNull="true" />
            <isExecutionContextTraced>false</isExecutionContextTraced>
            <saveExecutionContext>false</saveExecutionContext>
            <documentation isNull="true" />
            <isErrorHandlerEnabled>false</isErrorHandlerEnabled>
            <errorHandlerItemId isNull="true" />
            <guid>guid:12be50909032b80c:18f81ea7:11f41c537ad:-75b6</guid>
            <versionId>e72673fa-7260-4cc8-acdb-5bfb873d4dca</versionId>
            <layoutData x="138" y="85">
                <errorLink>
                    <controlPoints />
                    <showEndState>false</showEndState>
                    <showName>false</showName>
                </errorLink>
            </layoutData>
            <TWComponent>
                <lastModified isNull="true" />
                <lastModifiedBy isNull="true" />
                <javaConnectorId>3022.7df81c15-86cf-411e-aa5e-e763f135981f</javaConnectorId>
                <definition>&lt;connector&gt;
  &lt;javaClassName&gt;teamworks.SQLConnector&lt;/javaClassName&gt;
  &lt;methodName&gt;getDatabaseType&lt;/methodName&gt;
  &lt;inputRecord&gt;
    &lt;element type="java.lang.String" nativeType="java.lang.String" parameter="Parameter 0" argument="tw.local.dataSourceName" description="JNDI DataSource Name" /&gt;
  &lt;/inputRecord&gt;
  &lt;outputRecord&gt;
    &lt;element type="teamworks.TWObject" nativeType="teamworks.TWObject" parameter="Return Value" argument="tw.local.databaseType" description="" /&gt;
  &lt;/outputRecord&gt;
&lt;/connector&gt;</definition>
                <guid>guid:12be50909032b80c:18f81ea7:11f41c537ad:-75b7</guid>
                <versionId>4d8b33a5-db7c-47b3-8b88-a9574dc9e26a</versionId>
            </TWComponent>
        </item>
        <item>
            <lastModified isNull="true" />
            <lastModifiedBy isNull="true" />
            <processItemId>2025.e1a1d557-fdbd-4fcc-9a17-d6956026a172</processItemId>
            <processId>1.7570024e-26b9-4774-b045-e74d17b9bccd</processId>
            <name>End</name>
            <tWComponentName>ExitPoint</tWComponentName>
            <tWComponentId>3008.359198fe-1fef-4521-b022-721eb21d9cce</tWComponentId>
            <isLogEnabled>false</isLogEnabled>
            <isTraceEnabled>false</isTraceEnabled>
            <traceCategory isNull="true" />
            <traceLevel isNull="true" />
            <traceMessage isNull="true" />
            <traceSymbolTable isNull="true" />
            <isExecutionContextTraced>false</isExecutionContextTraced>
            <saveExecutionContext>true</saveExecutionContext>
            <documentation isNull="true" />
            <isErrorHandlerEnabled>false</isErrorHandlerEnabled>
            <errorHandlerItemId isNull="true" />
            <guid>guid:d7766b7587753602:16bdf27c:11586c10093:-7fdc</guid>
            <versionId>feef8bd6-16d9-4f20-94a0-328ac9d2c4f6</versionId>
            <layoutData x="294" y="100">
                <errorLink>
                    <controlPoints />
                    <showEndState>false</showEndState>
                    <showName>false</showName>
                </errorLink>
            </layoutData>
            <TWComponent>
                <lastModified isNull="true" />
                <lastModifiedBy isNull="true" />
                <exitPointId>3008.359198fe-1fef-4521-b022-721eb21d9cce</exitPointId>
                <haltProcess>false</haltProcess>
                <guid>guid:197d4ddc90fc5427:-1c619ffe:11def1582ed:-79e9</guid>
                <versionId>4377d276-32d6-4355-9be2-a5f77aab598f</versionId>
            </TWComponent>
        </item>
        <startingProcessItemId>2025.b9e8d740-9d8d-4a0a-88b0-3262d8a96ce1</startingProcessItemId>
        <errorHandlerItemId isNull="true" />
        <layoutData noConversion="true">
            <errorLink>
                <controlPoints />
                <showEndState>false</showEndState>
                <showName>false</showName>
            </errorLink>
        </layoutData>
        <startPoint>
            <layoutData x="20" y="100">
                <errorLink>
                    <controlPoints />
                    <showEndState>false</showEndState>
                    <showName>false</showName>
                </errorLink>
            </layoutData>
        </startPoint>
        <startLink>
            <fromPort locationId="rightCenter" portType="1" />
            <toPort locationId="leftCenter" portType="2" />
            <layoutData>
                <controlPoints />
                <showEndState>false</showEndState>
                <showName>false</showName>
            </layoutData>
        </startLink>
        <link name="Untitled">
            <lastModified isNull="true" />
            <lastModifiedBy isNull="true" />
            <processLinkId>2027.3ae59a06-7c1a-4bde-8306-64ce0a8dea4a</processLinkId>
            <processId>1.7570024e-26b9-4774-b045-e74d17b9bccd</processId>
            <description isNull="true" />
            <fromProcessItemId>2025.b9e8d740-9d8d-4a0a-88b0-3262d8a96ce1</fromProcessItemId>
            <endStateId>Out</endStateId>
            <toProcessItemId>2025.e1a1d557-fdbd-4fcc-9a17-d6956026a172</toProcessItemId>
            <guid>guid:12be50909032b80c:18f81ea7:11f41c537ad:-75aa</guid>
            <versionId>166ca486-db70-43c5-a13b-c1ade7ac0483</versionId>
            <layoutData>
                <controlPoints />
                <showEndState>false</showEndState>
                <showName>false</showName>
            </layoutData>
            <fromItemPort locationId="rightCenter" portType="1" />
            <toItemPort locationId="leftCenter" portType="2" />
            <fromProcessItemId>2025.b9e8d740-9d8d-4a0a-88b0-3262d8a96ce1</fromProcessItemId>
            <toProcessItemId>2025.e1a1d557-fdbd-4fcc-9a17-d6956026a172</toProcessItemId>
        </link>
    </process>
</teamworks>

