<?xml version="1.0" encoding="UTF-8"?>
<teamworks>
    <process id="1.75441aee-57ba-47b2-8cdf-be21c2328718" name="SQL Execute Script (SQLResult)">
        <lastModified>1361372673512</lastModified>
        <lastModifiedBy>Internal TW Admin user</lastModifiedBy>
        <processId>1.75441aee-57ba-47b2-8cdf-be21c2328718</processId>
        <image isNull="true" />
        <tabGroup isNull="true" />
        <startingProcessItemId>2025.d6a0c322-a908-4b46-bc79-213835c7181d</startingProcessItemId>
        <isRootProcess>false</isRootProcess>
        <processType>4</processType>
        <isErrorHandlerEnabled>false</isErrorHandlerEnabled>
        <errorHandlerItemId isNull="true" />
        <isLoggingVariables>false</isLoggingVariables>
        <isTransactional>false</isTransactional>
        <processTimingLevel isNull="true" />
        <participantRef isNull="true" />
        <exposedType isNull="true" />
        <isTrackingEnabled>true</isTrackingEnabled>
        <xmlData isNull="true" />
        <cachingType>false</cachingType>
        <itemLabel isNull="true" />
        <cacheLength>43200</cacheLength>
        <mobileReady>false</mobileReady>
        <sboSyncEnabled>true</sboSyncEnabled>
        <externalId isNull="true" />
        <isSecured>false</isSecured>
        <description>Execute a literal SQL script string that contains multiple statements separated by the specified separator (such as "/" for Oracle, "GO" for SQL Server, and "@" for DB2) and returns the results based on the supplied return type.</description>
        <guid>guid:d7766b7587753602:16bdf27c:11586c10093:-7ff3</guid>
        <versionId>f47b1f6f-e1bb-4ca7-92c8-25549079cee5</versionId>
        <dependencySummary isNull="true" />
        <processParameter name="sqlScript">
            <lastModified isNull="true" />
            <lastModifiedBy isNull="true" />
            <processParameterId>2055.cb81f922-810f-40a6-ab43-0d026c602632</processParameterId>
            <processId>1.75441aee-57ba-47b2-8cdf-be21c2328718</processId>
            <parameterType>1</parameterType>
            <isArrayOf>false</isArrayOf>
            <classId>/12.db884a3c-c533-44b7-bb2d-47bec8ad4022</classId>
            <seq>1</seq>
            <hasDefault>false</hasDefault>
            <defaultValue isNull="true" />
            <isLocked>false</isLocked>
            <description isNull="true" />
            <guid>guid:197d4ddc90fc5427:-1c619ffe:11def1582ed:-7a1b</guid>
            <versionId>ee86bf26-f50d-48fd-8b45-f10c8f385caa</versionId>
        </processParameter>
        <processParameter name="sqlStatementSeparator">
            <lastModified isNull="true" />
            <lastModifiedBy isNull="true" />
            <processParameterId>2055.c4b59b3f-ed4a-4321-9802-28ca3fcd394a</processParameterId>
            <processId>1.75441aee-57ba-47b2-8cdf-be21c2328718</processId>
            <parameterType>1</parameterType>
            <isArrayOf>false</isArrayOf>
            <classId>/12.db884a3c-c533-44b7-bb2d-47bec8ad4022</classId>
            <seq>2</seq>
            <hasDefault>true</hasDefault>
            <defaultValue>","</defaultValue>
            <isLocked>false</isLocked>
            <description isNull="true" />
            <guid>guid:197d4ddc90fc5427:-1c619ffe:11def1582ed:-7a19</guid>
            <versionId>e50c2967-9bdb-447c-bc51-81af6e7c3b9c</versionId>
        </processParameter>
        <processParameter name="dataSourceName">
            <lastModified isNull="true" />
            <lastModifiedBy isNull="true" />
            <processParameterId>2055.17a7ead4-c0f4-4bdb-bc34-27b030a4ee50</processParameterId>
            <processId>1.75441aee-57ba-47b2-8cdf-be21c2328718</processId>
            <parameterType>1</parameterType>
            <isArrayOf>false</isArrayOf>
            <classId>/12.db884a3c-c533-44b7-bb2d-47bec8ad4022</classId>
            <seq>4</seq>
            <hasDefault>true</hasDefault>
            <defaultValue>"jdbc/TeamWorksDB"</defaultValue>
            <isLocked>false</isLocked>
            <description isNull="true" />
            <guid>guid:197d4ddc90fc5427:-1c619ffe:11def1582ed:-7a17</guid>
            <versionId>1c9b138a-1dbe-40f7-85a6-da50afda3762</versionId>
        </processParameter>
        <processParameter name="results">
            <lastModified isNull="true" />
            <lastModifiedBy isNull="true" />
            <processParameterId>2055.33947126-7ccf-4283-8b87-cf8847ad22e7</processParameterId>
            <processId>1.75441aee-57ba-47b2-8cdf-be21c2328718</processId>
            <parameterType>2</parameterType>
            <isArrayOf>true</isArrayOf>
            <classId>/12.3b1e3757-a1f4-4c3f-bbb8-16fecd4d65c1</classId>
            <seq>6</seq>
            <hasDefault>false</hasDefault>
            <defaultValue isNull="true" />
            <isLocked>false</isLocked>
            <description isNull="true" />
            <guid>guid:197d4ddc90fc5427:-1c619ffe:11def1582ed:-7a15</guid>
            <versionId>a055c54f-524f-4591-ad64-f5f3899db67c</versionId>
        </processParameter>
        <processVariable name="returnType">
            <lastModified isNull="true" />
            <lastModifiedBy isNull="true" />
            <processVariableId>2056.d0fc74b3-c11d-48ac-b0d3-0d0bf53f61e1</processVariableId>
            <description isNull="true" />
            <processId>1.75441aee-57ba-47b2-8cdf-be21c2328718</processId>
            <namespace>2</namespace>
            <seq>1</seq>
            <isArrayOf>false</isArrayOf>
            <classId>/12.db884a3c-c533-44b7-bb2d-47bec8ad4022</classId>
            <hasDefault>true</hasDefault>
            <defaultValue>"SQLResult"</defaultValue>
            <guid>guid:197d4ddc90fc5427:-1c619ffe:11def1582ed:-7a0f</guid>
            <versionId>2681f963-b218-47ae-bb1b-1a4b19ac2dc7</versionId>
        </processVariable>
        <item>
            <lastModified isNull="true" />
            <lastModifiedBy isNull="true" />
            <processItemId>2025.774677f4-fe03-4b9d-b21d-8b1de4db9742</processItemId>
            <processId>1.75441aee-57ba-47b2-8cdf-be21c2328718</processId>
            <name>End</name>
            <tWComponentName>ExitPoint</tWComponentName>
            <tWComponentId>3008.63d31609-85d7-437b-95f7-bbc4f9101bce</tWComponentId>
            <isLogEnabled>false</isLogEnabled>
            <isTraceEnabled>false</isTraceEnabled>
            <traceCategory isNull="true" />
            <traceLevel isNull="true" />
            <traceMessage isNull="true" />
            <traceSymbolTable isNull="true" />
            <isExecutionContextTraced>false</isExecutionContextTraced>
            <saveExecutionContext>true</saveExecutionContext>
            <documentation isNull="true" />
            <isErrorHandlerEnabled>false</isErrorHandlerEnabled>
            <errorHandlerItemId isNull="true" />
            <guid>guid:d7766b7587753602:16bdf27c:11586c10093:-7ff2</guid>
            <versionId>bad687a6-b870-498b-aef8-a6ac90c38534</versionId>
            <layoutData x="294" y="100">
                <errorLink>
                    <controlPoints />
                    <showEndState>false</showEndState>
                    <showName>false</showName>
                </errorLink>
            </layoutData>
            <TWComponent>
                <lastModified isNull="true" />
                <lastModifiedBy isNull="true" />
                <exitPointId>3008.63d31609-85d7-437b-95f7-bbc4f9101bce</exitPointId>
                <haltProcess>false</haltProcess>
                <guid>guid:197d4ddc90fc5427:-1c619ffe:11def1582ed:-7a11</guid>
                <versionId>c64493e4-f722-42b4-95bf-af22f24fedc3</versionId>
            </TWComponent>
        </item>
        <item>
            <lastModified isNull="true" />
            <lastModifiedBy isNull="true" />
            <processItemId>2025.d6a0c322-a908-4b46-bc79-213835c7181d</processItemId>
            <processId>1.75441aee-57ba-47b2-8cdf-be21c2328718</processId>
            <name>Execute Script</name>
            <tWComponentName>JavaConnector</tWComponentName>
            <tWComponentId>3022.6586097d-d704-4354-905c-60400e179b3b</tWComponentId>
            <isLogEnabled>false</isLogEnabled>
            <isTraceEnabled>false</isTraceEnabled>
            <traceCategory isNull="true" />
            <traceLevel isNull="true" />
            <traceMessage isNull="true" />
            <traceSymbolTable isNull="true" />
            <isExecutionContextTraced>false</isExecutionContextTraced>
            <saveExecutionContext>false</saveExecutionContext>
            <documentation isNull="true" />
            <isErrorHandlerEnabled>false</isErrorHandlerEnabled>
            <errorHandlerItemId isNull="true" />
            <guid>guid:12be50909032b80c:18f81ea7:11f41c537ad:-79cf</guid>
            <versionId>bb90a5be-d6d2-432e-baca-d92da999ebd7</versionId>
            <layoutData x="137" y="85">
                <errorLink>
                    <controlPoints />
                    <showEndState>false</showEndState>
                    <showName>false</showName>
                </errorLink>
            </layoutData>
            <TWComponent>
                <lastModified isNull="true" />
                <lastModifiedBy isNull="true" />
                <javaConnectorId>3022.6586097d-d704-4354-905c-60400e179b3b</javaConnectorId>
                <definition>&lt;connector&gt;
  &lt;javaClassName&gt;teamworks.SQLConnector&lt;/javaClassName&gt;
  &lt;methodName&gt;executeScript&lt;/methodName&gt;
  &lt;inputRecord&gt;
    &lt;element type="java.lang.String" nativeType="java.lang.String" parameter="Parameter 0" argument="tw.local.sqlScript" description="SQL Script" /&gt;
    &lt;element type="java.lang.String" nativeType="java.lang.String" parameter="Parameter 1" argument="tw.local.sqlStatementSeparator" description="SQL Statement Separator" /&gt;
    &lt;element type="java.lang.String" nativeType="java.lang.String" parameter="Parameter 2" argument="tw.local.dataSourceName" description="JNDI DataSource Name" /&gt;
    &lt;element type="java.lang.String" nativeType="java.lang.String" parameter="Parameter 3" argument="&amp;quot;SQLResult&amp;quot;" description="Return Type (SQLResult, XMLElement, Record, or complex type name)" /&gt;
  &lt;/inputRecord&gt;
  &lt;outputRecord&gt;
    &lt;element type="java.lang.Object" nativeType="java.lang.Object" parameter="Return Value" argument="tw.local.results" description="" /&gt;
  &lt;/outputRecord&gt;
&lt;/connector&gt;</definition>
                <guid>guid:12be50909032b80c:18f81ea7:11f41c537ad:-79d0</guid>
                <versionId>89d7883b-c368-4f9a-9b80-dfc8327bdaa3</versionId>
            </TWComponent>
        </item>
        <startingProcessItemId>2025.d6a0c322-a908-4b46-bc79-213835c7181d</startingProcessItemId>
        <errorHandlerItemId isNull="true" />
        <layoutData noConversion="true">
            <errorLink>
                <controlPoints />
                <showEndState>false</showEndState>
                <showName>false</showName>
            </errorLink>
        </layoutData>
        <startPoint>
            <layoutData x="20" y="100">
                <errorLink>
                    <controlPoints />
                    <showEndState>false</showEndState>
                    <showName>false</showName>
                </errorLink>
            </layoutData>
        </startPoint>
        <startLink>
            <fromPort locationId="rightCenter" portType="1" />
            <toPort locationId="leftCenter" portType="2" />
            <layoutData>
                <controlPoints />
                <showEndState>false</showEndState>
                <showName>false</showName>
            </layoutData>
        </startLink>
        <link name="Untitled">
            <lastModified isNull="true" />
            <lastModifiedBy isNull="true" />
            <processLinkId>2027.fb852b6b-b4be-40c2-9799-3ab4c4cec59d</processLinkId>
            <processId>1.75441aee-57ba-47b2-8cdf-be21c2328718</processId>
            <description isNull="true" />
            <fromProcessItemId>2025.d6a0c322-a908-4b46-bc79-213835c7181d</fromProcessItemId>
            <endStateId>Out</endStateId>
            <toProcessItemId>2025.774677f4-fe03-4b9d-b21d-8b1de4db9742</toProcessItemId>
            <guid>guid:12be50909032b80c:18f81ea7:11f41c537ad:-79b6</guid>
            <versionId>ad7dfd67-5fcb-42e8-945c-972ad520b253</versionId>
            <layoutData>
                <controlPoints />
                <showEndState>false</showEndState>
                <showName>false</showName>
            </layoutData>
            <fromItemPort locationId="rightCenter" portType="1" />
            <toItemPort locationId="leftCenter" portType="2" />
            <fromProcessItemId>2025.d6a0c322-a908-4b46-bc79-213835c7181d</fromProcessItemId>
            <toProcessItemId>2025.774677f4-fe03-4b9d-b21d-8b1de4db9742</toProcessItemId>
        </link>
    </process>
</teamworks>

