<?xml version="1.0" encoding="UTF-8"?>
<teamworks>
    <process id="1.770143fb-518c-4b9b-b12c-7bd0ea0efd28" name="Team Retrieval Service Template">
        <lastModified>1361372673512</lastModified>
        <lastModifiedBy>Internal TW Admin user</lastModifiedBy>
        <processId>1.770143fb-518c-4b9b-b12c-7bd0ea0efd28</processId>
        <image isNull="true" />
        <tabGroup isNull="true" />
        <startingProcessItemId isNull="true" />
        <isRootProcess>false</isRootProcess>
        <processType>4</processType>
        <isErrorHandlerEnabled>false</isErrorHandlerEnabled>
        <errorHandlerItemId isNull="true" />
        <isLoggingVariables>false</isLoggingVariables>
        <isTransactional>false</isTransactional>
        <processTimingLevel isNull="true" />
        <participantRef isNull="true" />
        <exposedType isNull="true" />
        <isTrackingEnabled>true</isTrackingEnabled>
        <xmlData isNull="true" />
        <cachingType>false</cachingType>
        <itemLabel isNull="true" />
        <cacheLength>43200</cacheLength>
        <mobileReady>false</mobileReady>
        <sboSyncEnabled>true</sboSyncEnabled>
        <externalId isNull="true" />
        <isSecured>false</isSecured>
        <description isNull="true" />
        <guid>guid:d5b59e2cf13bea07:4aca66da:13aeadda1c6:-7ff5</guid>
        <versionId>926d8f62-4584-4be2-9a5f-bfb4334e8d65</versionId>
        <dependencySummary isNull="true" />
        <processParameter name="name">
            <lastModified isNull="true" />
            <lastModifiedBy isNull="true" />
            <processParameterId>2055.ad61b4da-8c46-44b5-aea6-44b95b82d4fa</processParameterId>
            <processId>1.770143fb-518c-4b9b-b12c-7bd0ea0efd28</processId>
            <parameterType>1</parameterType>
            <isArrayOf>false</isArrayOf>
            <classId>/12.db884a3c-c533-44b7-bb2d-47bec8ad4022</classId>
            <seq>1</seq>
            <hasDefault>false</hasDefault>
            <defaultValue isNull="true" />
            <isLocked>false</isLocked>
            <description isNull="true" />
            <guid>guid:d5b59e2cf13bea07:4aca66da:13aeadda1c6:-7ff1</guid>
            <versionId>9241c2f2-3d91-4801-bc1d-7c931323a4e3</versionId>
        </processParameter>
        <processParameter name="team">
            <lastModified isNull="true" />
            <lastModifiedBy isNull="true" />
            <processParameterId>2055.c8a0c75c-cfba-4b93-a7b5-2eef18236928</processParameterId>
            <processId>1.770143fb-518c-4b9b-b12c-7bd0ea0efd28</processId>
            <parameterType>2</parameterType>
            <isArrayOf>false</isArrayOf>
            <classId>/12.4f114e73-2520-40d7-b2ea-db9dcc4aa1f0</classId>
            <seq>2</seq>
            <hasDefault>false</hasDefault>
            <defaultValue isNull="true" />
            <isLocked>false</isLocked>
            <description isNull="true" />
            <guid>guid:d5b59e2cf13bea07:4aca66da:13aeadda1c6:-7ff0</guid>
            <versionId>8ae496c3-3fb0-4102-9a4e-6adf985b2d1c</versionId>
        </processParameter>
        <item>
            <lastModified isNull="true" />
            <lastModifiedBy isNull="true" />
            <processItemId>2025.ce5f004f-40ac-496c-bb02-054a57916c85</processItemId>
            <processId>1.770143fb-518c-4b9b-b12c-7bd0ea0efd28</processId>
            <name>End</name>
            <tWComponentName>ExitPoint</tWComponentName>
            <tWComponentId>3008.3f0729a5-0790-4570-8b89-b6abe0071601</tWComponentId>
            <isLogEnabled>false</isLogEnabled>
            <isTraceEnabled>false</isTraceEnabled>
            <traceCategory isNull="true" />
            <traceLevel isNull="true" />
            <traceMessage isNull="true" />
            <traceSymbolTable isNull="true" />
            <isExecutionContextTraced>false</isExecutionContextTraced>
            <saveExecutionContext>true</saveExecutionContext>
            <documentation isNull="true" />
            <isErrorHandlerEnabled>false</isErrorHandlerEnabled>
            <errorHandlerItemId isNull="true" />
            <guid>guid:d5b59e2cf13bea07:4aca66da:13aeadda1c6:-7ff3</guid>
            <versionId>85bfa1d3-8db6-4e7e-92ea-0eb9fffde392</versionId>
            <layoutData x="700" y="100">
                <errorLink>
                    <controlPoints />
                    <showEndState>false</showEndState>
                    <showName>false</showName>
                </errorLink>
            </layoutData>
            <TWComponent>
                <lastModified isNull="true" />
                <lastModifiedBy isNull="true" />
                <exitPointId>3008.3f0729a5-0790-4570-8b89-b6abe0071601</exitPointId>
                <haltProcess>false</haltProcess>
                <guid>guid:d5b59e2cf13bea07:4aca66da:13aeadda1c6:-7ff2</guid>
                <versionId>6e72e977-05be-4655-8e9b-b87a786b605e</versionId>
            </TWComponent>
        </item>
        <startingProcessItemId isNull="true" />
        <errorHandlerItemId isNull="true" />
        <layoutData noConversion="true">
            <errorLink>
                <controlPoints />
                <showEndState>false</showEndState>
                <showName>false</showName>
            </errorLink>
        </layoutData>
        <startPoint>
            <layoutData x="20" y="100">
                <errorLink>
                    <controlPoints />
                    <showEndState>false</showEndState>
                    <showName>false</showName>
                </errorLink>
            </layoutData>
        </startPoint>
        <startLink>
            <fromPort locationId="rightCenter" portType="1" />
            <toPort locationId="rightCenter" portType="2" />
            <layoutData>
                <controlPoints />
                <showEndState>false</showEndState>
                <showName>false</showName>
            </layoutData>
        </startLink>
    </process>
</teamworks>

