<?xml version="1.0" encoding="UTF-8"?>
<teamworks>
    <process id="1.799f0397-1f1f-4771-984a-e5b5965570c4" name="lsw Get Conditional Activity Template Names">
        <lastModified>1361372673512</lastModified>
        <lastModifiedBy>Internal TW Admin user</lastModifiedBy>
        <processId>1.799f0397-1f1f-4771-984a-e5b5965570c4</processId>
        <image isNull="true" />
        <tabGroup isNull="true" />
        <startingProcessItemId>2025.0544c75f-acc4-4c80-b0b4-414922edf708</startingProcessItemId>
        <isRootProcess>false</isRootProcess>
        <processType>6</processType>
        <isErrorHandlerEnabled>false</isErrorHandlerEnabled>
        <errorHandlerItemId isNull="true" />
        <isLoggingVariables>false</isLoggingVariables>
        <isTransactional>false</isTransactional>
        <processTimingLevel isNull="true" />
        <participantRef isNull="true" />
        <exposedType isNull="true" />
        <isTrackingEnabled>true</isTrackingEnabled>
        <xmlData isNull="true" />
        <cachingType>false</cachingType>
        <itemLabel isNull="true" />
        <cacheLength>43200</cacheLength>
        <mobileReady>false</mobileReady>
        <sboSyncEnabled>true</sboSyncEnabled>
        <externalId isNull="true" />
        <isSecured>false</isSecured>
        <description isNull="true" />
        <guid>guid:5a54f1704f1c1577:-6b56085f:12370558356:-7fc2</guid>
        <versionId>4af9fff9-b287-45a5-b36e-811f67755849</versionId>
        <dependencySummary isNull="true" />
        <processParameter name="bpdGUID">
            <lastModified isNull="true" />
            <lastModifiedBy isNull="true" />
            <processParameterId>2055.a71d8ac4-4aef-4d5f-a9fa-e11bba8a3506</processParameterId>
            <processId>1.799f0397-1f1f-4771-984a-e5b5965570c4</processId>
            <parameterType>1</parameterType>
            <isArrayOf>false</isArrayOf>
            <classId>/12.db884a3c-c533-44b7-bb2d-47bec8ad4022</classId>
            <seq>1</seq>
            <hasDefault>false</hasDefault>
            <defaultValue isNull="true" />
            <isLocked>false</isLocked>
            <description>The GUID of the top-level BPD for which to retrieve templates</description>
            <guid>guid:5a54f1704f1c1577:-6b56085f:12370558356:-7fbe</guid>
            <versionId>68285b10-1c7a-4f31-a3ba-1343bec5c326</versionId>
        </processParameter>
        <processParameter name="templateNames">
            <lastModified isNull="true" />
            <lastModifiedBy isNull="true" />
            <processParameterId>2055.aab53eac-0cc9-47a0-983f-3c29680541de</processParameterId>
            <processId>1.799f0397-1f1f-4771-984a-e5b5965570c4</processId>
            <parameterType>2</parameterType>
            <isArrayOf>true</isArrayOf>
            <classId>/12.d2e5a15a-ea53-4793-9e93-29af5bd80b13</classId>
            <seq>2</seq>
            <hasDefault>false</hasDefault>
            <defaultValue isNull="true" />
            <isLocked>false</isLocked>
            <description>A list of Name/Value Pairs (name = Template Name, value = Template ID) with the templates that have been created for the given top-level BPD</description>
            <guid>guid:5a54f1704f1c1577:-6b56085f:12370558356:-7fbd</guid>
            <versionId>34dcfe12-2178-404e-b127-12ec33d4e4d8</versionId>
        </processParameter>
        <processVariable name="sql">
            <lastModified isNull="true" />
            <lastModifiedBy isNull="true" />
            <processVariableId>2056.e0c4c850-c4be-48e2-ac77-6de81c235eed</processVariableId>
            <description isNull="true" />
            <processId>1.799f0397-1f1f-4771-984a-e5b5965570c4</processId>
            <namespace>2</namespace>
            <seq>1</seq>
            <isArrayOf>false</isArrayOf>
            <classId>/12.db884a3c-c533-44b7-bb2d-47bec8ad4022</classId>
            <hasDefault>false</hasDefault>
            <defaultValue isNull="true" />
            <guid>guid:5a54f1704f1c1577:-6b56085f:12370558356:-7fbc</guid>
            <versionId>08796889-c813-4b7c-89e5-3cff72ecd410</versionId>
        </processVariable>
        <processVariable name="parameters">
            <lastModified isNull="true" />
            <lastModifiedBy isNull="true" />
            <processVariableId>2056.c80784c3-14ee-4138-b956-83b8427dfb1b</processVariableId>
            <description isNull="true" />
            <processId>1.799f0397-1f1f-4771-984a-e5b5965570c4</processId>
            <namespace>2</namespace>
            <seq>2</seq>
            <isArrayOf>true</isArrayOf>
            <classId>/12.f453f500-ca4e-4264-a371-72c1892e8b7c</classId>
            <hasDefault>false</hasDefault>
            <defaultValue isNull="true" />
            <guid>guid:5a54f1704f1c1577:-6b56085f:12370558356:-7fbb</guid>
            <versionId>aa6a25dd-dd9a-4834-80eb-40c691d40fcd</versionId>
        </processVariable>
        <item>
            <lastModified isNull="true" />
            <lastModifiedBy isNull="true" />
            <processItemId>2025.d0762492-0b29-47bd-a2a1-c3beadd65c31</processItemId>
            <processId>1.799f0397-1f1f-4771-984a-e5b5965570c4</processId>
            <name>Setup Parameters</name>
            <tWComponentName>Script</tWComponentName>
            <tWComponentId>3011.c3b0a7bc-7717-4d09-a53e-bc7ffcfb85fa</tWComponentId>
            <isLogEnabled>false</isLogEnabled>
            <isTraceEnabled>false</isTraceEnabled>
            <traceCategory isNull="true" />
            <traceLevel isNull="true" />
            <traceMessage isNull="true" />
            <traceSymbolTable isNull="true" />
            <isExecutionContextTraced>false</isExecutionContextTraced>
            <saveExecutionContext>false</saveExecutionContext>
            <documentation isNull="true" />
            <isErrorHandlerEnabled>false</isErrorHandlerEnabled>
            <errorHandlerItemId isNull="true" />
            <guid>guid:5a54f1704f1c1577:-6b56085f:12370558356:-7fb3</guid>
            <versionId>0548a18e-7e33-4541-b2db-8dfea8c12f20</versionId>
            <layoutData x="273" y="91">
                <errorLink>
                    <controlPoints />
                    <showEndState>false</showEndState>
                    <showName>false</showName>
                </errorLink>
            </layoutData>
            <TWComponent>
                <lastModified isNull="true" />
                <lastModifiedBy isNull="true" />
                <scriptId>3011.c3b0a7bc-7717-4d09-a53e-bc7ffcfb85fa</scriptId>
                <scriptTypeId>2</scriptTypeId>
                <isActive>true</isActive>
                <script>tw.local.parameters = new tw.object.listOf.SQLParameter();
tw.local.parameters[tw.local.parameters.listLength] = newSQLParameter(tw.local.bpdGUID);</script>
                <isRule>false</isRule>
                <guid>guid:5a54f1704f1c1577:-6b56085f:12370558356:-7fb4</guid>
                <versionId>49d1bb87-1395-499e-a586-5c66a73d8335</versionId>
            </TWComponent>
        </item>
        <item>
            <lastModified isNull="true" />
            <lastModifiedBy isNull="true" />
            <processItemId>2025.0544c75f-acc4-4c80-b0b4-414922edf708</processItemId>
            <processId>1.799f0397-1f1f-4771-984a-e5b5965570c4</processId>
            <name>Build Query SQL</name>
            <tWComponentName>Script</tWComponentName>
            <tWComponentId>3011.5f06f888-e7d6-4455-b7ce-372bbd74cf4f</tWComponentId>
            <isLogEnabled>false</isLogEnabled>
            <isTraceEnabled>false</isTraceEnabled>
            <traceCategory isNull="true" />
            <traceLevel isNull="true" />
            <traceMessage isNull="true" />
            <traceSymbolTable isNull="true" />
            <isExecutionContextTraced>false</isExecutionContextTraced>
            <saveExecutionContext>false</saveExecutionContext>
            <documentation isNull="true" />
            <isErrorHandlerEnabled>false</isErrorHandlerEnabled>
            <errorHandlerItemId isNull="true" />
            <guid>guid:5a54f1704f1c1577:-6b56085f:12370558356:-7fb7</guid>
            <versionId>35835911-20c4-45fb-bbd7-8b7c192f8b4f</versionId>
            <layoutData x="130" y="91">
                <errorLink>
                    <controlPoints />
                    <showEndState>false</showEndState>
                    <showName>false</showName>
                </errorLink>
            </layoutData>
            <TWComponent>
                <lastModified isNull="true" />
                <lastModifiedBy isNull="true" />
                <scriptId>3011.5f06f888-e7d6-4455-b7ce-372bbd74cf4f</scriptId>
                <scriptTypeId>128</scriptTypeId>
                <isActive>true</isActive>
                <script>tw.local.sql
SELECT id AS value, name
FROM lsw_ca_template 
WHERE bpd_guid = ?</script>
                <isRule>false</isRule>
                <guid>guid:5a54f1704f1c1577:-6b56085f:12370558356:-7fb8</guid>
                <versionId>f3711e3b-6f59-48e9-9f64-c57de84e8919</versionId>
            </TWComponent>
        </item>
        <item>
            <lastModified isNull="true" />
            <lastModifiedBy isNull="true" />
            <processItemId>2025.1530a96d-71d6-4212-bbbe-9ace96be0bcd</processItemId>
            <processId>1.799f0397-1f1f-4771-984a-e5b5965570c4</processId>
            <name>SQL Execute Statement</name>
            <tWComponentName>SubProcess</tWComponentName>
            <tWComponentId>3012.6699a5b3-76f5-4256-85fc-6e1a6283e0ac</tWComponentId>
            <isLogEnabled>false</isLogEnabled>
            <isTraceEnabled>false</isTraceEnabled>
            <traceCategory isNull="true" />
            <traceLevel isNull="true" />
            <traceMessage isNull="true" />
            <traceSymbolTable isNull="true" />
            <isExecutionContextTraced>false</isExecutionContextTraced>
            <saveExecutionContext>false</saveExecutionContext>
            <documentation isNull="true" />
            <isErrorHandlerEnabled>false</isErrorHandlerEnabled>
            <errorHandlerItemId isNull="true" />
            <guid>guid:5a54f1704f1c1577:-6b56085f:12370558356:-7fae</guid>
            <versionId>a1be0eac-faf3-4346-8f75-1ca7747fae7c</versionId>
            <layoutData x="408" y="89">
                <errorLink>
                    <controlPoints />
                    <showEndState>false</showEndState>
                    <showName>false</showName>
                </errorLink>
            </layoutData>
            <TWComponent>
                <lastModified isNull="true" />
                <lastModifiedBy isNull="true" />
                <subProcessId>3012.6699a5b3-76f5-4256-85fc-6e1a6283e0ac</subProcessId>
                <attachedProcessRef>/1.8ca80af0-a727-4b90-9e04-21b32cd0c65c</attachedProcessRef>
                <guid>guid:5a54f1704f1c1577:-6b56085f:12370558356:-7fad</guid>
                <versionId>77246726-043b-4177-8eb8-d22826dbf793</versionId>
                <parameterMapping name="results">
                    <lastModified isNull="true" />
                    <lastModifiedBy isNull="true" />
                    <parameterMappingId>2054.511f28a7-c143-452a-b249-65295d77d8df</parameterMappingId>
                    <processParameterId>2055.21cdb854-d222-4fc8-b991-17aef09de0c4</processParameterId>
                    <parameterMappingParentId>3012.6699a5b3-76f5-4256-85fc-6e1a6283e0ac</parameterMappingParentId>
                    <useDefault>false</useDefault>
                    <value>tw.local.templateNames</value>
                    <classRef>/12.c09c9b6e-aabd-4897-bef2-ed61db106297</classRef>
                    <isList>false</isList>
                    <isInput>false</isInput>
                    <guid>guid:5a54f1704f1c1577:-6b56085f:12370558356:-7fa9</guid>
                    <versionId>2e53c60d-4aa0-4952-bf53-ab15fc8f0a1d</versionId>
                    <description isNull="true" />
                </parameterMapping>
                <parameterMapping name="parameters">
                    <lastModified isNull="true" />
                    <lastModifiedBy isNull="true" />
                    <parameterMappingId>2054.1e7a826c-d864-4871-be71-4db743aae22f</parameterMappingId>
                    <processParameterId>2055.8b3c4f58-67b5-49b0-8df4-bdb407fbe076</processParameterId>
                    <parameterMappingParentId>3012.6699a5b3-76f5-4256-85fc-6e1a6283e0ac</parameterMappingParentId>
                    <useDefault>false</useDefault>
                    <value>tw.local.parameters</value>
                    <classRef>/12.f453f500-ca4e-4264-a371-72c1892e8b7c</classRef>
                    <isList>true</isList>
                    <isInput>true</isInput>
                    <guid>guid:5a54f1704f1c1577:-6b56085f:12370558356:-7fab</guid>
                    <versionId>31722632-432f-4807-b218-23e43a1c2ff3</versionId>
                    <description isNull="true" />
                </parameterMapping>
                <parameterMapping name="sql">
                    <lastModified isNull="true" />
                    <lastModifiedBy isNull="true" />
                    <parameterMappingId>2054.deb8901b-b833-461f-be1c-311f67efd95c</parameterMappingId>
                    <processParameterId>2055.e3bfe8f3-c801-4ef8-bb77-77156e3b0326</processParameterId>
                    <parameterMappingParentId>3012.6699a5b3-76f5-4256-85fc-6e1a6283e0ac</parameterMappingParentId>
                    <useDefault>false</useDefault>
                    <value>tw.local.sql</value>
                    <classRef>/12.db884a3c-c533-44b7-bb2d-47bec8ad4022</classRef>
                    <isList>false</isList>
                    <isInput>true</isInput>
                    <guid>guid:5a54f1704f1c1577:-6b56085f:12370558356:-7fac</guid>
                    <versionId>3895d77b-154c-4d0a-bf59-2616deb066d2</versionId>
                    <description isNull="true" />
                </parameterMapping>
                <parameterMapping name="returnType">
                    <lastModified isNull="true" />
                    <lastModifiedBy isNull="true" />
                    <parameterMappingId>2054.b146a99f-2ebf-4c9e-b205-c50f06707385</parameterMappingId>
                    <processParameterId>2055.7081e3db-2301-4308-b93d-61cf78b25816</processParameterId>
                    <parameterMappingParentId>3012.6699a5b3-76f5-4256-85fc-6e1a6283e0ac</parameterMappingParentId>
                    <useDefault>false</useDefault>
                    <value>"NameValuePair"</value>
                    <classRef>/12.db884a3c-c533-44b7-bb2d-47bec8ad4022</classRef>
                    <isList>false</isList>
                    <isInput>true</isInput>
                    <guid>guid:5a54f1704f1c1577:-6b56085f:12370558356:-7faa</guid>
                    <versionId>5ab250e0-d5c4-4c24-af83-7250e864e656</versionId>
                    <description isNull="true" />
                </parameterMapping>
            </TWComponent>
        </item>
        <item>
            <lastModified isNull="true" />
            <lastModifiedBy isNull="true" />
            <processItemId>2025.8b8ded37-3b3b-4027-b42c-83cb4dfbb4a0</processItemId>
            <processId>1.799f0397-1f1f-4771-984a-e5b5965570c4</processId>
            <name>End</name>
            <tWComponentName>ExitPoint</tWComponentName>
            <tWComponentId>3008.80c76030-3fb2-403f-9917-0f1b74f371f2</tWComponentId>
            <isLogEnabled>false</isLogEnabled>
            <isTraceEnabled>false</isTraceEnabled>
            <traceCategory isNull="true" />
            <traceLevel isNull="true" />
            <traceMessage isNull="true" />
            <traceSymbolTable isNull="true" />
            <isExecutionContextTraced>false</isExecutionContextTraced>
            <saveExecutionContext>true</saveExecutionContext>
            <documentation isNull="true" />
            <isErrorHandlerEnabled>false</isErrorHandlerEnabled>
            <errorHandlerItemId isNull="true" />
            <guid>guid:5a54f1704f1c1577:-6b56085f:12370558356:-7fc0</guid>
            <versionId>a48c8150-61ee-4c7e-92e3-95f7f088fe9e</versionId>
            <layoutData x="562" y="99">
                <errorLink>
                    <controlPoints />
                    <showEndState>false</showEndState>
                    <showName>false</showName>
                </errorLink>
            </layoutData>
            <TWComponent>
                <lastModified isNull="true" />
                <lastModifiedBy isNull="true" />
                <exitPointId>3008.80c76030-3fb2-403f-9917-0f1b74f371f2</exitPointId>
                <haltProcess>false</haltProcess>
                <guid>guid:5a54f1704f1c1577:-6b56085f:12370558356:-7fbf</guid>
                <versionId>7235e881-3643-46e7-a59a-c9e7602837fb</versionId>
            </TWComponent>
        </item>
        <startingProcessItemId>2025.0544c75f-acc4-4c80-b0b4-414922edf708</startingProcessItemId>
        <errorHandlerItemId isNull="true" />
        <layoutData noConversion="true">
            <errorLink>
                <controlPoints />
                <showEndState>false</showEndState>
                <showName>false</showName>
            </errorLink>
        </layoutData>
        <startPoint>
            <layoutData x="20" y="100">
                <errorLink>
                    <controlPoints />
                    <showEndState>false</showEndState>
                    <showName>false</showName>
                </errorLink>
            </layoutData>
        </startPoint>
        <startLink>
            <fromPort locationId="rightCenter" portType="1" />
            <toPort locationId="leftCenter" portType="2" />
            <layoutData>
                <controlPoints />
                <showEndState>false</showEndState>
                <showName>false</showName>
            </layoutData>
        </startLink>
        <link name="Untitled">
            <lastModified isNull="true" />
            <lastModifiedBy isNull="true" />
            <processLinkId>2027.55c152a5-a023-4c56-a59f-21e038342b9c</processLinkId>
            <processId>1.799f0397-1f1f-4771-984a-e5b5965570c4</processId>
            <description isNull="true" />
            <fromProcessItemId>2025.1530a96d-71d6-4212-bbbe-9ace96be0bcd</fromProcessItemId>
            <endStateId>guid:d7766b7587753602:-9d2f0f9:11586bfc263:-7f6f</endStateId>
            <toProcessItemId>2025.8b8ded37-3b3b-4027-b42c-83cb4dfbb4a0</toProcessItemId>
            <guid>guid:5a54f1704f1c1577:-6b56085f:12370558356:-7fa6</guid>
            <versionId>0d95c7dd-e841-4d9d-b0a2-a39ed0feca48</versionId>
            <layoutData>
                <controlPoints />
                <showEndState>false</showEndState>
                <showName>false</showName>
            </layoutData>
            <fromItemPort locationId="rightCenter" portType="1" />
            <toItemPort locationId="leftCenter" portType="2" />
            <fromProcessItemId>2025.1530a96d-71d6-4212-bbbe-9ace96be0bcd</fromProcessItemId>
            <toProcessItemId>2025.8b8ded37-3b3b-4027-b42c-83cb4dfbb4a0</toProcessItemId>
        </link>
        <link name="Untitled">
            <lastModified isNull="true" />
            <lastModifiedBy isNull="true" />
            <processLinkId>2027.ca01e7e9-4c1a-4759-bbeb-230ddf688deb</processLinkId>
            <processId>1.799f0397-1f1f-4771-984a-e5b5965570c4</processId>
            <description isNull="true" />
            <fromProcessItemId>2025.d0762492-0b29-47bd-a2a1-c3beadd65c31</fromProcessItemId>
            <endStateId>Out</endStateId>
            <toProcessItemId>2025.1530a96d-71d6-4212-bbbe-9ace96be0bcd</toProcessItemId>
            <guid>guid:5a54f1704f1c1577:-6b56085f:12370558356:-7fa7</guid>
            <versionId>14978c7c-db60-4c2e-8494-1024711a4922</versionId>
            <layoutData>
                <controlPoints />
                <showEndState>false</showEndState>
                <showName>false</showName>
            </layoutData>
            <fromItemPort locationId="rightCenter" portType="1" />
            <toItemPort locationId="leftCenter" portType="2" />
            <fromProcessItemId>2025.d0762492-0b29-47bd-a2a1-c3beadd65c31</fromProcessItemId>
            <toProcessItemId>2025.1530a96d-71d6-4212-bbbe-9ace96be0bcd</toProcessItemId>
        </link>
        <link name="Untitled">
            <lastModified isNull="true" />
            <lastModifiedBy isNull="true" />
            <processLinkId>2027.c3791e65-c36c-4ac9-8943-b0adb5f2e806</processLinkId>
            <processId>1.799f0397-1f1f-4771-984a-e5b5965570c4</processId>
            <description isNull="true" />
            <fromProcessItemId>2025.0544c75f-acc4-4c80-b0b4-414922edf708</fromProcessItemId>
            <endStateId>Out</endStateId>
            <toProcessItemId>2025.d0762492-0b29-47bd-a2a1-c3beadd65c31</toProcessItemId>
            <guid>guid:5a54f1704f1c1577:-6b56085f:12370558356:-7fa8</guid>
            <versionId>f3bfde5c-3e0d-45c9-aff5-029e94aff877</versionId>
            <layoutData>
                <controlPoints />
                <showEndState>false</showEndState>
                <showName>false</showName>
            </layoutData>
            <fromItemPort locationId="rightCenter" portType="1" />
            <toItemPort locationId="leftCenter" portType="2" />
            <fromProcessItemId>2025.0544c75f-acc4-4c80-b0b4-414922edf708</fromProcessItemId>
            <toProcessItemId>2025.d0762492-0b29-47bd-a2a1-c3beadd65c31</toProcessItemId>
        </link>
    </process>
</teamworks>

