<?xml version="1.0" encoding="UTF-8"?>
<teamworks>
    <process id="1.80984527-9435-4c21-ab8d-2d03020d1c88" name="Transform XML Document to Document using XSL Document">
        <lastModified>1361372673512</lastModified>
        <lastModifiedBy>Internal TW Admin user</lastModifiedBy>
        <processId>1.80984527-9435-4c21-ab8d-2d03020d1c88</processId>
        <image isNull="true" />
        <tabGroup isNull="true" />
        <startingProcessItemId>2025.eeb55c84-1b63-4fd1-a06a-8596feed01ce</startingProcessItemId>
        <isRootProcess>false</isRootProcess>
        <processType>4</processType>
        <isErrorHandlerEnabled>false</isErrorHandlerEnabled>
        <errorHandlerItemId isNull="true" />
        <isLoggingVariables>false</isLoggingVariables>
        <isTransactional>false</isTransactional>
        <processTimingLevel isNull="true" />
        <participantRef isNull="true" />
        <exposedType isNull="true" />
        <isTrackingEnabled>true</isTrackingEnabled>
        <xmlData isNull="true" />
        <cachingType>false</cachingType>
        <itemLabel isNull="true" />
        <cacheLength>43200</cacheLength>
        <mobileReady>false</mobileReady>
        <sboSyncEnabled>true</sboSyncEnabled>
        <externalId isNull="true" />
        <isSecured>false</isSecured>
        <description>Transforms an XML DOM Document using the specified XSL DOM Document and returns the result as XML DOM Document. This connector also accepts parameters.</description>
        <guid>guid:ac70c5102155843b:-c98e6e4:123fff4ea56:-5b42</guid>
        <versionId>140d5bc7-7de5-4e2e-b362-9aa95e880815</versionId>
        <dependencySummary isNull="true" />
        <processParameter name="xmlDocument">
            <lastModified isNull="true" />
            <lastModifiedBy isNull="true" />
            <processParameterId>2055.6ada6f3a-9659-4bc6-bf09-8e38b76678f6</processParameterId>
            <processId>1.80984527-9435-4c21-ab8d-2d03020d1c88</processId>
            <parameterType>1</parameterType>
            <isArrayOf>false</isArrayOf>
            <classId>/12.4715ae70-6fe9-4d51-a010-20ddb068bcdb</classId>
            <seq>1</seq>
            <hasDefault>false</hasDefault>
            <defaultValue isNull="true" />
            <isLocked>false</isLocked>
            <description>XML document to transform</description>
            <guid>guid:ac70c5102155843b:-c98e6e4:123fff4ea56:-5b40</guid>
            <versionId>94f4826c-4236-4303-842f-e14846756b05</versionId>
        </processParameter>
        <processParameter name="xslDocument">
            <lastModified isNull="true" />
            <lastModifiedBy isNull="true" />
            <processParameterId>2055.fbbc5f34-6f2c-433c-b3d6-e38600932890</processParameterId>
            <processId>1.80984527-9435-4c21-ab8d-2d03020d1c88</processId>
            <parameterType>1</parameterType>
            <isArrayOf>false</isArrayOf>
            <classId>/12.4715ae70-6fe9-4d51-a010-20ddb068bcdb</classId>
            <seq>2</seq>
            <hasDefault>false</hasDefault>
            <defaultValue isNull="true" />
            <isLocked>false</isLocked>
            <description>XSL document for transform</description>
            <guid>guid:ac70c5102155843b:-c98e6e4:123fff4ea56:-5b3e</guid>
            <versionId>fd64af0d-badb-456b-a54b-008b06188ed4</versionId>
        </processParameter>
        <processParameter name="params">
            <lastModified isNull="true" />
            <lastModifiedBy isNull="true" />
            <processParameterId>2055.f9437381-1901-4165-b00e-df4eb036615b</processParameterId>
            <processId>1.80984527-9435-4c21-ab8d-2d03020d1c88</processId>
            <parameterType>1</parameterType>
            <isArrayOf>false</isArrayOf>
            <classId>/12.90c5b1d3-3fa1-4b3b-ab27-220b0652dc55</classId>
            <seq>3</seq>
            <hasDefault>true</hasDefault>
            <defaultValue isNull="true" />
            <isLocked>false</isLocked>
            <description>Parameters to be used during transformation.</description>
            <guid>guid:ac70c5102155843b:-c98e6e4:123fff4ea56:-5b3c</guid>
            <versionId>fdb68ded-396f-4e8d-b886-2a486b9f72e4</versionId>
        </processParameter>
        <processParameter name="results">
            <lastModified isNull="true" />
            <lastModifiedBy isNull="true" />
            <processParameterId>2055.b0030054-6344-4df0-9746-f0b565dea10d</processParameterId>
            <processId>1.80984527-9435-4c21-ab8d-2d03020d1c88</processId>
            <parameterType>2</parameterType>
            <isArrayOf>false</isArrayOf>
            <classId>/12.4715ae70-6fe9-4d51-a010-20ddb068bcdb</classId>
            <seq>4</seq>
            <hasDefault>false</hasDefault>
            <defaultValue isNull="true" />
            <isLocked>false</isLocked>
            <description isNull="true" />
            <guid>guid:ac70c5102155843b:-c98e6e4:123fff4ea56:-5b3a</guid>
            <versionId>b4cc882e-9bea-4122-9f84-0d8225f5c83e</versionId>
        </processParameter>
        <item>
            <lastModified isNull="true" />
            <lastModifiedBy isNull="true" />
            <processItemId>2025.6a0fb4aa-be34-47ea-9fc2-bae5c6005be4</processItemId>
            <processId>1.80984527-9435-4c21-ab8d-2d03020d1c88</processId>
            <name>End</name>
            <tWComponentName>ExitPoint</tWComponentName>
            <tWComponentId>3008.df5324b8-4faa-4a5b-b898-7c11de534349</tWComponentId>
            <isLogEnabled>false</isLogEnabled>
            <isTraceEnabled>false</isTraceEnabled>
            <traceCategory isNull="true" />
            <traceLevel isNull="true" />
            <traceMessage isNull="true" />
            <traceSymbolTable isNull="true" />
            <isExecutionContextTraced>false</isExecutionContextTraced>
            <saveExecutionContext>true</saveExecutionContext>
            <documentation isNull="true" />
            <isErrorHandlerEnabled>false</isErrorHandlerEnabled>
            <errorHandlerItemId isNull="true" />
            <guid>guid:ac70c5102155843b:-c98e6e4:123fff4ea56:-5b2e</guid>
            <versionId>afc333c6-bc69-4894-bfbd-6044037ea930</versionId>
            <layoutData x="301" y="100">
                <errorLink>
                    <controlPoints />
                    <showEndState>false</showEndState>
                    <showName>false</showName>
                </errorLink>
            </layoutData>
            <TWComponent>
                <lastModified isNull="true" />
                <lastModifiedBy isNull="true" />
                <exitPointId>3008.df5324b8-4faa-4a5b-b898-7c11de534349</exitPointId>
                <haltProcess>false</haltProcess>
                <guid>guid:ac70c5102155843b:-c98e6e4:123fff4ea56:-5b31</guid>
                <versionId>1ea0fda9-11c3-465e-a2b6-ed3b75efc2ed</versionId>
            </TWComponent>
        </item>
        <item>
            <lastModified isNull="true" />
            <lastModifiedBy isNull="true" />
            <processItemId>2025.eeb55c84-1b63-4fd1-a06a-8596feed01ce</processItemId>
            <processId>1.80984527-9435-4c21-ab8d-2d03020d1c88</processId>
            <name>Transform XML</name>
            <tWComponentName>JavaConnector</tWComponentName>
            <tWComponentId>3022.4a6ca49b-cfa0-4b18-b0f7-f0d08fd4ac48</tWComponentId>
            <isLogEnabled>false</isLogEnabled>
            <isTraceEnabled>false</isTraceEnabled>
            <traceCategory isNull="true" />
            <traceLevel isNull="true" />
            <traceMessage isNull="true" />
            <traceSymbolTable isNull="true" />
            <isExecutionContextTraced>false</isExecutionContextTraced>
            <saveExecutionContext>false</saveExecutionContext>
            <documentation isNull="true" />
            <isErrorHandlerEnabled>false</isErrorHandlerEnabled>
            <errorHandlerItemId isNull="true" />
            <guid>guid:ac70c5102155843b:-c98e6e4:123fff4ea56:-5b2f</guid>
            <versionId>fca335d5-321c-45a0-93a4-246013f33091</versionId>
            <layoutData x="142" y="85">
                <errorLink>
                    <controlPoints />
                    <showEndState>false</showEndState>
                    <showName>false</showName>
                </errorLink>
            </layoutData>
            <TWComponent>
                <lastModified isNull="true" />
                <lastModifiedBy isNull="true" />
                <javaConnectorId>3022.4a6ca49b-cfa0-4b18-b0f7-f0d08fd4ac48</javaConnectorId>
                <definition>&lt;connector&gt;
  &lt;javaClassName&gt;teamworks.XSLConnector&lt;/javaClassName&gt;
  &lt;isCompatible&gt;false&lt;/isCompatible&gt;
  &lt;methodName&gt;transformToXML&lt;/methodName&gt;
  &lt;inputRecord&gt;
    &lt;element type="org.jdom.Document" nativeType="org.jdom.Document" parameter="Parameter 0" argument="tw.local.xmlDocument" description="XML Document" /&gt;
    &lt;element type="org.jdom.Document" nativeType="org.jdom.Document" parameter="Parameter 1" argument="tw.local.xslDocument" description="XSL Document" /&gt;
    &lt;element type="java.util.HashMap" nativeType="java.util.HashMap" parameter="Parameter 2" argument="tw.local.params" description="Parameters" /&gt;
  &lt;/inputRecord&gt;
  &lt;outputRecord&gt;
    &lt;element type="org.jdom.Document" nativeType="org.jdom.Document" parameter="Return Value" argument="tw.local.results" description="" /&gt;
  &lt;/outputRecord&gt;
&lt;/connector&gt;</definition>
                <guid>guid:ac70c5102155843b:-c98e6e4:123fff4ea56:-5b36</guid>
                <versionId>b4627189-6c94-44fb-9988-8757fbe55066</versionId>
            </TWComponent>
        </item>
        <startingProcessItemId>2025.eeb55c84-1b63-4fd1-a06a-8596feed01ce</startingProcessItemId>
        <errorHandlerItemId isNull="true" />
        <layoutData noConversion="true">
            <errorLink>
                <controlPoints />
                <showEndState>false</showEndState>
                <showName>false</showName>
            </errorLink>
        </layoutData>
        <startPoint>
            <layoutData x="20" y="100">
                <errorLink>
                    <controlPoints />
                    <showEndState>false</showEndState>
                    <showName>false</showName>
                </errorLink>
            </layoutData>
        </startPoint>
        <startLink>
            <fromPort locationId="rightCenter" portType="1" />
            <toPort locationId="leftCenter" portType="2" />
            <layoutData>
                <controlPoints />
                <showEndState>false</showEndState>
                <showName>false</showName>
            </layoutData>
        </startLink>
        <link name="Untitled">
            <lastModified isNull="true" />
            <lastModifiedBy isNull="true" />
            <processLinkId>2027.e5f30141-8344-4f64-89b4-9336b80b73cc</processLinkId>
            <processId>1.80984527-9435-4c21-ab8d-2d03020d1c88</processId>
            <description isNull="true" />
            <fromProcessItemId>2025.eeb55c84-1b63-4fd1-a06a-8596feed01ce</fromProcessItemId>
            <endStateId>Out</endStateId>
            <toProcessItemId>2025.6a0fb4aa-be34-47ea-9fc2-bae5c6005be4</toProcessItemId>
            <guid>guid:ac70c5102155843b:-c98e6e4:123fff4ea56:-5b2c</guid>
            <versionId>5536ca50-742d-4a39-9937-834263449901</versionId>
            <layoutData>
                <controlPoints />
                <showEndState>false</showEndState>
                <showName>false</showName>
            </layoutData>
            <fromItemPort locationId="rightCenter" portType="1" />
            <toItemPort locationId="leftCenter" portType="2" />
            <fromProcessItemId>2025.eeb55c84-1b63-4fd1-a06a-8596feed01ce</fromProcessItemId>
            <toProcessItemId>2025.6a0fb4aa-be34-47ea-9fc2-bae5c6005be4</toProcessItemId>
        </link>
    </process>
</teamworks>

