<?xml version="1.0" encoding="UTF-8"?>
<teamworks>
    <process id="1.8ca80af0-a727-4b90-9e04-21b32cd0c65c" name="SQL Execute Statement">
        <lastModified>1361372673512</lastModified>
        <lastModifiedBy>Internal TW Admin user</lastModifiedBy>
        <processId>1.8ca80af0-a727-4b90-9e04-21b32cd0c65c</processId>
        <image isNull="true" />
        <tabGroup isNull="true" />
        <startingProcessItemId>2025.b07e2f01-f8a3-4c41-81dc-a679676b71f6</startingProcessItemId>
        <isRootProcess>false</isRootProcess>
        <processType>4</processType>
        <isErrorHandlerEnabled>false</isErrorHandlerEnabled>
        <errorHandlerItemId isNull="true" />
        <isLoggingVariables>false</isLoggingVariables>
        <isTransactional>false</isTransactional>
        <processTimingLevel isNull="true" />
        <participantRef isNull="true" />
        <exposedType isNull="true" />
        <isTrackingEnabled>true</isTrackingEnabled>
        <xmlData isNull="true" />
        <cachingType>false</cachingType>
        <itemLabel isNull="true" />
        <cacheLength>43200</cacheLength>
        <mobileReady>false</mobileReady>
        <sboSyncEnabled>true</sboSyncEnabled>
        <externalId isNull="true" />
        <isSecured>false</isSecured>
        <description>Executes a SQL statement and returns the results based on the supplied return type.</description>
        <guid>guid:d7766b7587753602:-9d2f0f9:11586bfc263:-7f74</guid>
        <versionId>214bf317-f1a2-4f3e-b724-21f023db933d</versionId>
        <dependencySummary isNull="true" />
        <processParameter name="sql">
            <lastModified isNull="true" />
            <lastModifiedBy isNull="true" />
            <processParameterId>2055.e3bfe8f3-c801-4ef8-bb77-77156e3b0326</processParameterId>
            <processId>1.8ca80af0-a727-4b90-9e04-21b32cd0c65c</processId>
            <parameterType>1</parameterType>
            <isArrayOf>false</isArrayOf>
            <classId>/12.db884a3c-c533-44b7-bb2d-47bec8ad4022</classId>
            <seq>6</seq>
            <hasDefault>false</hasDefault>
            <defaultValue isNull="true" />
            <isLocked>false</isLocked>
            <description isNull="true" />
            <guid>guid:197d4ddc90fc5427:-1c619ffe:11def1582ed:-79e0</guid>
            <versionId>79e2d92b-ab0b-47d5-93bd-c537219dc788</versionId>
        </processParameter>
        <processParameter name="parameters">
            <lastModified isNull="true" />
            <lastModifiedBy isNull="true" />
            <processParameterId>2055.8b3c4f58-67b5-49b0-8df4-bdb407fbe076</processParameterId>
            <processId>1.8ca80af0-a727-4b90-9e04-21b32cd0c65c</processId>
            <parameterType>1</parameterType>
            <isArrayOf>true</isArrayOf>
            <classId>/12.f453f500-ca4e-4264-a371-72c1892e8b7c</classId>
            <seq>7</seq>
            <hasDefault>true</hasDefault>
            <defaultValue>null</defaultValue>
            <isLocked>false</isLocked>
            <description isNull="true" />
            <guid>guid:197d4ddc90fc5427:-1c619ffe:11def1582ed:-79de</guid>
            <versionId>0a99b4d6-a085-4454-8b1b-db679e358fc7</versionId>
        </processParameter>
        <processParameter name="maxRows">
            <lastModified isNull="true" />
            <lastModifiedBy isNull="true" />
            <processParameterId>2055.ec350cc0-a909-411a-b0c2-96e08b779c85</processParameterId>
            <processId>1.8ca80af0-a727-4b90-9e04-21b32cd0c65c</processId>
            <parameterType>1</parameterType>
            <isArrayOf>false</isArrayOf>
            <classId>/12.3fa0d7a0-828a-4d60-99cc-db5ed143fc2d</classId>
            <seq>8</seq>
            <hasDefault>true</hasDefault>
            <defaultValue>-1</defaultValue>
            <isLocked>false</isLocked>
            <description isNull="true" />
            <guid>guid:197d4ddc90fc5427:-1c619ffe:11def1582ed:-79dc</guid>
            <versionId>a8803628-c1e5-454d-88e3-4a47434d7b5a</versionId>
        </processParameter>
        <processParameter name="returnType">
            <lastModified isNull="true" />
            <lastModifiedBy isNull="true" />
            <processParameterId>2055.7081e3db-2301-4308-b93d-61cf78b25816</processParameterId>
            <processId>1.8ca80af0-a727-4b90-9e04-21b32cd0c65c</processId>
            <parameterType>1</parameterType>
            <isArrayOf>false</isArrayOf>
            <classId>/12.db884a3c-c533-44b7-bb2d-47bec8ad4022</classId>
            <seq>9</seq>
            <hasDefault>false</hasDefault>
            <defaultValue isNull="true" />
            <isLocked>false</isLocked>
            <description isNull="true" />
            <guid>guid:197d4ddc90fc5427:-1c619ffe:11def1582ed:-79da</guid>
            <versionId>bbf91d23-1cb3-4b33-a95a-79ee6599ce02</versionId>
        </processParameter>
        <processParameter name="dataSourceName">
            <lastModified isNull="true" />
            <lastModifiedBy isNull="true" />
            <processParameterId>2055.a5856f85-7a86-4327-9481-b1df1c075ff9</processParameterId>
            <processId>1.8ca80af0-a727-4b90-9e04-21b32cd0c65c</processId>
            <parameterType>1</parameterType>
            <isArrayOf>false</isArrayOf>
            <classId>/12.db884a3c-c533-44b7-bb2d-47bec8ad4022</classId>
            <seq>10</seq>
            <hasDefault>true</hasDefault>
            <defaultValue>"jdbc/TeamWorksDB"</defaultValue>
            <isLocked>false</isLocked>
            <description isNull="true" />
            <guid>guid:197d4ddc90fc5427:-1c619ffe:11def1582ed:-79d8</guid>
            <versionId>efc5359b-b3f6-4508-86f9-6b1ae231bd7d</versionId>
        </processParameter>
        <processParameter name="results">
            <lastModified isNull="true" />
            <lastModifiedBy isNull="true" />
            <processParameterId>2055.21cdb854-d222-4fc8-b991-17aef09de0c4</processParameterId>
            <processId>1.8ca80af0-a727-4b90-9e04-21b32cd0c65c</processId>
            <parameterType>2</parameterType>
            <isArrayOf>false</isArrayOf>
            <classId>/12.c09c9b6e-aabd-4897-bef2-ed61db106297</classId>
            <seq>11</seq>
            <hasDefault>false</hasDefault>
            <defaultValue isNull="true" />
            <isLocked>false</isLocked>
            <description isNull="true" />
            <guid>guid:197d4ddc90fc5427:-1c619ffe:11def1582ed:-79d6</guid>
            <versionId>dcbdb228-20cc-46fd-86d5-e55d75e15c8b</versionId>
        </processParameter>
        <item>
            <lastModified isNull="true" />
            <lastModifiedBy isNull="true" />
            <processItemId>2025.b07e2f01-f8a3-4c41-81dc-a679676b71f6</processItemId>
            <processId>1.8ca80af0-a727-4b90-9e04-21b32cd0c65c</processId>
            <name>Execute</name>
            <tWComponentName>JavaConnector</tWComponentName>
            <tWComponentId>3022.e3b18c1f-9490-41a1-b99e-6e6514afff5a</tWComponentId>
            <isLogEnabled>false</isLogEnabled>
            <isTraceEnabled>false</isTraceEnabled>
            <traceCategory isNull="true" />
            <traceLevel isNull="true" />
            <traceMessage isNull="true" />
            <traceSymbolTable isNull="true" />
            <isExecutionContextTraced>false</isExecutionContextTraced>
            <saveExecutionContext>false</saveExecutionContext>
            <documentation isNull="true" />
            <isErrorHandlerEnabled>false</isErrorHandlerEnabled>
            <errorHandlerItemId isNull="true" />
            <guid>guid:12be50909032b80c:-645a02b6:11f3dfa804b:-7e55</guid>
            <versionId>95c54cb5-ba1f-49c6-bcc4-69ec87f53bfb</versionId>
            <layoutData x="229" y="80">
                <errorLink>
                    <controlPoints />
                    <showEndState>false</showEndState>
                    <showName>false</showName>
                </errorLink>
            </layoutData>
            <TWComponent>
                <lastModified isNull="true" />
                <lastModifiedBy isNull="true" />
                <javaConnectorId>3022.e3b18c1f-9490-41a1-b99e-6e6514afff5a</javaConnectorId>
                <definition>&lt;connector&gt;
  &lt;javaClassName&gt;teamworks.SQLConnector&lt;/javaClassName&gt;
  &lt;methodName&gt;executeFlat&lt;/methodName&gt;
  &lt;inputRecord&gt;
    &lt;element type="java.lang.String" nativeType="java.lang.String" parameter="Parameter 0" argument="tw.local.sql" description="SQL Statement (String)" /&gt;
    &lt;element type="teamworks.TWList" nativeType="teamworks.TWList" parameter="Parameter 1" argument="tw.local.parameters" description="Parameter List (TWList)" /&gt;
    &lt;element type="java.lang.Integer" nativeType="java.lang.Integer" parameter="Parameter 2" argument="tw.local.maxRows" description="Max Rows (Integer)" /&gt;
    &lt;element type="java.lang.String" nativeType="java.lang.String" parameter="Parameter 3" argument="tw.local.dataSourceName" description="JNDI DataSource Name" /&gt;
    &lt;element type="java.lang.String" nativeType="java.lang.String" parameter="Parameter 4" argument="tw.local.returnType" description="Return Type (SQLResult, XMLElement, Record, or complex type name)" /&gt;
  &lt;/inputRecord&gt;
  &lt;outputRecord&gt;
    &lt;element type="java.lang.Object" nativeType="java.lang.Object" parameter="Return Value" argument="tw.local.results" description="" /&gt;
  &lt;/outputRecord&gt;
&lt;/connector&gt;</definition>
                <guid>guid:12be50909032b80c:-645a02b6:11f3dfa804b:-7e56</guid>
                <versionId>ca5fc371-7f7c-4618-85f8-b7d97afc6ab5</versionId>
            </TWComponent>
        </item>
        <item>
            <lastModified isNull="true" />
            <lastModifiedBy isNull="true" />
            <processItemId>2025.7205cc89-3827-4c4b-bf9b-a3cb13cc2769</processItemId>
            <processId>1.8ca80af0-a727-4b90-9e04-21b32cd0c65c</processId>
            <name>End</name>
            <tWComponentName>ExitPoint</tWComponentName>
            <tWComponentId>3008.16f83b96-7c6c-49d9-a55c-ab6f70fd2dee</tWComponentId>
            <isLogEnabled>false</isLogEnabled>
            <isTraceEnabled>false</isTraceEnabled>
            <traceCategory isNull="true" />
            <traceLevel isNull="true" />
            <traceMessage isNull="true" />
            <traceSymbolTable isNull="true" />
            <isExecutionContextTraced>false</isExecutionContextTraced>
            <saveExecutionContext>true</saveExecutionContext>
            <documentation isNull="true" />
            <isErrorHandlerEnabled>false</isErrorHandlerEnabled>
            <errorHandlerItemId isNull="true" />
            <guid>guid:d7766b7587753602:-9d2f0f9:11586bfc263:-7f6f</guid>
            <versionId>ae091379-1042-4648-a777-6f101374f8c0</versionId>
            <layoutData x="362" y="95">
                <errorLink>
                    <controlPoints />
                    <showEndState>false</showEndState>
                    <showName>false</showName>
                </errorLink>
            </layoutData>
            <TWComponent>
                <lastModified isNull="true" />
                <lastModifiedBy isNull="true" />
                <exitPointId>3008.16f83b96-7c6c-49d9-a55c-ab6f70fd2dee</exitPointId>
                <haltProcess>false</haltProcess>
                <guid>guid:197d4ddc90fc5427:-1c619ffe:11def1582ed:-79d2</guid>
                <versionId>56fc631c-61ae-48eb-a501-04c33fe0ba7c</versionId>
            </TWComponent>
        </item>
        <startingProcessItemId>2025.b07e2f01-f8a3-4c41-81dc-a679676b71f6</startingProcessItemId>
        <errorHandlerItemId isNull="true" />
        <layoutData noConversion="true">
            <errorLink>
                <controlPoints />
                <showEndState>false</showEndState>
                <showName>false</showName>
            </errorLink>
        </layoutData>
        <startPoint>
            <layoutData x="118" y="95">
                <errorLink>
                    <controlPoints />
                    <showEndState>false</showEndState>
                    <showName>false</showName>
                </errorLink>
            </layoutData>
        </startPoint>
        <startLink>
            <fromPort locationId="rightCenter" portType="1" />
            <toPort locationId="leftCenter" portType="2" />
            <layoutData>
                <controlPoints />
                <showEndState>false</showEndState>
                <showName>false</showName>
            </layoutData>
        </startLink>
        <link name="Untitled">
            <lastModified isNull="true" />
            <lastModifiedBy isNull="true" />
            <processLinkId>2027.612cfbab-4957-4fd6-bc75-0fcfbdf1a007</processLinkId>
            <processId>1.8ca80af0-a727-4b90-9e04-21b32cd0c65c</processId>
            <description isNull="true" />
            <fromProcessItemId>2025.b07e2f01-f8a3-4c41-81dc-a679676b71f6</fromProcessItemId>
            <endStateId>Out</endStateId>
            <toProcessItemId>2025.7205cc89-3827-4c4b-bf9b-a3cb13cc2769</toProcessItemId>
            <guid>guid:12be50909032b80c:-645a02b6:11f3dfa804b:-7dfd</guid>
            <versionId>474c7775-6009-4296-88ee-b8797d0c0820</versionId>
            <layoutData>
                <controlPoints />
                <showEndState>false</showEndState>
                <showName>false</showName>
            </layoutData>
            <fromItemPort locationId="rightCenter" portType="1" />
            <toItemPort locationId="leftCenter" portType="2" />
            <fromProcessItemId>2025.b07e2f01-f8a3-4c41-81dc-a679676b71f6</fromProcessItemId>
            <toProcessItemId>2025.7205cc89-3827-4c4b-bf9b-a3cb13cc2769</toProcessItemId>
        </link>
    </process>
</teamworks>

