<?xml version="1.0" encoding="UTF-8"?>
<teamworks>
    <process id="1.943c1f59-4b2d-4c86-8be4-12e1b8825641" name="Read email via POP">
        <lastModified>1361372673512</lastModified>
        <lastModifiedBy>Internal TW Admin user</lastModifiedBy>
        <processId>1.943c1f59-4b2d-4c86-8be4-12e1b8825641</processId>
        <image isNull="true" />
        <tabGroup isNull="true" />
        <startingProcessItemId>2025.f13e667b-c6da-4ac2-8781-011dda3c7dd8</startingProcessItemId>
        <isRootProcess>false</isRootProcess>
        <processType>4</processType>
        <isErrorHandlerEnabled>false</isErrorHandlerEnabled>
        <errorHandlerItemId isNull="true" />
        <isLoggingVariables>false</isLoggingVariables>
        <isTransactional>false</isTransactional>
        <processTimingLevel isNull="true" />
        <participantRef isNull="true" />
        <exposedType isNull="true" />
        <isTrackingEnabled>true</isTrackingEnabled>
        <xmlData isNull="true" />
        <cachingType>false</cachingType>
        <itemLabel isNull="true" />
        <cacheLength>43200</cacheLength>
        <mobileReady>false</mobileReady>
        <sboSyncEnabled>true</sboSyncEnabled>
        <externalId isNull="true" />
        <isSecured>false</isSecured>
        <description>Retrieves email from a POP Mail Server</description>
        <guid>guid:12be50909032b80c:18f81ea7:11f41c537ad:-6750</guid>
        <versionId>d149b9a7-68c5-4410-8212-b92b549483a0</versionId>
        <dependencySummary isNull="true" />
        <processParameter name="server">
            <lastModified isNull="true" />
            <lastModifiedBy isNull="true" />
            <processParameterId>2055.d38def76-d51e-4971-9d34-d8a156735205</processParameterId>
            <processId>1.943c1f59-4b2d-4c86-8be4-12e1b8825641</processId>
            <parameterType>1</parameterType>
            <isArrayOf>false</isArrayOf>
            <classId>/12.db884a3c-c533-44b7-bb2d-47bec8ad4022</classId>
            <seq>1</seq>
            <hasDefault>false</hasDefault>
            <defaultValue isNull="true" />
            <isLocked>false</isLocked>
            <description>Name of POP mail server</description>
            <guid>guid:12be50909032b80c:18f81ea7:11f41c537ad:-66d5</guid>
            <versionId>65bc04f2-5580-4c13-a8ac-ba6f64c09656</versionId>
        </processParameter>
        <processParameter name="username">
            <lastModified isNull="true" />
            <lastModifiedBy isNull="true" />
            <processParameterId>2055.7c5844ef-acc7-4bf5-a45f-35e864b42489</processParameterId>
            <processId>1.943c1f59-4b2d-4c86-8be4-12e1b8825641</processId>
            <parameterType>1</parameterType>
            <isArrayOf>false</isArrayOf>
            <classId>/12.db884a3c-c533-44b7-bb2d-47bec8ad4022</classId>
            <seq>2</seq>
            <hasDefault>false</hasDefault>
            <defaultValue isNull="true" />
            <isLocked>false</isLocked>
            <description isNull="true" />
            <guid>guid:12be50909032b80c:18f81ea7:11f41c537ad:-66c5</guid>
            <versionId>026e0d4a-ad94-4bf6-aa2d-7e3e30e836d2</versionId>
        </processParameter>
        <processParameter name="password">
            <lastModified isNull="true" />
            <lastModifiedBy isNull="true" />
            <processParameterId>2055.f6efd0f4-5d3e-4d89-90bb-b5bc6f649b12</processParameterId>
            <processId>1.943c1f59-4b2d-4c86-8be4-12e1b8825641</processId>
            <parameterType>1</parameterType>
            <isArrayOf>false</isArrayOf>
            <classId>/12.db884a3c-c533-44b7-bb2d-47bec8ad4022</classId>
            <seq>3</seq>
            <hasDefault>false</hasDefault>
            <defaultValue isNull="true" />
            <isLocked>false</isLocked>
            <description isNull="true" />
            <guid>guid:12be50909032b80c:18f81ea7:11f41c537ad:-66bb</guid>
            <versionId>f138e6d3-291d-4cd7-a7bc-8d03cdc59e02</versionId>
        </processParameter>
        <processParameter name="returnAttachments">
            <lastModified isNull="true" />
            <lastModifiedBy isNull="true" />
            <processParameterId>2055.601869a5-337d-40f1-9f9f-2662c667fc71</processParameterId>
            <processId>1.943c1f59-4b2d-4c86-8be4-12e1b8825641</processId>
            <parameterType>1</parameterType>
            <isArrayOf>false</isArrayOf>
            <classId>/12.83ff975e-8dbc-42e5-b738-fa8bc08274a2</classId>
            <seq>4</seq>
            <hasDefault>true</hasDefault>
            <defaultValue>false</defaultValue>
            <isLocked>false</isLocked>
            <description>Include file attachments</description>
            <guid>guid:12be50909032b80c:18f81ea7:11f41c537ad:-66ba</guid>
            <versionId>45127323-70a6-4aab-a2ba-b4c4757605af</versionId>
        </processParameter>
        <processParameter name="scanForVariables">
            <lastModified isNull="true" />
            <lastModifiedBy isNull="true" />
            <processParameterId>2055.f0cfee53-d22c-4b81-ab1d-c792165c4442</processParameterId>
            <processId>1.943c1f59-4b2d-4c86-8be4-12e1b8825641</processId>
            <parameterType>1</parameterType>
            <isArrayOf>false</isArrayOf>
            <classId>/12.83ff975e-8dbc-42e5-b738-fa8bc08274a2</classId>
            <seq>5</seq>
            <hasDefault>true</hasDefault>
            <defaultValue>false</defaultValue>
            <isLocked>false</isLocked>
            <description>Scan narrative for variables</description>
            <guid>guid:12be50909032b80c:18f81ea7:11f41c537ad:-66b9</guid>
            <versionId>ce21fb30-5f37-4586-95a8-03ada9fb9b99</versionId>
        </processParameter>
        <processParameter name="deleteAfterReading">
            <lastModified isNull="true" />
            <lastModifiedBy isNull="true" />
            <processParameterId>2055.0fb6575c-5654-4de4-a233-1b75c1810b53</processParameterId>
            <processId>1.943c1f59-4b2d-4c86-8be4-12e1b8825641</processId>
            <parameterType>1</parameterType>
            <isArrayOf>false</isArrayOf>
            <classId>/12.83ff975e-8dbc-42e5-b738-fa8bc08274a2</classId>
            <seq>6</seq>
            <hasDefault>true</hasDefault>
            <defaultValue>false</defaultValue>
            <isLocked>false</isLocked>
            <description>Delete email after processing</description>
            <guid>guid:12be50909032b80c:18f81ea7:11f41c537ad:-66b5</guid>
            <versionId>bb2fdbf7-3bf3-4ded-b529-c14217aab8c0</versionId>
        </processParameter>
        <processParameter name="results">
            <lastModified isNull="true" />
            <lastModifiedBy isNull="true" />
            <processParameterId>2055.3bc6708a-8ec9-4630-8a79-c64bf5935d0d</processParameterId>
            <processId>1.943c1f59-4b2d-4c86-8be4-12e1b8825641</processId>
            <parameterType>2</parameterType>
            <isArrayOf>false</isArrayOf>
            <classId>/12.8a176cc2-eebb-4310-a9c7-9bc62b3a8002</classId>
            <seq>7</seq>
            <hasDefault>false</hasDefault>
            <defaultValue isNull="true" />
            <isLocked>false</isLocked>
            <description isNull="true" />
            <guid>guid:12be50909032b80c:18f81ea7:11f41c537ad:-66b0</guid>
            <versionId>a4fb1bbc-e04f-4b49-97c2-b9f9c722cd31</versionId>
        </processParameter>
        <item>
            <lastModified isNull="true" />
            <lastModifiedBy isNull="true" />
            <processItemId>2025.f13e667b-c6da-4ac2-8781-011dda3c7dd8</processItemId>
            <processId>1.943c1f59-4b2d-4c86-8be4-12e1b8825641</processId>
            <name>Retrieve Messages</name>
            <tWComponentName>JavaConnector</tWComponentName>
            <tWComponentId>3022.f3f6935c-3a1b-4aa8-9dfd-5dbf877da3b3</tWComponentId>
            <isLogEnabled>false</isLogEnabled>
            <isTraceEnabled>false</isTraceEnabled>
            <traceCategory isNull="true" />
            <traceLevel isNull="true" />
            <traceMessage isNull="true" />
            <traceSymbolTable isNull="true" />
            <isExecutionContextTraced>false</isExecutionContextTraced>
            <saveExecutionContext>false</saveExecutionContext>
            <documentation isNull="true" />
            <isErrorHandlerEnabled>false</isErrorHandlerEnabled>
            <errorHandlerItemId isNull="true" />
            <guid>guid:12be50909032b80c:18f81ea7:11f41c537ad:-673d</guid>
            <versionId>2c964732-d040-4940-a2fb-7cd01a9575b5</versionId>
            <layoutData x="152" y="85">
                <errorLink>
                    <controlPoints />
                    <showEndState>false</showEndState>
                    <showName>false</showName>
                </errorLink>
            </layoutData>
            <TWComponent>
                <lastModified isNull="true" />
                <lastModifiedBy isNull="true" />
                <javaConnectorId>3022.f3f6935c-3a1b-4aa8-9dfd-5dbf877da3b3</javaConnectorId>
                <definition>&lt;connector&gt;
  &lt;javaClassName&gt;teamworks.Mail&lt;/javaClassName&gt;
  &lt;methodName&gt;getPOPMessages&lt;/methodName&gt;
  &lt;inputRecord&gt;
    &lt;element type="java.lang.String" nativeType="java.lang.String" parameter="Parameter 0" argument="tw.local.server" description="server" /&gt;
    &lt;element type="java.lang.String" nativeType="java.lang.String" parameter="Parameter 1" argument="tw.local.username" description="username" /&gt;
    &lt;element type="java.lang.String" nativeType="java.lang.String" parameter="Parameter 2" argument="tw.local.password" description="password" /&gt;
    &lt;element type="java.lang.Boolean" nativeType="boolean" parameter="Parameter 3" argument="tw.local.returnAttachments" description="flgReturnAtt" /&gt;
    &lt;element type="java.lang.Boolean" nativeType="boolean" parameter="Parameter 4" argument="tw.local.scanForVariables" description="flgScanNarrative" /&gt;
    &lt;element type="java.lang.Boolean" nativeType="boolean" parameter="Parameter 5" argument="tw.local.deleteAfterReading" description="flgDeleteRead" /&gt;
  &lt;/inputRecord&gt;
  &lt;outputRecord&gt;
    &lt;element type="org.jdom.Element" nativeType="org.jdom.Element" parameter="Return Value" argument="tw.local.results" description="" /&gt;
  &lt;/outputRecord&gt;
&lt;/connector&gt;</definition>
                <guid>guid:12be50909032b80c:18f81ea7:11f41c537ad:-673e</guid>
                <versionId>c9150c20-7288-480b-8f89-71b3a483079c</versionId>
            </TWComponent>
        </item>
        <item>
            <lastModified isNull="true" />
            <lastModifiedBy isNull="true" />
            <processItemId>2025.55e8c1cb-70f3-46b8-b830-7db4b58c1453</processItemId>
            <processId>1.943c1f59-4b2d-4c86-8be4-12e1b8825641</processId>
            <name>End</name>
            <tWComponentName>ExitPoint</tWComponentName>
            <tWComponentId>3008.4a605223-a52b-47ab-926e-019489adff4a</tWComponentId>
            <isLogEnabled>false</isLogEnabled>
            <isTraceEnabled>false</isTraceEnabled>
            <traceCategory isNull="true" />
            <traceLevel isNull="true" />
            <traceMessage isNull="true" />
            <traceSymbolTable isNull="true" />
            <isExecutionContextTraced>false</isExecutionContextTraced>
            <saveExecutionContext>true</saveExecutionContext>
            <documentation isNull="true" />
            <isErrorHandlerEnabled>false</isErrorHandlerEnabled>
            <errorHandlerItemId isNull="true" />
            <guid>guid:12be50909032b80c:18f81ea7:11f41c537ad:-674e</guid>
            <versionId>b9bc9c42-e71e-4b1b-8a9a-a84072a9f6d9</versionId>
            <layoutData x="323" y="100">
                <errorLink>
                    <controlPoints />
                    <showEndState>false</showEndState>
                    <showName>false</showName>
                </errorLink>
            </layoutData>
            <TWComponent>
                <lastModified isNull="true" />
                <lastModifiedBy isNull="true" />
                <exitPointId>3008.4a605223-a52b-47ab-926e-019489adff4a</exitPointId>
                <haltProcess>false</haltProcess>
                <guid>guid:12be50909032b80c:18f81ea7:11f41c537ad:-674d</guid>
                <versionId>379ac827-0287-4f19-af19-69995863433a</versionId>
            </TWComponent>
        </item>
        <startingProcessItemId>2025.f13e667b-c6da-4ac2-8781-011dda3c7dd8</startingProcessItemId>
        <errorHandlerItemId isNull="true" />
        <layoutData noConversion="true">
            <errorLink>
                <controlPoints />
                <showEndState>false</showEndState>
                <showName>false</showName>
            </errorLink>
        </layoutData>
        <startPoint>
            <layoutData x="20" y="100">
                <errorLink>
                    <controlPoints />
                    <showEndState>false</showEndState>
                    <showName>false</showName>
                </errorLink>
            </layoutData>
        </startPoint>
        <startLink>
            <fromPort locationId="rightCenter" portType="1" />
            <toPort locationId="leftCenter" portType="2" />
            <layoutData>
                <controlPoints />
                <showEndState>false</showEndState>
                <showName>false</showName>
            </layoutData>
        </startLink>
        <link name="Untitled">
            <lastModified isNull="true" />
            <lastModifiedBy isNull="true" />
            <processLinkId>2027.24179629-8124-4a2f-a525-43002e3f28d8</processLinkId>
            <processId>1.943c1f59-4b2d-4c86-8be4-12e1b8825641</processId>
            <description isNull="true" />
            <fromProcessItemId>2025.f13e667b-c6da-4ac2-8781-011dda3c7dd8</fromProcessItemId>
            <endStateId>Out</endStateId>
            <toProcessItemId>2025.55e8c1cb-70f3-46b8-b830-7db4b58c1453</toProcessItemId>
            <guid>guid:12be50909032b80c:18f81ea7:11f41c537ad:-6739</guid>
            <versionId>a196e55c-a56b-4b4c-8b8b-db6245f5bb32</versionId>
            <layoutData>
                <controlPoints />
                <showEndState>false</showEndState>
                <showName>false</showName>
            </layoutData>
            <fromItemPort locationId="rightCenter" portType="1" />
            <toItemPort locationId="leftCenter" portType="2" />
            <fromProcessItemId>2025.f13e667b-c6da-4ac2-8781-011dda3c7dd8</fromProcessItemId>
            <toProcessItemId>2025.55e8c1cb-70f3-46b8-b830-7db4b58c1453</toProcessItemId>
        </link>
    </process>
</teamworks>

