<?xml version="1.0" encoding="UTF-8"?>
<teamworks>
    <process id="1.a67eb4e6-b893-45bd-9252-3f3c69397286" name="Default BPD Event">
        <lastModified>1361372673512</lastModified>
        <lastModifiedBy>Internal TW Admin user</lastModifiedBy>
        <processId>1.a67eb4e6-b893-45bd-9252-3f3c69397286</processId>
        <image isNull="true" />
        <tabGroup isNull="true" />
        <startingProcessItemId>2025.bdb5f806-f306-4f89-a6e3-aaec9e1872b9</startingProcessItemId>
        <isRootProcess>false</isRootProcess>
        <processType>6</processType>
        <isErrorHandlerEnabled>false</isErrorHandlerEnabled>
        <errorHandlerItemId isNull="true" />
        <isLoggingVariables>false</isLoggingVariables>
        <isTransactional>false</isTransactional>
        <processTimingLevel isNull="true" />
        <participantRef isNull="true" />
        <exposedType isNull="true" />
        <isTrackingEnabled>true</isTrackingEnabled>
        <xmlData isNull="true" />
        <cachingType>false</cachingType>
        <itemLabel isNull="true" />
        <cacheLength>43200</cacheLength>
        <mobileReady>false</mobileReady>
        <sboSyncEnabled>true</sboSyncEnabled>
        <externalId isNull="true" />
        <isSecured>false</isSecured>
        <description isNull="true" />
        <guid>guid:1834ad1ced21c429:274e910:1064a9c5d32:-7f98</guid>
        <versionId>b8b96861-7b08-42d6-b425-744015a2383f</versionId>
        <dependencySummary isNull="true" />
        <processParameter name="correlationKey">
            <lastModified isNull="true" />
            <lastModifiedBy isNull="true" />
            <processParameterId>2055.294d86d1-f505-4417-b95c-fdd617e3e749</processParameterId>
            <processId>1.a67eb4e6-b893-45bd-9252-3f3c69397286</processId>
            <parameterType>1</parameterType>
            <isArrayOf>false</isArrayOf>
            <classId>/12.db884a3c-c533-44b7-bb2d-47bec8ad4022</classId>
            <seq>1</seq>
            <hasDefault>true</hasDefault>
            <defaultValue>"default BPD EVENT Correlation Key"</defaultValue>
            <isLocked>false</isLocked>
            <description isNull="true" />
            <guid>guid:197d4ddc90fc5427:-1c619ffe:11def1582ed:-7b55</guid>
            <versionId>e12983a1-ab25-41cf-9088-f52f40bc7888</versionId>
        </processParameter>
        <processParameter name="value">
            <lastModified isNull="true" />
            <lastModifiedBy isNull="true" />
            <processParameterId>2055.6848a6ba-8453-47d6-82dd-4834e11c3e2d</processParameterId>
            <processId>1.a67eb4e6-b893-45bd-9252-3f3c69397286</processId>
            <parameterType>1</parameterType>
            <isArrayOf>false</isArrayOf>
            <classId>/12.db884a3c-c533-44b7-bb2d-47bec8ad4022</classId>
            <seq>2</seq>
            <hasDefault>true</hasDefault>
            <defaultValue>"default BPD EVENT Value"</defaultValue>
            <isLocked>false</isLocked>
            <description isNull="true" />
            <guid>guid:197d4ddc90fc5427:-1c619ffe:11def1582ed:-7b53</guid>
            <versionId>bea55ada-2b04-4637-9538-d9da64d05711</versionId>
        </processParameter>
        <processParameter name="correlationKey">
            <lastModified isNull="true" />
            <lastModifiedBy isNull="true" />
            <processParameterId>2055.9f5703a5-ed5d-4c70-a400-5360ffa4350b</processParameterId>
            <processId>1.a67eb4e6-b893-45bd-9252-3f3c69397286</processId>
            <parameterType>2</parameterType>
            <isArrayOf>false</isArrayOf>
            <classId>/12.db884a3c-c533-44b7-bb2d-47bec8ad4022</classId>
            <seq>3</seq>
            <hasDefault>false</hasDefault>
            <defaultValue>""</defaultValue>
            <isLocked>false</isLocked>
            <description isNull="true" />
            <guid>guid:197d4ddc90fc5427:-1c619ffe:11def1582ed:-7b51</guid>
            <versionId>b573ddf3-2fe4-415b-ae9c-e7bb9627bcae</versionId>
        </processParameter>
        <processParameter name="value">
            <lastModified isNull="true" />
            <lastModifiedBy isNull="true" />
            <processParameterId>2055.763de4cf-7f49-40c1-a0c0-018e32c0bcf8</processParameterId>
            <processId>1.a67eb4e6-b893-45bd-9252-3f3c69397286</processId>
            <parameterType>2</parameterType>
            <isArrayOf>false</isArrayOf>
            <classId>/12.db884a3c-c533-44b7-bb2d-47bec8ad4022</classId>
            <seq>4</seq>
            <hasDefault>false</hasDefault>
            <defaultValue>""</defaultValue>
            <isLocked>false</isLocked>
            <description isNull="true" />
            <guid>guid:197d4ddc90fc5427:-1c619ffe:11def1582ed:-7b4f</guid>
            <versionId>6c285374-6745-4d47-8e2b-d4d91d630031</versionId>
        </processParameter>
        <item>
            <lastModified isNull="true" />
            <lastModifiedBy isNull="true" />
            <processItemId>2025.bdb5f806-f306-4f89-a6e3-aaec9e1872b9</processItemId>
            <processId>1.a67eb4e6-b893-45bd-9252-3f3c69397286</processId>
            <name>End</name>
            <tWComponentName>ExitPoint</tWComponentName>
            <tWComponentId>3008.786f47bf-4ae1-443a-ab01-fa2fb8f6e5b8</tWComponentId>
            <isLogEnabled>false</isLogEnabled>
            <isTraceEnabled>false</isTraceEnabled>
            <traceCategory isNull="true" />
            <traceLevel isNull="true" />
            <traceMessage isNull="true" />
            <traceSymbolTable isNull="true" />
            <isExecutionContextTraced>false</isExecutionContextTraced>
            <saveExecutionContext>true</saveExecutionContext>
            <documentation isNull="true" />
            <isErrorHandlerEnabled>false</isErrorHandlerEnabled>
            <errorHandlerItemId isNull="true" />
            <guid>guid:1834ad1ced21c429:274e910:1064a9c5d32:-7f97</guid>
            <versionId>6dd24e3a-5cd7-45d8-826a-e4e57f7223e1</versionId>
            <processPrePosts>
                <lastModified isNull="true" />
                <lastModifiedBy isNull="true" />
                <processItemPrePostId>2029.0375ac8b-b622-49ba-b2a0-864db6f55c4d</processItemPrePostId>
                <processItemId>2025.bdb5f806-f306-4f89-a6e3-aaec9e1872b9</processItemId>
                <location>1</location>
                <script>//java.lang.System.out.println("Corr Key: ." + tw.local.correlationKey + ".");
//java.lang.System.out.println("Value Key: ." + tw.local.value + ".");
</script>
                <guid>guid:197d4ddc90fc5427:-1c619ffe:11def1582ed:-7b4a</guid>
                <versionId>2758ee62-4d74-446a-8573-1fa2f30e129f</versionId>
            </processPrePosts>
            <processPrePosts>
                <lastModified isNull="true" />
                <lastModifiedBy isNull="true" />
                <processItemPrePostId>2029.257d7b09-1eb4-4344-8221-cc20df2c5beb</processItemPrePostId>
                <processItemId>2025.bdb5f806-f306-4f89-a6e3-aaec9e1872b9</processItemId>
                <location>1</location>
                <script>//java.lang.System.out.println("Corr Key: ." + tw.local.correlationKey + ".");
//java.lang.System.out.println("Value Key: ." + tw.local.value + ".");
</script>
                <guid>guid:197d4ddc90fc5427:-1c619ffe:11def1582ed:-7b4a</guid>
                <versionId>86af46db-51c8-4404-9787-f1dc38836ecb</versionId>
            </processPrePosts>
            <layoutData x="422" y="100">
                <errorLink>
                    <controlPoints />
                    <showEndState>false</showEndState>
                    <showName>false</showName>
                </errorLink>
            </layoutData>
            <TWComponent>
                <lastModified isNull="true" />
                <lastModifiedBy isNull="true" />
                <exitPointId>3008.786f47bf-4ae1-443a-ab01-fa2fb8f6e5b8</exitPointId>
                <haltProcess>false</haltProcess>
                <guid>guid:197d4ddc90fc5427:-1c619ffe:11def1582ed:-7b49</guid>
                <versionId>c56d2e99-ac89-4810-9cc6-775a46ac8fe2</versionId>
            </TWComponent>
        </item>
        <startingProcessItemId>2025.bdb5f806-f306-4f89-a6e3-aaec9e1872b9</startingProcessItemId>
        <errorHandlerItemId isNull="true" />
        <layoutData noConversion="true">
            <errorLink>
                <controlPoints />
                <showEndState>false</showEndState>
                <showName>false</showName>
            </errorLink>
        </layoutData>
        <startPoint>
            <layoutData x="20" y="100">
                <errorLink>
                    <controlPoints />
                    <showEndState>false</showEndState>
                    <showName>false</showName>
                </errorLink>
            </layoutData>
        </startPoint>
        <startLink>
            <fromPort locationId="rightCenter" portType="1" />
            <toPort locationId="leftCenter" portType="2" />
            <layoutData>
                <controlPoints />
                <showEndState>false</showEndState>
                <showName>false</showName>
            </layoutData>
        </startLink>
    </process>
</teamworks>

