<?xml version="1.0" encoding="UTF-8"?>
<teamworks>
    <process id="1.a84d330f-e0c4-407a-a9ca-350737af8047" name="Transform XML Document using XSL File">
        <lastModified>1361372673512</lastModified>
        <lastModifiedBy>Internal TW Admin user</lastModifiedBy>
        <processId>1.a84d330f-e0c4-407a-a9ca-350737af8047</processId>
        <image isNull="true" />
        <tabGroup isNull="true" />
        <startingProcessItemId>2025.da4eb860-3952-4560-a780-5fb87917ef7e</startingProcessItemId>
        <isRootProcess>false</isRootProcess>
        <processType>4</processType>
        <isErrorHandlerEnabled>false</isErrorHandlerEnabled>
        <errorHandlerItemId isNull="true" />
        <isLoggingVariables>false</isLoggingVariables>
        <isTransactional>false</isTransactional>
        <processTimingLevel isNull="true" />
        <participantRef isNull="true" />
        <exposedType isNull="true" />
        <isTrackingEnabled>true</isTrackingEnabled>
        <xmlData isNull="true" />
        <cachingType>false</cachingType>
        <itemLabel isNull="true" />
        <cacheLength>43200</cacheLength>
        <mobileReady>false</mobileReady>
        <sboSyncEnabled>true</sboSyncEnabled>
        <externalId isNull="true" />
        <isSecured>false</isSecured>
        <description>Transforms an XML DOM Document using the specified XSL file and returns the result as a string. This connector also accepts parameters.</description>
        <guid>guid:12be50909032b80c:18f81ea7:11f41c537ad:-5b23</guid>
        <versionId>89efa838-fa07-4c51-b3f3-f830a4536b3d</versionId>
        <dependencySummary isNull="true" />
        <processParameter name="xmlDocument">
            <lastModified isNull="true" />
            <lastModifiedBy isNull="true" />
            <processParameterId>2055.60cd3737-3c16-4a62-95b3-8a50f16d0d7e</processParameterId>
            <processId>1.a84d330f-e0c4-407a-a9ca-350737af8047</processId>
            <parameterType>1</parameterType>
            <isArrayOf>false</isArrayOf>
            <classId>/12.4715ae70-6fe9-4d51-a010-20ddb068bcdb</classId>
            <seq>1</seq>
            <hasDefault>false</hasDefault>
            <defaultValue isNull="true" />
            <isLocked>false</isLocked>
            <description>XML document to transform</description>
            <guid>guid:12be50909032b80c:18f81ea7:11f41c537ad:-5af6</guid>
            <versionId>aa87d062-4073-4af5-a854-9a3e0848c774</versionId>
        </processParameter>
        <processParameter name="xslFile">
            <lastModified isNull="true" />
            <lastModifiedBy isNull="true" />
            <processParameterId>2055.091d3414-1b8a-47f0-905b-f3b1d8da5615</processParameterId>
            <processId>1.a84d330f-e0c4-407a-a9ca-350737af8047</processId>
            <parameterType>1</parameterType>
            <isArrayOf>false</isArrayOf>
            <classId>/12.db884a3c-c533-44b7-bb2d-47bec8ad4022</classId>
            <seq>2</seq>
            <hasDefault>false</hasDefault>
            <defaultValue isNull="true" />
            <isLocked>false</isLocked>
            <description>Path to XSL file used to transform XML</description>
            <guid>guid:12be50909032b80c:18f81ea7:11f41c537ad:-5ae9</guid>
            <versionId>2eac9da9-5bbe-4433-a5fa-5b6f7abad6c2</versionId>
        </processParameter>
        <processParameter name="params">
            <lastModified isNull="true" />
            <lastModifiedBy isNull="true" />
            <processParameterId>2055.7a0456f5-b922-4532-9571-a95b9a4e4cc6</processParameterId>
            <processId>1.a84d330f-e0c4-407a-a9ca-350737af8047</processId>
            <parameterType>1</parameterType>
            <isArrayOf>false</isArrayOf>
            <classId>/12.90c5b1d3-3fa1-4b3b-ab27-220b0652dc55</classId>
            <seq>3</seq>
            <hasDefault>true</hasDefault>
            <defaultValue isNull="true" />
            <isLocked>false</isLocked>
            <description>Parameters to be used during transformation.</description>
            <guid>guid:12be50909032b80c:18f81ea7:11f41c537ad:-5ae5</guid>
            <versionId>517ab2e5-13bd-4621-bc16-82fd02fa65fe</versionId>
        </processParameter>
        <processParameter name="results">
            <lastModified isNull="true" />
            <lastModifiedBy isNull="true" />
            <processParameterId>2055.e1818a6d-4f9b-4167-9758-4e688b145a9d</processParameterId>
            <processId>1.a84d330f-e0c4-407a-a9ca-350737af8047</processId>
            <parameterType>2</parameterType>
            <isArrayOf>false</isArrayOf>
            <classId>/12.db884a3c-c533-44b7-bb2d-47bec8ad4022</classId>
            <seq>4</seq>
            <hasDefault>false</hasDefault>
            <defaultValue isNull="true" />
            <isLocked>false</isLocked>
            <description isNull="true" />
            <guid>guid:12be50909032b80c:18f81ea7:11f41c537ad:-5ad8</guid>
            <versionId>edbfe190-1ed4-40b7-9619-0671751b6522</versionId>
        </processParameter>
        <item>
            <lastModified isNull="true" />
            <lastModifiedBy isNull="true" />
            <processItemId>2025.31c6c2b6-a511-4192-85ad-20ca3df03c2e</processItemId>
            <processId>1.a84d330f-e0c4-407a-a9ca-350737af8047</processId>
            <name>End</name>
            <tWComponentName>ExitPoint</tWComponentName>
            <tWComponentId>3008.141ecc29-dd4e-4387-a3e0-9de316997b00</tWComponentId>
            <isLogEnabled>false</isLogEnabled>
            <isTraceEnabled>false</isTraceEnabled>
            <traceCategory isNull="true" />
            <traceLevel isNull="true" />
            <traceMessage isNull="true" />
            <traceSymbolTable isNull="true" />
            <isExecutionContextTraced>false</isExecutionContextTraced>
            <saveExecutionContext>true</saveExecutionContext>
            <documentation isNull="true" />
            <isErrorHandlerEnabled>false</isErrorHandlerEnabled>
            <errorHandlerItemId isNull="true" />
            <guid>guid:12be50909032b80c:18f81ea7:11f41c537ad:-5b21</guid>
            <versionId>0c05a8b5-0d0d-4926-b0bd-04a00642dacc</versionId>
            <layoutData x="293" y="100">
                <errorLink>
                    <controlPoints />
                    <showEndState>false</showEndState>
                    <showName>false</showName>
                </errorLink>
            </layoutData>
            <TWComponent>
                <lastModified isNull="true" />
                <lastModifiedBy isNull="true" />
                <exitPointId>3008.141ecc29-dd4e-4387-a3e0-9de316997b00</exitPointId>
                <haltProcess>false</haltProcess>
                <guid>guid:12be50909032b80c:18f81ea7:11f41c537ad:-5b20</guid>
                <versionId>34b230d1-3395-4351-a0b7-e0faebbad92e</versionId>
            </TWComponent>
        </item>
        <item>
            <lastModified isNull="true" />
            <lastModifiedBy isNull="true" />
            <processItemId>2025.da4eb860-3952-4560-a780-5fb87917ef7e</processItemId>
            <processId>1.a84d330f-e0c4-407a-a9ca-350737af8047</processId>
            <name>Transform XML</name>
            <tWComponentName>JavaConnector</tWComponentName>
            <tWComponentId>3022.0c4459b8-6feb-42d2-b54d-28ed2cba052c</tWComponentId>
            <isLogEnabled>false</isLogEnabled>
            <isTraceEnabled>false</isTraceEnabled>
            <traceCategory isNull="true" />
            <traceLevel isNull="true" />
            <traceMessage isNull="true" />
            <traceSymbolTable isNull="true" />
            <isExecutionContextTraced>false</isExecutionContextTraced>
            <saveExecutionContext>false</saveExecutionContext>
            <documentation isNull="true" />
            <isErrorHandlerEnabled>false</isErrorHandlerEnabled>
            <errorHandlerItemId isNull="true" />
            <guid>guid:12be50909032b80c:18f81ea7:11f41c537ad:-5b10</guid>
            <versionId>4878b758-87ca-4659-9c31-c797b9829e09</versionId>
            <layoutData x="145" y="85">
                <errorLink>
                    <controlPoints />
                    <showEndState>false</showEndState>
                    <showName>false</showName>
                </errorLink>
            </layoutData>
            <TWComponent>
                <lastModified isNull="true" />
                <lastModifiedBy isNull="true" />
                <javaConnectorId>3022.0c4459b8-6feb-42d2-b54d-28ed2cba052c</javaConnectorId>
                <definition>&lt;connector&gt;
  &lt;javaClassName&gt;teamworks.XSLConnector&lt;/javaClassName&gt;
  &lt;methodName&gt;transform&lt;/methodName&gt;
  &lt;inputRecord&gt;
    &lt;element type="org.jdom.Document" nativeType="org.jdom.Document" parameter="Parameter 0" argument="tw.local.xmlDocument" description="XML Document" /&gt;
    &lt;element type="java.lang.String" nativeType="java.lang.String" parameter="Parameter 1" argument="tw.local.xslFile" description="XSL File Path" /&gt;
    &lt;element type="java.util.HashMap" nativeType="java.util.HashMap" parameter="Parameter 2" argument="tw.local.params" description="Parameters" /&gt;
  &lt;/inputRecord&gt;
  &lt;outputRecord&gt;
    &lt;element type="java.lang.String" nativeType="java.lang.String" parameter="Return Value" argument="tw.local.results" description="" /&gt;
  &lt;/outputRecord&gt;
&lt;/connector&gt;</definition>
                <guid>guid:12be50909032b80c:18f81ea7:11f41c537ad:-5b11</guid>
                <versionId>0a478d27-7458-4607-88a4-d120184eed56</versionId>
            </TWComponent>
        </item>
        <startingProcessItemId>2025.da4eb860-3952-4560-a780-5fb87917ef7e</startingProcessItemId>
        <errorHandlerItemId isNull="true" />
        <layoutData noConversion="true">
            <errorLink>
                <controlPoints />
                <showEndState>false</showEndState>
                <showName>false</showName>
            </errorLink>
        </layoutData>
        <startPoint>
            <layoutData x="20" y="100">
                <errorLink>
                    <controlPoints />
                    <showEndState>false</showEndState>
                    <showName>false</showName>
                </errorLink>
            </layoutData>
        </startPoint>
        <startLink>
            <fromPort locationId="rightCenter" portType="1" />
            <toPort locationId="leftCenter" portType="2" />
            <layoutData>
                <controlPoints />
                <showEndState>false</showEndState>
                <showName>false</showName>
            </layoutData>
        </startLink>
        <link name="Untitled">
            <lastModified isNull="true" />
            <lastModifiedBy isNull="true" />
            <processLinkId>2027.cb69b055-d57a-49d4-8616-6c71034a91a3</processLinkId>
            <processId>1.a84d330f-e0c4-407a-a9ca-350737af8047</processId>
            <description isNull="true" />
            <fromProcessItemId>2025.da4eb860-3952-4560-a780-5fb87917ef7e</fromProcessItemId>
            <endStateId>Out</endStateId>
            <toProcessItemId>2025.31c6c2b6-a511-4192-85ad-20ca3df03c2e</toProcessItemId>
            <guid>guid:12be50909032b80c:18f81ea7:11f41c537ad:-5b06</guid>
            <versionId>9ac43d73-8205-4a68-915f-e590202a1622</versionId>
            <layoutData>
                <controlPoints />
                <showEndState>false</showEndState>
                <showName>false</showName>
            </layoutData>
            <fromItemPort locationId="rightCenter" portType="1" />
            <toItemPort locationId="leftCenter" portType="2" />
            <fromProcessItemId>2025.da4eb860-3952-4560-a780-5fb87917ef7e</fromProcessItemId>
            <toProcessItemId>2025.31c6c2b6-a511-4192-85ad-20ca3df03c2e</toProcessItemId>
        </link>
    </process>
</teamworks>

