<?xml version="1.0" encoding="UTF-8"?>
<teamworks>
    <process id="1.b258f369-1dde-48bb-8158-366d49cc0317" name="Read from HTTP">
        <lastModified>1361372673512</lastModified>
        <lastModifiedBy>Internal TW Admin user</lastModifiedBy>
        <processId>1.b258f369-1dde-48bb-8158-366d49cc0317</processId>
        <image isNull="true" />
        <tabGroup isNull="true" />
        <startingProcessItemId>2025.c3635261-4cd5-4aea-a35f-9d81005066be</startingProcessItemId>
        <isRootProcess>false</isRootProcess>
        <processType>4</processType>
        <isErrorHandlerEnabled>false</isErrorHandlerEnabled>
        <errorHandlerItemId isNull="true" />
        <isLoggingVariables>false</isLoggingVariables>
        <isTransactional>false</isTransactional>
        <processTimingLevel isNull="true" />
        <participantRef isNull="true" />
        <exposedType isNull="true" />
        <isTrackingEnabled>true</isTrackingEnabled>
        <xmlData isNull="true" />
        <cachingType>false</cachingType>
        <itemLabel isNull="true" />
        <cacheLength>43200</cacheLength>
        <mobileReady>false</mobileReady>
        <sboSyncEnabled>true</sboSyncEnabled>
        <externalId isNull="true" />
        <isSecured>false</isSecured>
        <description>Posts a HTTP Request, optionally with Basic Authentication.</description>
        <guid>guid:12be50909032b80c:18f81ea7:11f41c537ad:-740d</guid>
        <versionId>f52cd105-99dd-440e-8e22-db6acfc0d53f</versionId>
        <dependencySummary isNull="true" />
        <processParameter name="url">
            <lastModified isNull="true" />
            <lastModifiedBy isNull="true" />
            <processParameterId>2055.30d11d02-e620-4fa0-94b7-1aad00944bbc</processParameterId>
            <processId>1.b258f369-1dde-48bb-8158-366d49cc0317</processId>
            <parameterType>1</parameterType>
            <isArrayOf>false</isArrayOf>
            <classId>/12.db884a3c-c533-44b7-bb2d-47bec8ad4022</classId>
            <seq>1</seq>
            <hasDefault>false</hasDefault>
            <defaultValue isNull="true" />
            <isLocked>false</isLocked>
            <description>URL to post HTTP Request to</description>
            <guid>guid:12be50909032b80c:18f81ea7:11f41c537ad:-73cb</guid>
            <versionId>20637c79-61e9-4b9c-9e15-d69260bccd0d</versionId>
        </processParameter>
        <processParameter name="params">
            <lastModified isNull="true" />
            <lastModifiedBy isNull="true" />
            <processParameterId>2055.fad93cba-8750-4faf-a2f6-b945ca38a144</processParameterId>
            <processId>1.b258f369-1dde-48bb-8158-366d49cc0317</processId>
            <parameterType>1</parameterType>
            <isArrayOf>false</isArrayOf>
            <classId>/12.90c5b1d3-3fa1-4b3b-ab27-220b0652dc55</classId>
            <seq>2</seq>
            <hasDefault>true</hasDefault>
            <defaultValue isNull="true" />
            <isLocked>false</isLocked>
            <description>POST Parameters to be passed with the HTTP Request</description>
            <guid>guid:12be50909032b80c:18f81ea7:11f41c537ad:-73bb</guid>
            <versionId>883ad29b-7b7e-417e-86f3-19eaf5ad8b33</versionId>
        </processParameter>
        <processParameter name="proxy">
            <lastModified isNull="true" />
            <lastModifiedBy isNull="true" />
            <processParameterId>2055.7556f5e3-02be-4434-beda-bc0939398701</processParameterId>
            <processId>1.b258f369-1dde-48bb-8158-366d49cc0317</processId>
            <parameterType>1</parameterType>
            <isArrayOf>false</isArrayOf>
            <classId>/12.db884a3c-c533-44b7-bb2d-47bec8ad4022</classId>
            <seq>3</seq>
            <hasDefault>true</hasDefault>
            <defaultValue isNull="true" />
            <isLocked>false</isLocked>
            <description isNull="true" />
            <guid>guid:12be50909032b80c:18f81ea7:11f41c537ad:-73ba</guid>
            <versionId>39e84649-da6e-41da-a001-6514ec38b636</versionId>
        </processParameter>
        <processParameter name="socks">
            <lastModified isNull="true" />
            <lastModifiedBy isNull="true" />
            <processParameterId>2055.c4eefd02-bcc1-4b83-a897-8952b4adafb3</processParameterId>
            <processId>1.b258f369-1dde-48bb-8158-366d49cc0317</processId>
            <parameterType>1</parameterType>
            <isArrayOf>false</isArrayOf>
            <classId>/12.db884a3c-c533-44b7-bb2d-47bec8ad4022</classId>
            <seq>4</seq>
            <hasDefault>true</hasDefault>
            <defaultValue isNull="true" />
            <isLocked>false</isLocked>
            <description isNull="true" />
            <guid>guid:12be50909032b80c:18f81ea7:11f41c537ad:-73b6</guid>
            <versionId>9757c788-33c7-4433-83df-eb55436f4fc2</versionId>
        </processParameter>
        <processParameter name="sslParameters">
            <lastModified isNull="true" />
            <lastModifiedBy isNull="true" />
            <processParameterId>2055.b55c667e-668e-4582-b12b-3663432da724</processParameterId>
            <processId>1.b258f369-1dde-48bb-8158-366d49cc0317</processId>
            <parameterType>1</parameterType>
            <isArrayOf>false</isArrayOf>
            <classId>/12.90c5b1d3-3fa1-4b3b-ab27-220b0652dc55</classId>
            <seq>5</seq>
            <hasDefault>true</hasDefault>
            <defaultValue isNull="true" />
            <isLocked>false</isLocked>
            <description>SSL Parameters</description>
            <guid>guid:12be50909032b80c:18f81ea7:11f41c537ad:-73b2</guid>
            <versionId>c048a62f-80c6-41c9-afb6-26f60ed5604c</versionId>
        </processParameter>
        <processParameter name="htmlResult">
            <lastModified isNull="true" />
            <lastModifiedBy isNull="true" />
            <processParameterId>2055.b63aee28-e851-4091-a934-5d75b18fd233</processParameterId>
            <processId>1.b258f369-1dde-48bb-8158-366d49cc0317</processId>
            <parameterType>2</parameterType>
            <isArrayOf>false</isArrayOf>
            <classId>/12.db884a3c-c533-44b7-bb2d-47bec8ad4022</classId>
            <seq>6</seq>
            <hasDefault>false</hasDefault>
            <defaultValue isNull="true" />
            <isLocked>false</isLocked>
            <description isNull="true" />
            <guid>guid:12be50909032b80c:18f81ea7:11f41c537ad:-73a5</guid>
            <versionId>5de988aa-60ff-4342-821c-108bedda8e3c</versionId>
        </processParameter>
        <processParameter name="username">
            <lastModified isNull="true" />
            <lastModifiedBy isNull="true" />
            <processParameterId>2055.ce9d5e74-8a8b-4863-89a2-6a9b01805e5c</processParameterId>
            <processId>1.b258f369-1dde-48bb-8158-366d49cc0317</processId>
            <parameterType>1</parameterType>
            <isArrayOf>false</isArrayOf>
            <classId>/12.db884a3c-c533-44b7-bb2d-47bec8ad4022</classId>
            <seq>7</seq>
            <hasDefault>true</hasDefault>
            <defaultValue isNull="true" />
            <isLocked>false</isLocked>
            <description isNull="true" />
            <guid>guid:12be50909032b80c:18f81ea7:11f41c537ad:-68da</guid>
            <versionId>7cb329e4-26b0-4406-b9e9-1c106c7d5fb4</versionId>
        </processParameter>
        <processParameter name="password">
            <lastModified isNull="true" />
            <lastModifiedBy isNull="true" />
            <processParameterId>2055.6be08b50-05a1-44ee-a2ba-4f5400840ba9</processParameterId>
            <processId>1.b258f369-1dde-48bb-8158-366d49cc0317</processId>
            <parameterType>1</parameterType>
            <isArrayOf>false</isArrayOf>
            <classId>/12.db884a3c-c533-44b7-bb2d-47bec8ad4022</classId>
            <seq>8</seq>
            <hasDefault>true</hasDefault>
            <defaultValue isNull="true" />
            <isLocked>false</isLocked>
            <description isNull="true" />
            <guid>guid:12be50909032b80c:18f81ea7:11f41c537ad:-68d0</guid>
            <versionId>509168f4-aac8-4e82-a927-d13d90295fd4</versionId>
        </processParameter>
        <processVariable name="parameters">
            <lastModified isNull="true" />
            <lastModifiedBy isNull="true" />
            <processVariableId>2056.9c75d7d9-e387-4036-93bd-d6cc70f655e1</processVariableId>
            <description isNull="true" />
            <processId>1.b258f369-1dde-48bb-8158-366d49cc0317</processId>
            <namespace>2</namespace>
            <seq>1</seq>
            <isArrayOf>false</isArrayOf>
            <classId>/12.db884a3c-c533-44b7-bb2d-47bec8ad4022</classId>
            <hasDefault>false</hasDefault>
            <defaultValue isNull="true" />
            <guid>guid:12be50909032b80c:18f81ea7:11f41c537ad:-72dd</guid>
            <versionId>8d6d1247-8447-484f-bead-928c698aa754</versionId>
        </processVariable>
        <processVariable name="parametersXML">
            <lastModified isNull="true" />
            <lastModifiedBy isNull="true" />
            <processVariableId>2056.9e377e11-6953-4564-a047-70d91f549066</processVariableId>
            <description isNull="true" />
            <processId>1.b258f369-1dde-48bb-8158-366d49cc0317</processId>
            <namespace>2</namespace>
            <seq>2</seq>
            <isArrayOf>false</isArrayOf>
            <classId>/12.8a176cc2-eebb-4310-a9c7-9bc62b3a8002</classId>
            <hasDefault>false</hasDefault>
            <defaultValue isNull="true" />
            <guid>guid:12be50909032b80c:18f81ea7:11f41c537ad:-7398</guid>
            <versionId>84d4bf21-e686-470f-8898-2f9c85dc4d47</versionId>
        </processVariable>
        <processVariable name="returnXML">
            <lastModified isNull="true" />
            <lastModifiedBy isNull="true" />
            <processVariableId>2056.079a2369-e92e-49ed-b578-820b862be2e8</processVariableId>
            <description isNull="true" />
            <processId>1.b258f369-1dde-48bb-8158-366d49cc0317</processId>
            <namespace>2</namespace>
            <seq>3</seq>
            <isArrayOf>false</isArrayOf>
            <classId>/12.8a176cc2-eebb-4310-a9c7-9bc62b3a8002</classId>
            <hasDefault>false</hasDefault>
            <defaultValue isNull="true" />
            <guid>guid:12be50909032b80c:18f81ea7:11f41c537ad:-7397</guid>
            <versionId>dac476ff-e777-4a8f-b704-f7e2547cc327</versionId>
        </processVariable>
        <item>
            <lastModified isNull="true" />
            <lastModifiedBy isNull="true" />
            <processItemId>2025.6d04281d-4f21-4cfe-8399-b6de478187c2</processItemId>
            <processId>1.b258f369-1dde-48bb-8158-366d49cc0317</processId>
            <name>Read with Auth</name>
            <tWComponentName>JavaConnector</tWComponentName>
            <tWComponentId>3022.462806e2-096f-404a-a890-283c04126078</tWComponentId>
            <isLogEnabled>false</isLogEnabled>
            <isTraceEnabled>false</isTraceEnabled>
            <traceCategory isNull="true" />
            <traceLevel isNull="true" />
            <traceMessage isNull="true" />
            <traceSymbolTable isNull="true" />
            <isExecutionContextTraced>false</isExecutionContextTraced>
            <saveExecutionContext>false</saveExecutionContext>
            <documentation isNull="true" />
            <isErrorHandlerEnabled>false</isErrorHandlerEnabled>
            <errorHandlerItemId isNull="true" />
            <guid>guid:12be50909032b80c:18f81ea7:11f41c537ad:-68f9</guid>
            <versionId>393f4a22-37a0-4190-9ff6-8012efd59f8c</versionId>
            <layoutData x="390" y="168">
                <errorLink>
                    <controlPoints />
                    <showEndState>false</showEndState>
                    <showName>false</showName>
                </errorLink>
            </layoutData>
            <TWComponent>
                <lastModified isNull="true" />
                <lastModifiedBy isNull="true" />
                <javaConnectorId>3022.462806e2-096f-404a-a890-283c04126078</javaConnectorId>
                <definition>&lt;connector&gt;
  &lt;javaClassName&gt;teamworks.HTTPClient2&lt;/javaClassName&gt;
  &lt;methodName&gt;talk&lt;/methodName&gt;
  &lt;inputRecord&gt;
    &lt;element type="java.lang.String" nativeType="java.lang.String" parameter="Parameter 0" argument="tw.local.url" description="url" /&gt;
    &lt;element type="java.lang.String" nativeType="java.lang.String" parameter="Parameter 1" argument="tw.local.parameters" description="postParms" /&gt;
    &lt;element type="java.lang.String" nativeType="java.lang.String" parameter="Parameter 2" argument="tw.local.proxy" description="proxy" /&gt;
    &lt;element type="java.lang.String" nativeType="java.lang.String" parameter="Parameter 3" argument="tw.local.socks" description="socks" /&gt;
    &lt;element type="java.util.HashMap" nativeType="java.util.HashMap" parameter="Parameter 4" argument="tw.local.sslParameters" description="sslParms" /&gt;
    &lt;element type="java.lang.String" nativeType="java.lang.String" parameter="Parameter 5" argument="tw.local.username" description="userName" /&gt;
    &lt;element type="java.lang.String" nativeType="java.lang.String" parameter="Parameter 6" argument="tw.local.password" description="password" /&gt;
  &lt;/inputRecord&gt;
  &lt;outputRecord&gt;
    &lt;element type="org.jdom.Element" nativeType="org.jdom.Element" parameter="Return Value" argument="tw.local.returnXML" description="" /&gt;
  &lt;/outputRecord&gt;
&lt;/connector&gt;</definition>
                <guid>guid:12be50909032b80c:18f81ea7:11f41c537ad:-68fa</guid>
                <versionId>49abca52-f5e4-43e0-b95f-68ac582971ef</versionId>
            </TWComponent>
        </item>
        <item>
            <lastModified isNull="true" />
            <lastModifiedBy isNull="true" />
            <processItemId>2025.2ffc6eee-ac9b-4c85-ba81-eb5e93b6e14e</processItemId>
            <processId>1.b258f369-1dde-48bb-8158-366d49cc0317</processId>
            <name>Extract Result</name>
            <tWComponentName>Script</tWComponentName>
            <tWComponentId>3011.3852ab84-556e-43fe-a66c-b586e0fce26b</tWComponentId>
            <isLogEnabled>false</isLogEnabled>
            <isTraceEnabled>false</isTraceEnabled>
            <traceCategory isNull="true" />
            <traceLevel isNull="true" />
            <traceMessage isNull="true" />
            <traceSymbolTable isNull="true" />
            <isExecutionContextTraced>false</isExecutionContextTraced>
            <saveExecutionContext>false</saveExecutionContext>
            <documentation isNull="true" />
            <isErrorHandlerEnabled>false</isErrorHandlerEnabled>
            <errorHandlerItemId isNull="true" />
            <guid>guid:12be50909032b80c:18f81ea7:11f41c537ad:-73d5</guid>
            <versionId>604e1c1d-250f-473b-9f3e-3119033854fc</versionId>
            <layoutData x="550" y="118">
                <errorLink>
                    <controlPoints />
                    <showEndState>false</showEndState>
                    <showName>false</showName>
                </errorLink>
            </layoutData>
            <TWComponent>
                <lastModified isNull="true" />
                <lastModifiedBy isNull="true" />
                <scriptId>3011.3852ab84-556e-43fe-a66c-b586e0fce26b</scriptId>
                <scriptTypeId>2</scriptTypeId>
                <isActive>true</isActive>
                <script>if(tw.local.returnXML != null &amp;&amp; tw.local.returnXML.record != null) {
  tw.local.htmlResult = tw.local.returnXML.record[0].column[0].getText();
}
</script>
                <isRule>false</isRule>
                <guid>guid:12be50909032b80c:18f81ea7:11f41c537ad:-73d6</guid>
                <versionId>3098d664-8748-4f18-821e-f4eaf2659c11</versionId>
            </TWComponent>
        </item>
        <item>
            <lastModified isNull="true" />
            <lastModifiedBy isNull="true" />
            <processItemId>2025.defff705-ece8-4ae5-b3bc-82679ab12d54</processItemId>
            <processId>1.b258f369-1dde-48bb-8158-366d49cc0317</processId>
            <name>HTTP Read</name>
            <tWComponentName>JavaConnector</tWComponentName>
            <tWComponentId>3022.1798b063-75bb-4fe3-a689-107ce6dc3017</tWComponentId>
            <isLogEnabled>false</isLogEnabled>
            <isTraceEnabled>false</isTraceEnabled>
            <traceCategory isNull="true" />
            <traceLevel isNull="true" />
            <traceMessage isNull="true" />
            <traceSymbolTable isNull="true" />
            <isExecutionContextTraced>false</isExecutionContextTraced>
            <saveExecutionContext>false</saveExecutionContext>
            <documentation isNull="true" />
            <isErrorHandlerEnabled>false</isErrorHandlerEnabled>
            <errorHandlerItemId isNull="true" />
            <guid>guid:12be50909032b80c:18f81ea7:11f41c537ad:-73fa</guid>
            <versionId>b3caf28b-a7e9-4ad6-ae0c-21fcbecb95c3</versionId>
            <layoutData x="390" y="54">
                <errorLink>
                    <controlPoints />
                    <showEndState>false</showEndState>
                    <showName>false</showName>
                </errorLink>
            </layoutData>
            <TWComponent>
                <lastModified isNull="true" />
                <lastModifiedBy isNull="true" />
                <javaConnectorId>3022.1798b063-75bb-4fe3-a689-107ce6dc3017</javaConnectorId>
                <definition>&lt;connector&gt;
  &lt;javaClassName&gt;teamworks.HTTPClient&lt;/javaClassName&gt;
  &lt;methodName&gt;talk&lt;/methodName&gt;
  &lt;inputRecord&gt;
    &lt;element type="java.lang.String" nativeType="java.lang.String" parameter="Parameter 0" argument="tw.local.url" description="url" /&gt;
    &lt;element type="java.lang.String" nativeType="java.lang.String" parameter="Parameter 1" argument="tw.local.parameters" description="postParms" /&gt;
    &lt;element type="java.lang.String" nativeType="java.lang.String" parameter="Parameter 2" argument="tw.local.proxy" description="proxy" /&gt;
    &lt;element type="java.lang.String" nativeType="java.lang.String" parameter="Parameter 3" argument="tw.local.socks" description="socks" /&gt;
    &lt;element type="java.util.HashMap" nativeType="java.util.HashMap" parameter="Parameter 4" argument="tw.local.sslParameters" description="sslParms" /&gt;
  &lt;/inputRecord&gt;
  &lt;outputRecord&gt;
    &lt;element type="org.jdom.Element" nativeType="org.jdom.Element" parameter="Return Value" argument="tw.local.returnXML" description="" /&gt;
  &lt;/outputRecord&gt;
&lt;/connector&gt;</definition>
                <guid>guid:12be50909032b80c:18f81ea7:11f41c537ad:-73fb</guid>
                <versionId>72c6868f-10d9-4b02-8cab-2f4a844e75cb</versionId>
            </TWComponent>
        </item>
        <item>
            <lastModified isNull="true" />
            <lastModifiedBy isNull="true" />
            <processItemId>2025.c3635261-4cd5-4aea-a35f-9d81005066be</processItemId>
            <processId>1.b258f369-1dde-48bb-8158-366d49cc0317</processId>
            <name>Convert Params</name>
            <tWComponentName>Script</tWComponentName>
            <tWComponentId>3011.72e38e63-011c-4c63-a299-dc8975201348</tWComponentId>
            <isLogEnabled>false</isLogEnabled>
            <isTraceEnabled>false</isTraceEnabled>
            <traceCategory isNull="true" />
            <traceLevel isNull="true" />
            <traceMessage isNull="true" />
            <traceSymbolTable isNull="true" />
            <isExecutionContextTraced>false</isExecutionContextTraced>
            <saveExecutionContext>false</saveExecutionContext>
            <documentation isNull="true" />
            <isErrorHandlerEnabled>false</isErrorHandlerEnabled>
            <errorHandlerItemId isNull="true" />
            <guid>guid:12be50909032b80c:18f81ea7:11f41c537ad:-73e1</guid>
            <versionId>bbeacb0c-b1c9-46a5-972c-6b3d08377cee</versionId>
            <layoutData x="147" y="118">
                <errorLink>
                    <controlPoints />
                    <showEndState>false</showEndState>
                    <showName>false</showName>
                </errorLink>
            </layoutData>
            <TWComponent>
                <lastModified isNull="true" />
                <lastModifiedBy isNull="true" />
                <scriptId>3011.72e38e63-011c-4c63-a299-dc8975201348</scriptId>
                <scriptTypeId>2</scriptTypeId>
                <isActive>true</isActive>
                <script>tw.local.parametersXML = new tw.object.XMLElement("parameters");

if(tw.local.params != null) {
  var names = tw.local.params.keyArray();
  for(var i = 0; i &lt; names.length; i++) {
    var name = names[i];
    var value = tw.local.params.get(name);
    if(value != null &amp;&amp; value != '') {
      var parameterElement = new tw.object.XMLElement("parameter");
      parameterElement.setAttribute("name", name);
      parameterElement.setText(value);
	  tw.local.parametersXML.appendChild(parameterElement);
    }
  }
}

tw.local.parameters = tw.local.parametersXML.toString(true);
</script>
                <isRule>false</isRule>
                <guid>guid:12be50909032b80c:18f81ea7:11f41c537ad:-73e2</guid>
                <versionId>85a0ec8a-e7cb-4ed5-aca1-d02a99889bd7</versionId>
            </TWComponent>
        </item>
        <item>
            <lastModified isNull="true" />
            <lastModifiedBy isNull="true" />
            <processItemId>2025.9f514d7e-507b-44b1-9c7c-14f1ba81b024</processItemId>
            <processId>1.b258f369-1dde-48bb-8158-366d49cc0317</processId>
            <name>End</name>
            <tWComponentName>ExitPoint</tWComponentName>
            <tWComponentId>3008.d9f68a07-0769-4be0-b8d1-c3eab889e590</tWComponentId>
            <isLogEnabled>false</isLogEnabled>
            <isTraceEnabled>false</isTraceEnabled>
            <traceCategory isNull="true" />
            <traceLevel isNull="true" />
            <traceMessage isNull="true" />
            <traceSymbolTable isNull="true" />
            <isExecutionContextTraced>false</isExecutionContextTraced>
            <saveExecutionContext>true</saveExecutionContext>
            <documentation isNull="true" />
            <isErrorHandlerEnabled>false</isErrorHandlerEnabled>
            <errorHandlerItemId isNull="true" />
            <guid>guid:12be50909032b80c:18f81ea7:11f41c537ad:-740b</guid>
            <versionId>d57e9979-2aaa-4b20-872d-919caf6cbebc</versionId>
            <layoutData x="691" y="133">
                <errorLink>
                    <controlPoints />
                    <showEndState>false</showEndState>
                    <showName>false</showName>
                </errorLink>
            </layoutData>
            <TWComponent>
                <lastModified isNull="true" />
                <lastModifiedBy isNull="true" />
                <exitPointId>3008.d9f68a07-0769-4be0-b8d1-c3eab889e590</exitPointId>
                <haltProcess>false</haltProcess>
                <guid>guid:12be50909032b80c:18f81ea7:11f41c537ad:-740a</guid>
                <versionId>f12c65a4-02c8-4fbe-b632-27fee6534869</versionId>
            </TWComponent>
        </item>
        <item>
            <lastModified isNull="true" />
            <lastModifiedBy isNull="true" />
            <processItemId>2025.27f69b1e-9aa5-485f-9ec9-9a849b555fee</processItemId>
            <processId>1.b258f369-1dde-48bb-8158-366d49cc0317</processId>
            <name>Has Credentials?</name>
            <tWComponentName>Switch</tWComponentName>
            <tWComponentId>3013.d367f23b-186e-419a-8f52-a1d2dd01ec68</tWComponentId>
            <isLogEnabled>false</isLogEnabled>
            <isTraceEnabled>false</isTraceEnabled>
            <traceCategory isNull="true" />
            <traceLevel isNull="true" />
            <traceMessage isNull="true" />
            <traceSymbolTable isNull="true" />
            <isExecutionContextTraced>false</isExecutionContextTraced>
            <saveExecutionContext>false</saveExecutionContext>
            <documentation isNull="true" />
            <isErrorHandlerEnabled>false</isErrorHandlerEnabled>
            <errorHandlerItemId isNull="true" />
            <guid>guid:12be50909032b80c:18f81ea7:11f41c537ad:-68de</guid>
            <versionId>fdfb25df-7d4e-4505-96f3-73032d547641</versionId>
            <layoutData x="268" y="133">
                <errorLink>
                    <controlPoints />
                    <showEndState>false</showEndState>
                    <showName>false</showName>
                </errorLink>
            </layoutData>
            <TWComponent>
                <lastModified isNull="true" />
                <lastModifiedBy isNull="true" />
                <switchId>3013.d367f23b-186e-419a-8f52-a1d2dd01ec68</switchId>
                <guid>guid:12be50909032b80c:18f81ea7:11f41c537ad:-68df</guid>
                <versionId>f34d1a68-9803-4a5b-9bb7-97b28fffb474</versionId>
                <SwitchCondition>
                    <lastModified isNull="true" />
                    <lastModifiedBy isNull="true" />
                    <switchConditionId>3014.33fdf9f2-4e4a-4480-8313-59ec4f78a75f</switchConditionId>
                    <switchId>3013.d367f23b-186e-419a-8f52-a1d2dd01ec68</switchId>
                    <seq>1</seq>
                    <endStateId>guid:12be50909032b80c:18f81ea7:11f41c537ad:-68c1</endStateId>
                    <condition>tw.local.username != null &amp;&amp; tw.local.username.length &gt; 0</condition>
                    <guid>guid:12be50909032b80c:18f81ea7:11f41c537ad:-68c2</guid>
                    <versionId>6f9a2eac-161c-46f8-81d4-cce0cce8cdb6</versionId>
                </SwitchCondition>
            </TWComponent>
        </item>
        <startingProcessItemId>2025.c3635261-4cd5-4aea-a35f-9d81005066be</startingProcessItemId>
        <errorHandlerItemId isNull="true" />
        <layoutData noConversion="true">
            <errorLink>
                <controlPoints />
                <showEndState>false</showEndState>
                <showName>false</showName>
            </errorLink>
        </layoutData>
        <startPoint>
            <layoutData x="37" y="133">
                <errorLink>
                    <controlPoints />
                    <showEndState>false</showEndState>
                    <showName>false</showName>
                </errorLink>
            </layoutData>
        </startPoint>
        <startLink>
            <fromPort locationId="rightCenter" portType="1" />
            <toPort locationId="leftCenter" portType="2" />
            <layoutData>
                <controlPoints />
                <showEndState>false</showEndState>
                <showName>false</showName>
            </layoutData>
        </startLink>
        <link name="No">
            <lastModified isNull="true" />
            <lastModifiedBy isNull="true" />
            <processLinkId>2027.2cff8a27-fa95-4265-9c0d-9a3a55e275b5</processLinkId>
            <processId>1.b258f369-1dde-48bb-8158-366d49cc0317</processId>
            <description isNull="true" />
            <fromProcessItemId>2025.27f69b1e-9aa5-485f-9ec9-9a849b555fee</fromProcessItemId>
            <endStateId>DEFAULT</endStateId>
            <toProcessItemId>2025.defff705-ece8-4ae5-b3bc-82679ab12d54</toProcessItemId>
            <guid>guid:12be50909032b80c:18f81ea7:11f41c537ad:-68c3</guid>
            <versionId>117c681b-090b-44f4-aa95-4cad01e7bed5</versionId>
            <layoutData>
                <controlPoints />
                <showEndState>false</showEndState>
                <showName>true</showName>
            </layoutData>
            <fromItemPort locationId="rightCenter" portType="1" />
            <toItemPort locationId="leftCenter" portType="2" />
            <fromProcessItemId>2025.27f69b1e-9aa5-485f-9ec9-9a849b555fee</fromProcessItemId>
            <toProcessItemId>2025.defff705-ece8-4ae5-b3bc-82679ab12d54</toProcessItemId>
        </link>
        <link name="Yes">
            <lastModified isNull="true" />
            <lastModifiedBy isNull="true" />
            <processLinkId>2027.907a0ef1-6c6e-4f5f-960f-fa385843da0b</processLinkId>
            <processId>1.b258f369-1dde-48bb-8158-366d49cc0317</processId>
            <description isNull="true" />
            <fromProcessItemId>2025.27f69b1e-9aa5-485f-9ec9-9a849b555fee</fromProcessItemId>
            <endStateId>guid:12be50909032b80c:18f81ea7:11f41c537ad:-68c1</endStateId>
            <toProcessItemId>2025.6d04281d-4f21-4cfe-8399-b6de478187c2</toProcessItemId>
            <guid>guid:12be50909032b80c:18f81ea7:11f41c537ad:-68c0</guid>
            <versionId>128ae396-7d4f-4f46-9905-40a6f79d62bd</versionId>
            <layoutData>
                <controlPoints />
                <showEndState>false</showEndState>
                <showName>true</showName>
            </layoutData>
            <fromItemPort locationId="rightCenter" portType="1" />
            <toItemPort locationId="leftCenter" portType="2" />
            <fromProcessItemId>2025.27f69b1e-9aa5-485f-9ec9-9a849b555fee</fromProcessItemId>
            <toProcessItemId>2025.6d04281d-4f21-4cfe-8399-b6de478187c2</toProcessItemId>
        </link>
        <link name="Untitled">
            <lastModified isNull="true" />
            <lastModifiedBy isNull="true" />
            <processLinkId>2027.3b303d4a-cac7-4886-bca2-c7488be2cc34</processLinkId>
            <processId>1.b258f369-1dde-48bb-8158-366d49cc0317</processId>
            <description isNull="true" />
            <fromProcessItemId>2025.defff705-ece8-4ae5-b3bc-82679ab12d54</fromProcessItemId>
            <endStateId>Out</endStateId>
            <toProcessItemId>2025.2ffc6eee-ac9b-4c85-ba81-eb5e93b6e14e</toProcessItemId>
            <guid>guid:12be50909032b80c:18f81ea7:11f41c537ad:-73a3</guid>
            <versionId>4bb41a78-a33d-4ba0-8d77-8aa024f9e4dd</versionId>
            <layoutData>
                <controlPoints />
                <showEndState>false</showEndState>
                <showName>false</showName>
            </layoutData>
            <fromItemPort locationId="rightCenter" portType="1" />
            <toItemPort locationId="leftCenter" portType="2" />
            <fromProcessItemId>2025.defff705-ece8-4ae5-b3bc-82679ab12d54</fromProcessItemId>
            <toProcessItemId>2025.2ffc6eee-ac9b-4c85-ba81-eb5e93b6e14e</toProcessItemId>
        </link>
        <link name="Untitled">
            <lastModified isNull="true" />
            <lastModifiedBy isNull="true" />
            <processLinkId>2027.d0824657-65c2-420b-be03-4ecee7d227d5</processLinkId>
            <processId>1.b258f369-1dde-48bb-8158-366d49cc0317</processId>
            <description isNull="true" />
            <fromProcessItemId>2025.c3635261-4cd5-4aea-a35f-9d81005066be</fromProcessItemId>
            <endStateId>Out</endStateId>
            <toProcessItemId>2025.27f69b1e-9aa5-485f-9ec9-9a849b555fee</toProcessItemId>
            <guid>guid:12be50909032b80c:18f81ea7:11f41c537ad:-68bc</guid>
            <versionId>61372db9-4991-4a57-afae-24a64556718a</versionId>
            <layoutData>
                <controlPoints />
                <showEndState>false</showEndState>
                <showName>false</showName>
            </layoutData>
            <fromItemPort locationId="rightCenter" portType="1" />
            <toItemPort locationId="leftCenter" portType="2" />
            <fromProcessItemId>2025.c3635261-4cd5-4aea-a35f-9d81005066be</fromProcessItemId>
            <toProcessItemId>2025.27f69b1e-9aa5-485f-9ec9-9a849b555fee</toProcessItemId>
        </link>
        <link name="Untitled">
            <lastModified isNull="true" />
            <lastModifiedBy isNull="true" />
            <processLinkId>2027.0c245a68-a5c7-48dd-a078-03e8560dd8f6</processLinkId>
            <processId>1.b258f369-1dde-48bb-8158-366d49cc0317</processId>
            <description isNull="true" />
            <fromProcessItemId>2025.6d04281d-4f21-4cfe-8399-b6de478187c2</fromProcessItemId>
            <endStateId>Out</endStateId>
            <toProcessItemId>2025.2ffc6eee-ac9b-4c85-ba81-eb5e93b6e14e</toProcessItemId>
            <guid>guid:12be50909032b80c:18f81ea7:11f41c537ad:-68b8</guid>
            <versionId>69ca4d7c-45b9-4879-816a-c0e3507a2ebc</versionId>
            <layoutData>
                <controlPoints />
                <showEndState>false</showEndState>
                <showName>false</showName>
            </layoutData>
            <fromItemPort locationId="rightCenter" portType="1" />
            <toItemPort locationId="leftCenter" portType="2" />
            <fromProcessItemId>2025.6d04281d-4f21-4cfe-8399-b6de478187c2</fromProcessItemId>
            <toProcessItemId>2025.2ffc6eee-ac9b-4c85-ba81-eb5e93b6e14e</toProcessItemId>
        </link>
        <link name="Untitled">
            <lastModified isNull="true" />
            <lastModifiedBy isNull="true" />
            <processLinkId>2027.58ab74db-f6dc-4363-af02-c71298433511</processLinkId>
            <processId>1.b258f369-1dde-48bb-8158-366d49cc0317</processId>
            <description isNull="true" />
            <fromProcessItemId>2025.2ffc6eee-ac9b-4c85-ba81-eb5e93b6e14e</fromProcessItemId>
            <endStateId>Out</endStateId>
            <toProcessItemId>2025.9f514d7e-507b-44b1-9c7c-14f1ba81b024</toProcessItemId>
            <guid>guid:12be50909032b80c:18f81ea7:11f41c537ad:-73a2</guid>
            <versionId>d55c01ef-09cb-4231-9a11-bbe4bc86c125</versionId>
            <layoutData>
                <controlPoints />
                <showEndState>false</showEndState>
                <showName>false</showName>
            </layoutData>
            <fromItemPort locationId="rightCenter" portType="1" />
            <toItemPort locationId="leftCenter" portType="2" />
            <fromProcessItemId>2025.2ffc6eee-ac9b-4c85-ba81-eb5e93b6e14e</fromProcessItemId>
            <toProcessItemId>2025.9f514d7e-507b-44b1-9c7c-14f1ba81b024</toProcessItemId>
        </link>
    </process>
</teamworks>

