<?xml version="1.0" encoding="UTF-8"?>
<teamworks>
    <process id="1.b5c87f00-d353-418a-8c93-4c9405ff035e" name="Call WebService via SOAP">
        <lastModified>1361372673512</lastModified>
        <lastModifiedBy>Internal TW Admin user</lastModifiedBy>
        <processId>1.b5c87f00-d353-418a-8c93-4c9405ff035e</processId>
        <image isNull="true" />
        <tabGroup isNull="true" />
        <startingProcessItemId>2025.089514ce-409b-4af5-ac05-110715800f1b</startingProcessItemId>
        <isRootProcess>false</isRootProcess>
        <processType>4</processType>
        <isErrorHandlerEnabled>false</isErrorHandlerEnabled>
        <errorHandlerItemId isNull="true" />
        <isLoggingVariables>false</isLoggingVariables>
        <isTransactional>false</isTransactional>
        <processTimingLevel isNull="true" />
        <participantRef isNull="true" />
        <exposedType isNull="true" />
        <isTrackingEnabled>true</isTrackingEnabled>
        <xmlData isNull="true" />
        <cachingType>false</cachingType>
        <itemLabel isNull="true" />
        <cacheLength>43200</cacheLength>
        <mobileReady>false</mobileReady>
        <sboSyncEnabled>true</sboSyncEnabled>
        <externalId isNull="true" />
        <isSecured>false</isSecured>
        <description>Allows an author create a SOAP request XML document, and sends it as a SOAP request. The SOAP response is returned directly as an XML document.  Optionally authenticates with the SOAP endpoint using HTTP Basic Authentication.</description>
        <guid>guid:12be50909032b80c:18f81ea7:11f41c537ad:-63e8</guid>
        <versionId>ef8fe15d-2ae9-41a8-9e9e-48ef0242b3ab</versionId>
        <dependencySummary isNull="true" />
        <processParameter name="wsdlURL">
            <lastModified isNull="true" />
            <lastModifiedBy isNull="true" />
            <processParameterId>2055.9edc7643-0c23-4d8e-8158-1fdea7ae2e4d</processParameterId>
            <processId>1.b5c87f00-d353-418a-8c93-4c9405ff035e</processId>
            <parameterType>1</parameterType>
            <isArrayOf>false</isArrayOf>
            <classId>/12.db884a3c-c533-44b7-bb2d-47bec8ad4022</classId>
            <seq>1</seq>
            <hasDefault>false</hasDefault>
            <defaultValue isNull="true" />
            <isLocked>false</isLocked>
            <description>The location of the WSDL</description>
            <guid>guid:12be50909032b80c:18f81ea7:11f41c537ad:-6361</guid>
            <versionId>b0a0708c-f365-4e3d-a3b0-746838f202a8</versionId>
        </processParameter>
        <processParameter name="serviceNS">
            <lastModified isNull="true" />
            <lastModifiedBy isNull="true" />
            <processParameterId>2055.234bbb53-57e7-4613-9e40-f5be4c4607dc</processParameterId>
            <processId>1.b5c87f00-d353-418a-8c93-4c9405ff035e</processId>
            <parameterType>1</parameterType>
            <isArrayOf>false</isArrayOf>
            <classId>/12.db884a3c-c533-44b7-bb2d-47bec8ad4022</classId>
            <seq>2</seq>
            <hasDefault>false</hasDefault>
            <defaultValue isNull="true" />
            <isLocked>false</isLocked>
            <description>The namespace of the service</description>
            <guid>guid:12be50909032b80c:18f81ea7:11f41c537ad:-6354</guid>
            <versionId>a9899827-2e14-4824-ab94-37102511a187</versionId>
        </processParameter>
        <processParameter name="serviceName">
            <lastModified isNull="true" />
            <lastModifiedBy isNull="true" />
            <processParameterId>2055.1ca69386-a949-4920-822d-4cf08c1bd710</processParameterId>
            <processId>1.b5c87f00-d353-418a-8c93-4c9405ff035e</processId>
            <parameterType>1</parameterType>
            <isArrayOf>false</isArrayOf>
            <classId>/12.db884a3c-c533-44b7-bb2d-47bec8ad4022</classId>
            <seq>3</seq>
            <hasDefault>false</hasDefault>
            <defaultValue isNull="true" />
            <isLocked>false</isLocked>
            <description>The name of the service</description>
            <guid>guid:12be50909032b80c:18f81ea7:11f41c537ad:-6353</guid>
            <versionId>86c380ac-38a1-4284-85eb-46427f9688a3</versionId>
        </processParameter>
        <processParameter name="destinationAddress">
            <lastModified isNull="true" />
            <lastModifiedBy isNull="true" />
            <processParameterId>2055.6ddfebf4-150f-486b-b6b2-27380119c597</processParameterId>
            <processId>1.b5c87f00-d353-418a-8c93-4c9405ff035e</processId>
            <parameterType>1</parameterType>
            <isArrayOf>false</isArrayOf>
            <classId>/12.db884a3c-c533-44b7-bb2d-47bec8ad4022</classId>
            <seq>4</seq>
            <hasDefault>false</hasDefault>
            <defaultValue isNull="true" />
            <isLocked>false</isLocked>
            <description>The destination endpoint address</description>
            <guid>guid:12be50909032b80c:18f81ea7:11f41c537ad:-6352</guid>
            <versionId>639ad091-c144-41ba-8cf0-b456ee233e55</versionId>
        </processParameter>
        <processParameter name="request">
            <lastModified isNull="true" />
            <lastModifiedBy isNull="true" />
            <processParameterId>2055.53032928-e347-4d75-b66b-5a86c83fddf1</processParameterId>
            <processId>1.b5c87f00-d353-418a-8c93-4c9405ff035e</processId>
            <parameterType>1</parameterType>
            <isArrayOf>false</isArrayOf>
            <classId>/12.8a176cc2-eebb-4310-a9c7-9bc62b3a8002</classId>
            <seq>5</seq>
            <hasDefault>false</hasDefault>
            <defaultValue isNull="true" />
            <isLocked>false</isLocked>
            <description>The request XML</description>
            <guid>guid:12be50909032b80c:18f81ea7:11f41c537ad:-6351</guid>
            <versionId>fc332f92-baa7-45f5-bf77-3fe84634accf</versionId>
        </processParameter>
        <processParameter name="soapAction">
            <lastModified isNull="true" />
            <lastModifiedBy isNull="true" />
            <processParameterId>2055.f245bd23-95c9-4d25-be3b-02ada30f0ecb</processParameterId>
            <processId>1.b5c87f00-d353-418a-8c93-4c9405ff035e</processId>
            <parameterType>1</parameterType>
            <isArrayOf>false</isArrayOf>
            <classId>/12.db884a3c-c533-44b7-bb2d-47bec8ad4022</classId>
            <seq>6</seq>
            <hasDefault>false</hasDefault>
            <defaultValue isNull="true" />
            <isLocked>false</isLocked>
            <description>The SOAP action</description>
            <guid>guid:12be50909032b80c:18f81ea7:11f41c537ad:-634d</guid>
            <versionId>a5b36de4-716e-44ed-956e-199ea1ef5677</versionId>
        </processParameter>
        <processParameter name="response">
            <lastModified isNull="true" />
            <lastModifiedBy isNull="true" />
            <processParameterId>2055.a2c6e123-5919-4e2c-b407-8fe33236ad46</processParameterId>
            <processId>1.b5c87f00-d353-418a-8c93-4c9405ff035e</processId>
            <parameterType>2</parameterType>
            <isArrayOf>false</isArrayOf>
            <classId>/12.8a176cc2-eebb-4310-a9c7-9bc62b3a8002</classId>
            <seq>7</seq>
            <hasDefault>false</hasDefault>
            <defaultValue isNull="true" />
            <isLocked>false</isLocked>
            <description>The response XML</description>
            <guid>guid:12be50909032b80c:18f81ea7:11f41c537ad:-634c</guid>
            <versionId>47b5172e-1f20-4a46-ba3e-ae708f83f164</versionId>
        </processParameter>
        <processParameter name="username">
            <lastModified isNull="true" />
            <lastModifiedBy isNull="true" />
            <processParameterId>2055.18799e50-4182-49ad-8ae9-2cc5e9246b0a</processParameterId>
            <processId>1.b5c87f00-d353-418a-8c93-4c9405ff035e</processId>
            <parameterType>1</parameterType>
            <isArrayOf>false</isArrayOf>
            <classId>/12.db884a3c-c533-44b7-bb2d-47bec8ad4022</classId>
            <seq>8</seq>
            <hasDefault>true</hasDefault>
            <defaultValue isNull="true" />
            <isLocked>false</isLocked>
            <description isNull="true" />
            <guid>guid:12be50909032b80c:18f81ea7:11f41c537ad:-6324</guid>
            <versionId>9e299594-390e-4580-aaef-4565d928585a</versionId>
        </processParameter>
        <processParameter name="password">
            <lastModified isNull="true" />
            <lastModifiedBy isNull="true" />
            <processParameterId>2055.e8f317a4-9653-446c-933f-db674f336b54</processParameterId>
            <processId>1.b5c87f00-d353-418a-8c93-4c9405ff035e</processId>
            <parameterType>1</parameterType>
            <isArrayOf>false</isArrayOf>
            <classId>/12.db884a3c-c533-44b7-bb2d-47bec8ad4022</classId>
            <seq>9</seq>
            <hasDefault>true</hasDefault>
            <defaultValue isNull="true" />
            <isLocked>false</isLocked>
            <description isNull="true" />
            <guid>guid:12be50909032b80c:18f81ea7:11f41c537ad:-6317</guid>
            <versionId>86dd64e5-ed03-4bbc-92f7-fb452cdb3fb7</versionId>
        </processParameter>
        <item>
            <lastModified isNull="true" />
            <lastModifiedBy isNull="true" />
            <processItemId>2025.089514ce-409b-4af5-ac05-110715800f1b</processItemId>
            <processId>1.b5c87f00-d353-418a-8c93-4c9405ff035e</processId>
            <name>Has Credentials?</name>
            <tWComponentName>Switch</tWComponentName>
            <tWComponentId>3013.962b8573-6cd8-4986-8526-97e7752d6db1</tWComponentId>
            <isLogEnabled>false</isLogEnabled>
            <isTraceEnabled>false</isTraceEnabled>
            <traceCategory isNull="true" />
            <traceLevel isNull="true" />
            <traceMessage isNull="true" />
            <traceSymbolTable isNull="true" />
            <isExecutionContextTraced>false</isExecutionContextTraced>
            <saveExecutionContext>false</saveExecutionContext>
            <documentation isNull="true" />
            <isErrorHandlerEnabled>false</isErrorHandlerEnabled>
            <errorHandlerItemId isNull="true" />
            <guid>guid:12be50909032b80c:18f81ea7:11f41c537ad:-639a</guid>
            <versionId>a75071c2-c084-489d-a6d2-6c141c73bb40</versionId>
            <layoutData x="89" y="100">
                <errorLink>
                    <controlPoints />
                    <showEndState>false</showEndState>
                    <showName>false</showName>
                </errorLink>
            </layoutData>
            <TWComponent>
                <lastModified isNull="true" />
                <lastModifiedBy isNull="true" />
                <switchId>3013.962b8573-6cd8-4986-8526-97e7752d6db1</switchId>
                <guid>guid:12be50909032b80c:18f81ea7:11f41c537ad:-639b</guid>
                <versionId>5608ac4c-9349-4f57-912c-9d2504baa930</versionId>
                <SwitchCondition>
                    <lastModified isNull="true" />
                    <lastModifiedBy isNull="true" />
                    <switchConditionId>3014.a597554a-7134-4082-bba4-7658b39bebd4</switchConditionId>
                    <switchId>3013.962b8573-6cd8-4986-8526-97e7752d6db1</switchId>
                    <seq>1</seq>
                    <endStateId>guid:12be50909032b80c:18f81ea7:11f41c537ad:-6394</endStateId>
                    <condition>tw.local.username != null &amp;&amp; tw.local.username.length &gt; 0</condition>
                    <guid>guid:12be50909032b80c:18f81ea7:11f41c537ad:-6395</guid>
                    <versionId>f5f18829-8f7f-43b2-bd8d-a4329e41cc8f</versionId>
                </SwitchCondition>
            </TWComponent>
        </item>
        <item>
            <lastModified isNull="true" />
            <lastModifiedBy isNull="true" />
            <processItemId>2025.d92ecb20-8233-42b6-9c7b-3d6da949e439</processItemId>
            <processId>1.b5c87f00-d353-418a-8c93-4c9405ff035e</processId>
            <name>End</name>
            <tWComponentName>ExitPoint</tWComponentName>
            <tWComponentId>3008.9632d577-39d3-42c1-bbc8-cf62ccd6845d</tWComponentId>
            <isLogEnabled>false</isLogEnabled>
            <isTraceEnabled>false</isTraceEnabled>
            <traceCategory isNull="true" />
            <traceLevel isNull="true" />
            <traceMessage isNull="true" />
            <traceSymbolTable isNull="true" />
            <isExecutionContextTraced>false</isExecutionContextTraced>
            <saveExecutionContext>true</saveExecutionContext>
            <documentation isNull="true" />
            <isErrorHandlerEnabled>false</isErrorHandlerEnabled>
            <errorHandlerItemId isNull="true" />
            <guid>guid:12be50909032b80c:18f81ea7:11f41c537ad:-63e6</guid>
            <versionId>aec1b513-f716-4cee-ae3d-18ef1b5b53f3</versionId>
            <layoutData x="321" y="100">
                <errorLink>
                    <controlPoints />
                    <showEndState>false</showEndState>
                    <showName>false</showName>
                </errorLink>
            </layoutData>
            <TWComponent>
                <lastModified isNull="true" />
                <lastModifiedBy isNull="true" />
                <exitPointId>3008.9632d577-39d3-42c1-bbc8-cf62ccd6845d</exitPointId>
                <haltProcess>false</haltProcess>
                <guid>guid:12be50909032b80c:18f81ea7:11f41c537ad:-63e5</guid>
                <versionId>1a2614d9-8ab7-4eb8-991f-de9bc1a6e4cc</versionId>
            </TWComponent>
        </item>
        <item>
            <lastModified isNull="true" />
            <lastModifiedBy isNull="true" />
            <processItemId>2025.045cd7ee-b666-4478-9391-1961c6258f04</processItemId>
            <processId>1.b5c87f00-d353-418a-8c93-4c9405ff035e</processId>
            <name>Call SOAP</name>
            <tWComponentName>JavaConnector</tWComponentName>
            <tWComponentId>3022.c1384abb-0840-4859-ba36-9fcab2035e50</tWComponentId>
            <isLogEnabled>false</isLogEnabled>
            <isTraceEnabled>false</isTraceEnabled>
            <traceCategory isNull="true" />
            <traceLevel isNull="true" />
            <traceMessage isNull="true" />
            <traceSymbolTable isNull="true" />
            <isExecutionContextTraced>false</isExecutionContextTraced>
            <saveExecutionContext>false</saveExecutionContext>
            <documentation isNull="true" />
            <isErrorHandlerEnabled>false</isErrorHandlerEnabled>
            <errorHandlerItemId isNull="true" />
            <guid>guid:12be50909032b80c:18f81ea7:11f41c537ad:-63a5</guid>
            <versionId>d05a2f68-797c-43d7-8fdb-b74986d0f3f1</versionId>
            <layoutData x="194" y="30">
                <errorLink>
                    <controlPoints />
                    <showEndState>false</showEndState>
                    <showName>false</showName>
                </errorLink>
            </layoutData>
            <TWComponent>
                <lastModified isNull="true" />
                <lastModifiedBy isNull="true" />
                <javaConnectorId>3022.c1384abb-0840-4859-ba36-9fcab2035e50</javaConnectorId>
                <definition>&lt;connector&gt;
  &lt;javaClassName&gt;teamworks.SOAPMessageConnector&lt;/javaClassName&gt;
  &lt;methodName&gt;callWebService&lt;/methodName&gt;
  &lt;inputRecord&gt;
    &lt;element type="java.lang.String" nativeType="java.lang.String" parameter="Parameter 0" argument="tw.local.wsdlURL" description="Parameter 1" /&gt;
    &lt;element type="java.lang.String" nativeType="java.lang.String" parameter="Parameter 1" argument="tw.local.serviceNS" description="Parameter 2" /&gt;
    &lt;element type="java.lang.String" nativeType="java.lang.String" parameter="Parameter 2" argument="tw.local.serviceName" description="Parameter 3" /&gt;
    &lt;element type="java.lang.String" nativeType="java.lang.String" parameter="Parameter 3" argument="tw.local.destinationAddress" description="Parameter 4" /&gt;
    &lt;element type="java.lang.String" nativeType="java.lang.String" parameter="Parameter 4" argument="tw.local.request.toString(true)" description="Parameter 5" /&gt;
    &lt;element type="java.lang.String" nativeType="java.lang.String" parameter="Parameter 5" argument="tw.local.soapAction" description="Parameter 6" /&gt;
  &lt;/inputRecord&gt;
  &lt;outputRecord&gt;
    &lt;element type="java.lang.String" nativeType="java.lang.String" parameter="Return Value" argument="tw.local.response" description="" /&gt;
  &lt;/outputRecord&gt;
&lt;/connector&gt;</definition>
                <guid>guid:12be50909032b80c:18f81ea7:11f41c537ad:-63a6</guid>
                <versionId>bcf9b2d3-80f1-4f73-9de4-0c8a46d96f93</versionId>
            </TWComponent>
        </item>
        <item>
            <lastModified isNull="true" />
            <lastModifiedBy isNull="true" />
            <processItemId>2025.56330d1f-9e39-41c0-bc70-2c19a0bab943</processItemId>
            <processId>1.b5c87f00-d353-418a-8c93-4c9405ff035e</processId>
            <name>Call SOAP w/Auth</name>
            <tWComponentName>JavaConnector</tWComponentName>
            <tWComponentId>3022.4a50f791-2f34-41e7-934e-279de6a325c8</tWComponentId>
            <isLogEnabled>false</isLogEnabled>
            <isTraceEnabled>false</isTraceEnabled>
            <traceCategory isNull="true" />
            <traceLevel isNull="true" />
            <traceMessage isNull="true" />
            <traceSymbolTable isNull="true" />
            <isExecutionContextTraced>false</isExecutionContextTraced>
            <saveExecutionContext>false</saveExecutionContext>
            <documentation isNull="true" />
            <isErrorHandlerEnabled>false</isErrorHandlerEnabled>
            <errorHandlerItemId isNull="true" />
            <guid>guid:12be50909032b80c:18f81ea7:11f41c537ad:-639e</guid>
            <versionId>d0cfc411-0a8e-4562-9171-4f98f27c409a</versionId>
            <layoutData x="194" y="136">
                <errorLink>
                    <controlPoints />
                    <showEndState>false</showEndState>
                    <showName>false</showName>
                </errorLink>
            </layoutData>
            <TWComponent>
                <lastModified isNull="true" />
                <lastModifiedBy isNull="true" />
                <javaConnectorId>3022.4a50f791-2f34-41e7-934e-279de6a325c8</javaConnectorId>
                <definition>&lt;connector&gt;
  &lt;javaClassName&gt;teamworks.SOAPMessageConnector&lt;/javaClassName&gt;
  &lt;methodName&gt;callWebService&lt;/methodName&gt;
  &lt;inputRecord&gt;
    &lt;element type="java.lang.String" nativeType="java.lang.String" parameter="Parameter 0" argument="tw.local.wsdlURL" description="Parameter 1" /&gt;
    &lt;element type="java.lang.String" nativeType="java.lang.String" parameter="Parameter 1" argument="tw.local.serviceNS" description="Parameter 2" /&gt;
    &lt;element type="java.lang.String" nativeType="java.lang.String" parameter="Parameter 2" argument="tw.local.serviceName" description="Parameter 3" /&gt;
    &lt;element type="java.lang.String" nativeType="java.lang.String" parameter="Parameter 3" argument="tw.local.destinationAddress" description="Parameter 4" /&gt;
    &lt;element type="java.lang.String" nativeType="java.lang.String" parameter="Parameter 4" argument="tw.local.request.toString(true)" description="Parameter 5" /&gt;
    &lt;element type="java.lang.String" nativeType="java.lang.String" parameter="Parameter 5" argument="tw.local.soapAction" description="Parameter 6" /&gt;
    &lt;element type="java.lang.String" nativeType="java.lang.String" parameter="Parameter 6" argument="tw.local.username" description="Parameter 7" /&gt;
    &lt;element type="java.lang.String" nativeType="java.lang.String" parameter="Parameter 7" argument="tw.local.password" description="Parameter 8" /&gt;
  &lt;/inputRecord&gt;
  &lt;outputRecord&gt;
    &lt;element type="java.lang.String" nativeType="java.lang.String" parameter="Return Value" argument="tw.local.response" description="" /&gt;
  &lt;/outputRecord&gt;
&lt;/connector&gt;</definition>
                <guid>guid:12be50909032b80c:18f81ea7:11f41c537ad:-639f</guid>
                <versionId>a15e0e21-d9b6-4fd0-bfd3-1ab91dc9645e</versionId>
            </TWComponent>
        </item>
        <startingProcessItemId>2025.089514ce-409b-4af5-ac05-110715800f1b</startingProcessItemId>
        <errorHandlerItemId isNull="true" />
        <layoutData noConversion="true">
            <errorLink>
                <controlPoints />
                <showEndState>false</showEndState>
                <showName>false</showName>
            </errorLink>
        </layoutData>
        <startPoint>
            <layoutData x="20" y="100">
                <errorLink>
                    <controlPoints />
                    <showEndState>false</showEndState>
                    <showName>false</showName>
                </errorLink>
            </layoutData>
        </startPoint>
        <startLink>
            <fromPort locationId="rightCenter" portType="1" />
            <toPort locationId="leftCenter" portType="2" />
            <layoutData>
                <controlPoints />
                <showEndState>false</showEndState>
                <showName>false</showName>
            </layoutData>
        </startLink>
        <link name="Untitled">
            <lastModified isNull="true" />
            <lastModifiedBy isNull="true" />
            <processLinkId>2027.3982d1e9-e4d8-4a9b-b108-0c96b53adf82</processLinkId>
            <processId>1.b5c87f00-d353-418a-8c93-4c9405ff035e</processId>
            <description isNull="true" />
            <fromProcessItemId>2025.045cd7ee-b666-4478-9391-1961c6258f04</fromProcessItemId>
            <endStateId>Out</endStateId>
            <toProcessItemId>2025.d92ecb20-8233-42b6-9c7b-3d6da949e439</toProcessItemId>
            <guid>guid:12be50909032b80c:18f81ea7:11f41c537ad:-6392</guid>
            <versionId>54e198e7-5572-47b8-a4cc-20345f1f0834</versionId>
            <layoutData>
                <controlPoints />
                <showEndState>false</showEndState>
                <showName>false</showName>
            </layoutData>
            <fromItemPort locationId="rightCenter" portType="1" />
            <toItemPort locationId="leftCenter" portType="2" />
            <fromProcessItemId>2025.045cd7ee-b666-4478-9391-1961c6258f04</fromProcessItemId>
            <toProcessItemId>2025.d92ecb20-8233-42b6-9c7b-3d6da949e439</toProcessItemId>
        </link>
        <link name="Yes">
            <lastModified isNull="true" />
            <lastModifiedBy isNull="true" />
            <processLinkId>2027.61643d01-5ef5-41ef-b615-2df72b013839</processLinkId>
            <processId>1.b5c87f00-d353-418a-8c93-4c9405ff035e</processId>
            <description isNull="true" />
            <fromProcessItemId>2025.089514ce-409b-4af5-ac05-110715800f1b</fromProcessItemId>
            <endStateId>guid:12be50909032b80c:18f81ea7:11f41c537ad:-6394</endStateId>
            <toProcessItemId>2025.56330d1f-9e39-41c0-bc70-2c19a0bab943</toProcessItemId>
            <guid>guid:12be50909032b80c:18f81ea7:11f41c537ad:-6393</guid>
            <versionId>6bf81aa7-5556-427f-a12f-3f86873a2b62</versionId>
            <layoutData>
                <controlPoints />
                <showEndState>false</showEndState>
                <showName>true</showName>
            </layoutData>
            <fromItemPort locationId="rightCenter" portType="1" />
            <toItemPort locationId="leftCenter" portType="2" />
            <fromProcessItemId>2025.089514ce-409b-4af5-ac05-110715800f1b</fromProcessItemId>
            <toProcessItemId>2025.56330d1f-9e39-41c0-bc70-2c19a0bab943</toProcessItemId>
        </link>
        <link name="Untitled">
            <lastModified isNull="true" />
            <lastModifiedBy isNull="true" />
            <processLinkId>2027.d03aa3b8-af62-42db-810e-7dee15f43130</processLinkId>
            <processId>1.b5c87f00-d353-418a-8c93-4c9405ff035e</processId>
            <description isNull="true" />
            <fromProcessItemId>2025.56330d1f-9e39-41c0-bc70-2c19a0bab943</fromProcessItemId>
            <endStateId>Out</endStateId>
            <toProcessItemId>2025.d92ecb20-8233-42b6-9c7b-3d6da949e439</toProcessItemId>
            <guid>guid:12be50909032b80c:18f81ea7:11f41c537ad:-6391</guid>
            <versionId>8fd10fa5-4107-4531-9952-8280c9dbe17c</versionId>
            <layoutData>
                <controlPoints />
                <showEndState>false</showEndState>
                <showName>false</showName>
            </layoutData>
            <fromItemPort locationId="rightCenter" portType="1" />
            <toItemPort locationId="leftCenter" portType="2" />
            <fromProcessItemId>2025.56330d1f-9e39-41c0-bc70-2c19a0bab943</fromProcessItemId>
            <toProcessItemId>2025.d92ecb20-8233-42b6-9c7b-3d6da949e439</toProcessItemId>
        </link>
        <link name="No">
            <lastModified isNull="true" />
            <lastModifiedBy isNull="true" />
            <processLinkId>2027.63fd26e1-cc8c-432f-b42b-e366b5cb17b8</processLinkId>
            <processId>1.b5c87f00-d353-418a-8c93-4c9405ff035e</processId>
            <description isNull="true" />
            <fromProcessItemId>2025.089514ce-409b-4af5-ac05-110715800f1b</fromProcessItemId>
            <endStateId>DEFAULT</endStateId>
            <toProcessItemId>2025.045cd7ee-b666-4478-9391-1961c6258f04</toProcessItemId>
            <guid>guid:12be50909032b80c:18f81ea7:11f41c537ad:-6396</guid>
            <versionId>a071b542-45db-440c-83a9-2e9666042255</versionId>
            <layoutData>
                <controlPoints />
                <showEndState>false</showEndState>
                <showName>true</showName>
            </layoutData>
            <fromItemPort locationId="rightCenter" portType="1" />
            <toItemPort locationId="leftCenter" portType="2" />
            <fromProcessItemId>2025.089514ce-409b-4af5-ac05-110715800f1b</fromProcessItemId>
            <toProcessItemId>2025.045cd7ee-b666-4478-9391-1961c6258f04</toProcessItemId>
        </link>
    </process>
</teamworks>

