<?xml version="1.0" encoding="UTF-8"?>
<teamworks>
    <process id="1.c3f58885-df06-4efc-bdef-2efd08af6ae6" name="SQL Clob to File">
        <lastModified>1361372673512</lastModified>
        <lastModifiedBy>Internal TW Admin user</lastModifiedBy>
        <processId>1.c3f58885-df06-4efc-bdef-2efd08af6ae6</processId>
        <image isNull="true" />
        <tabGroup isNull="true" />
        <startingProcessItemId>2025.0b14b5e4-ae22-4241-9ac6-8afbea6c8084</startingProcessItemId>
        <isRootProcess>false</isRootProcess>
        <processType>4</processType>
        <isErrorHandlerEnabled>false</isErrorHandlerEnabled>
        <errorHandlerItemId isNull="true" />
        <isLoggingVariables>false</isLoggingVariables>
        <isTransactional>false</isTransactional>
        <processTimingLevel isNull="true" />
        <participantRef isNull="true" />
        <exposedType isNull="true" />
        <isTrackingEnabled>true</isTrackingEnabled>
        <xmlData isNull="true" />
        <cachingType>false</cachingType>
        <itemLabel isNull="true" />
        <cacheLength>43200</cacheLength>
        <mobileReady>false</mobileReady>
        <sboSyncEnabled>true</sboSyncEnabled>
        <externalId isNull="true" />
        <isSecured>false</isSecured>
        <description>Reads a CLOB (using streams) from a database using the provided SQL statement and writes it to a file and returns the size of the CLOB in characters.
        
Note: the service will write the first result from the SQL statement into the file; it is the caller responsibility to ensure that the SQL statement will return a single result when needed.</description>
        <guid>guid:77a8b4ba28edc846:9d544eb:115aa79594a:-7ff7</guid>
        <versionId>6576634b-bbec-454a-a671-d0bb0e18c712</versionId>
        <dependencySummary isNull="true" />
        <processParameter name="sql">
            <lastModified isNull="true" />
            <lastModifiedBy isNull="true" />
            <processParameterId>2055.3ec62a0e-b8dd-433c-9f09-1ef0eef265ec</processParameterId>
            <processId>1.c3f58885-df06-4efc-bdef-2efd08af6ae6</processId>
            <parameterType>1</parameterType>
            <isArrayOf>false</isArrayOf>
            <classId>/12.db884a3c-c533-44b7-bb2d-47bec8ad4022</classId>
            <seq>2</seq>
            <hasDefault>false</hasDefault>
            <defaultValue isNull="true" />
            <isLocked>false</isLocked>
            <description isNull="true" />
            <guid>guid:197d4ddc90fc5427:-1c619ffe:11def1582ed:-796f</guid>
            <versionId>dee3721b-5e1a-4109-a415-1a08de58efd3</versionId>
        </processParameter>
        <processParameter name="parameters">
            <lastModified isNull="true" />
            <lastModifiedBy isNull="true" />
            <processParameterId>2055.fcbad485-5ba3-4a4b-bd50-9118736f648e</processParameterId>
            <processId>1.c3f58885-df06-4efc-bdef-2efd08af6ae6</processId>
            <parameterType>1</parameterType>
            <isArrayOf>true</isArrayOf>
            <classId>/12.f453f500-ca4e-4264-a371-72c1892e8b7c</classId>
            <seq>3</seq>
            <hasDefault>true</hasDefault>
            <defaultValue>null</defaultValue>
            <isLocked>false</isLocked>
            <description isNull="true" />
            <guid>guid:197d4ddc90fc5427:-1c619ffe:11def1582ed:-796d</guid>
            <versionId>49113c8d-5c95-4ce0-99be-05015001e655</versionId>
        </processParameter>
        <processParameter name="maxRows">
            <lastModified isNull="true" />
            <lastModifiedBy isNull="true" />
            <processParameterId>2055.178f5f54-41b8-412a-99eb-d86eb3a5238c</processParameterId>
            <processId>1.c3f58885-df06-4efc-bdef-2efd08af6ae6</processId>
            <parameterType>1</parameterType>
            <isArrayOf>false</isArrayOf>
            <classId>/12.3fa0d7a0-828a-4d60-99cc-db5ed143fc2d</classId>
            <seq>4</seq>
            <hasDefault>true</hasDefault>
            <defaultValue>-1</defaultValue>
            <isLocked>false</isLocked>
            <description isNull="true" />
            <guid>guid:197d4ddc90fc5427:-1c619ffe:11def1582ed:-796b</guid>
            <versionId>b5728f1f-398b-4081-b00f-bb585c873e51</versionId>
        </processParameter>
        <processParameter name="clobOutputIndex">
            <lastModified isNull="true" />
            <lastModifiedBy isNull="true" />
            <processParameterId>2055.dc3b6eef-653a-4bed-b223-0afa2cdf210f</processParameterId>
            <processId>1.c3f58885-df06-4efc-bdef-2efd08af6ae6</processId>
            <parameterType>1</parameterType>
            <isArrayOf>false</isArrayOf>
            <classId>/12.3fa0d7a0-828a-4d60-99cc-db5ed143fc2d</classId>
            <seq>5</seq>
            <hasDefault>false</hasDefault>
            <defaultValue isNull="true" />
            <isLocked>false</isLocked>
            <description isNull="true" />
            <guid>guid:197d4ddc90fc5427:-1c619ffe:11def1582ed:-7969</guid>
            <versionId>30eef0a7-944c-4b9b-b5cc-4a631337b00f</versionId>
        </processParameter>
        <processParameter name="outputFilePath">
            <lastModified isNull="true" />
            <lastModifiedBy isNull="true" />
            <processParameterId>2055.c25b8dd8-7009-4bc1-ad0d-17c229383477</processParameterId>
            <processId>1.c3f58885-df06-4efc-bdef-2efd08af6ae6</processId>
            <parameterType>1</parameterType>
            <isArrayOf>false</isArrayOf>
            <classId>/12.db884a3c-c533-44b7-bb2d-47bec8ad4022</classId>
            <seq>6</seq>
            <hasDefault>false</hasDefault>
            <defaultValue isNull="true" />
            <isLocked>false</isLocked>
            <description isNull="true" />
            <guid>guid:197d4ddc90fc5427:-1c619ffe:11def1582ed:-7967</guid>
            <versionId>d5b00367-91a3-43c5-ae17-24d62c666671</versionId>
        </processParameter>
        <processParameter name="characterEncoding">
            <lastModified isNull="true" />
            <lastModifiedBy isNull="true" />
            <processParameterId>2055.35171925-65f6-4f74-8cfe-8feeab9be3e6</processParameterId>
            <processId>1.c3f58885-df06-4efc-bdef-2efd08af6ae6</processId>
            <parameterType>1</parameterType>
            <isArrayOf>false</isArrayOf>
            <classId>/12.db884a3c-c533-44b7-bb2d-47bec8ad4022</classId>
            <seq>7</seq>
            <hasDefault>false</hasDefault>
            <defaultValue isNull="true" />
            <isLocked>false</isLocked>
            <description isNull="true" />
            <guid>guid:197d4ddc90fc5427:-1c619ffe:11def1582ed:-7965</guid>
            <versionId>1232508e-e09c-475f-9938-826f39f4b69a</versionId>
        </processParameter>
        <processParameter name="clobSize">
            <lastModified isNull="true" />
            <lastModifiedBy isNull="true" />
            <processParameterId>2055.0aff63af-9dbd-4f4d-b58d-1663b8f137b0</processParameterId>
            <processId>1.c3f58885-df06-4efc-bdef-2efd08af6ae6</processId>
            <parameterType>2</parameterType>
            <isArrayOf>false</isArrayOf>
            <classId>/12.3fa0d7a0-828a-4d60-99cc-db5ed143fc2d</classId>
            <seq>8</seq>
            <hasDefault>false</hasDefault>
            <defaultValue isNull="true" />
            <isLocked>false</isLocked>
            <description isNull="true" />
            <guid>guid:197d4ddc90fc5427:-1c619ffe:11def1582ed:-7963</guid>
            <versionId>e7275493-7eea-4239-9949-7182f0d6bc1e</versionId>
        </processParameter>
        <processParameter name="appendToOutputFile">
            <lastModified isNull="true" />
            <lastModifiedBy isNull="true" />
            <processParameterId>2055.f27ec7b8-f3bc-4012-86e1-ba1adbdc87d1</processParameterId>
            <processId>1.c3f58885-df06-4efc-bdef-2efd08af6ae6</processId>
            <parameterType>1</parameterType>
            <isArrayOf>false</isArrayOf>
            <classId>/12.83ff975e-8dbc-42e5-b738-fa8bc08274a2</classId>
            <seq>9</seq>
            <hasDefault>true</hasDefault>
            <defaultValue>false</defaultValue>
            <isLocked>false</isLocked>
            <description isNull="true" />
            <guid>guid:197d4ddc90fc5427:-1c619ffe:11def1582ed:-7961</guid>
            <versionId>a52fa34c-d3ce-4a9d-93ae-edce22f8b36f</versionId>
        </processParameter>
        <processParameter name="dataSourceName">
            <lastModified isNull="true" />
            <lastModifiedBy isNull="true" />
            <processParameterId>2055.4d2e1a1d-2fa4-46d6-85db-ada23a13f5d4</processParameterId>
            <processId>1.c3f58885-df06-4efc-bdef-2efd08af6ae6</processId>
            <parameterType>1</parameterType>
            <isArrayOf>false</isArrayOf>
            <classId>/12.db884a3c-c533-44b7-bb2d-47bec8ad4022</classId>
            <seq>10</seq>
            <hasDefault>true</hasDefault>
            <defaultValue>"jdbc/TeamWorksDB"</defaultValue>
            <isLocked>false</isLocked>
            <description isNull="true" />
            <guid>guid:197d4ddc90fc5427:-1c619ffe:11def1582ed:-795f</guid>
            <versionId>6ddea38d-53a3-4f3f-9f4b-b511bd111284</versionId>
        </processParameter>
        <item>
            <lastModified isNull="true" />
            <lastModifiedBy isNull="true" />
            <processItemId>2025.0b14b5e4-ae22-4241-9ac6-8afbea6c8084</processItemId>
            <processId>1.c3f58885-df06-4efc-bdef-2efd08af6ae6</processId>
            <name>Write Clob to File</name>
            <tWComponentName>JavaConnector</tWComponentName>
            <tWComponentId>3022.b274ef6e-49d9-4261-9503-15c78f066a9c</tWComponentId>
            <isLogEnabled>false</isLogEnabled>
            <isTraceEnabled>false</isTraceEnabled>
            <traceCategory isNull="true" />
            <traceLevel isNull="true" />
            <traceMessage isNull="true" />
            <traceSymbolTable isNull="true" />
            <isExecutionContextTraced>false</isExecutionContextTraced>
            <saveExecutionContext>false</saveExecutionContext>
            <documentation isNull="true" />
            <isErrorHandlerEnabled>false</isErrorHandlerEnabled>
            <errorHandlerItemId isNull="true" />
            <guid>guid:12be50909032b80c:18f81ea7:11f41c537ad:-7be5</guid>
            <versionId>b399469b-9909-4970-99b1-da8db4d73d73</versionId>
            <layoutData x="153" y="85">
                <errorLink>
                    <controlPoints />
                    <showEndState>false</showEndState>
                    <showName>false</showName>
                </errorLink>
            </layoutData>
            <TWComponent>
                <lastModified isNull="true" />
                <lastModifiedBy isNull="true" />
                <javaConnectorId>3022.b274ef6e-49d9-4261-9503-15c78f066a9c</javaConnectorId>
                <definition>&lt;connector&gt;
  &lt;javaClassName&gt;teamworks.SQLConnector&lt;/javaClassName&gt;
  &lt;methodName&gt;clobToFileFlat&lt;/methodName&gt;
  &lt;inputRecord&gt;
    &lt;element type="java.lang.String" nativeType="java.lang.String" parameter="Parameter 0" argument="tw.local.sql" description="SQL Statement (String)" /&gt;
    &lt;element type="teamworks.TWList" nativeType="teamworks.TWList" parameter="Parameter 1" argument="tw.local.parameters" description="Parameter List (TWList)" /&gt;
    &lt;element type="java.lang.Integer" nativeType="java.lang.Integer" parameter="Parameter 2" argument="tw.local.maxRows" description="Max Rows (Integer)" /&gt;
    &lt;element type="java.lang.Integer" nativeType="int" parameter="Parameter 3" argument="tw.local.clobOutputIndex" description="Clob Output Index" /&gt;
    &lt;element type="java.lang.String" nativeType="java.lang.String" parameter="Parameter 4" argument="tw.local.outputFilePath" description="Output File Path" /&gt;
    &lt;element type="java.lang.String" nativeType="java.lang.String" parameter="Parameter 5" argument="tw.local.characterEncoding" description="Character Encoding" /&gt;
    &lt;element type="java.lang.Boolean" nativeType="boolean" parameter="Parameter 6" argument="tw.local.appendToOutputFile" description="Append to Output File" /&gt;
    &lt;element type="java.lang.String" nativeType="java.lang.String" parameter="Parameter 7" argument="tw.local.dataSourceName" description="JNDI DataSource Name" /&gt;
  &lt;/inputRecord&gt;
  &lt;outputRecord&gt;
    &lt;element type="java.lang.Integer" nativeType="int" parameter="Return Value" argument="tw.local.clobSize" description="" /&gt;
  &lt;/outputRecord&gt;
&lt;/connector&gt;</definition>
                <guid>guid:12be50909032b80c:18f81ea7:11f41c537ad:-7be6</guid>
                <versionId>9000b2ec-eed4-443e-9e86-d206cd8d3d23</versionId>
            </TWComponent>
        </item>
        <item>
            <lastModified isNull="true" />
            <lastModifiedBy isNull="true" />
            <processItemId>2025.fe833e05-3531-40f8-91e2-bd89190d3b8f</processItemId>
            <processId>1.c3f58885-df06-4efc-bdef-2efd08af6ae6</processId>
            <name>End</name>
            <tWComponentName>ExitPoint</tWComponentName>
            <tWComponentId>3008.94e2fe0f-ec4d-41ea-abf2-afd5b25294ef</tWComponentId>
            <isLogEnabled>false</isLogEnabled>
            <isTraceEnabled>false</isTraceEnabled>
            <traceCategory isNull="true" />
            <traceLevel isNull="true" />
            <traceMessage isNull="true" />
            <traceSymbolTable isNull="true" />
            <isExecutionContextTraced>false</isExecutionContextTraced>
            <saveExecutionContext>true</saveExecutionContext>
            <documentation isNull="true" />
            <isErrorHandlerEnabled>false</isErrorHandlerEnabled>
            <errorHandlerItemId isNull="true" />
            <guid>guid:77a8b4ba28edc846:9d544eb:115aa79594a:-7ff6</guid>
            <versionId>c5714feb-af91-45f7-b5a8-f472d0ef8b69</versionId>
            <layoutData x="327" y="100">
                <errorLink>
                    <controlPoints />
                    <showEndState>false</showEndState>
                    <showName>false</showName>
                </errorLink>
            </layoutData>
            <TWComponent>
                <lastModified isNull="true" />
                <lastModifiedBy isNull="true" />
                <exitPointId>3008.94e2fe0f-ec4d-41ea-abf2-afd5b25294ef</exitPointId>
                <haltProcess>false</haltProcess>
                <guid>guid:197d4ddc90fc5427:-1c619ffe:11def1582ed:-795b</guid>
                <versionId>58cedbaf-e81f-4f24-aa8b-f18ce4e3e11f</versionId>
            </TWComponent>
        </item>
        <startingProcessItemId>2025.0b14b5e4-ae22-4241-9ac6-8afbea6c8084</startingProcessItemId>
        <errorHandlerItemId isNull="true" />
        <layoutData noConversion="true">
            <errorLink>
                <controlPoints />
                <showEndState>false</showEndState>
                <showName>false</showName>
            </errorLink>
        </layoutData>
        <startPoint>
            <layoutData x="20" y="100">
                <errorLink>
                    <controlPoints />
                    <showEndState>false</showEndState>
                    <showName>false</showName>
                </errorLink>
            </layoutData>
        </startPoint>
        <startLink>
            <fromPort locationId="rightCenter" portType="1" />
            <toPort locationId="leftCenter" portType="2" />
            <layoutData>
                <controlPoints />
                <showEndState>false</showEndState>
                <showName>false</showName>
            </layoutData>
        </startLink>
        <link name="Untitled">
            <lastModified isNull="true" />
            <lastModifiedBy isNull="true" />
            <processLinkId>2027.0e7d5b8b-6683-49cf-9568-b4ad8e3fee36</processLinkId>
            <processId>1.c3f58885-df06-4efc-bdef-2efd08af6ae6</processId>
            <description isNull="true" />
            <fromProcessItemId>2025.0b14b5e4-ae22-4241-9ac6-8afbea6c8084</fromProcessItemId>
            <endStateId>Out</endStateId>
            <toProcessItemId>2025.fe833e05-3531-40f8-91e2-bd89190d3b8f</toProcessItemId>
            <guid>guid:12be50909032b80c:18f81ea7:11f41c537ad:-7bde</guid>
            <versionId>b4bb925b-bd82-49bb-b6f4-dfc672ca3658</versionId>
            <layoutData>
                <controlPoints />
                <showEndState>false</showEndState>
                <showName>false</showName>
            </layoutData>
            <fromItemPort locationId="rightCenter" portType="1" />
            <toItemPort locationId="leftCenter" portType="2" />
            <fromProcessItemId>2025.0b14b5e4-ae22-4241-9ac6-8afbea6c8084</fromProcessItemId>
            <toProcessItemId>2025.fe833e05-3531-40f8-91e2-bd89190d3b8f</toProcessItemId>
        </link>
    </process>
</teamworks>

