<?xml version="1.0" encoding="UTF-8"?>
<teamworks>
    <process id="1.d8258e39-21b1-4c46-86ae-a778191d3870" name="Fire Default BPD Event">
        <lastModified>1361372673512</lastModified>
        <lastModifiedBy>Internal TW Admin user</lastModifiedBy>
        <processId>1.d8258e39-21b1-4c46-86ae-a778191d3870</processId>
        <image isNull="true" />
        <tabGroup isNull="true" />
        <startingProcessItemId>2025.1c253046-7a72-49c3-bc80-9a75b75d85b1</startingProcessItemId>
        <isRootProcess>false</isRootProcess>
        <processType>3</processType>
        <isErrorHandlerEnabled>false</isErrorHandlerEnabled>
        <errorHandlerItemId isNull="true" />
        <isLoggingVariables>false</isLoggingVariables>
        <isTransactional>false</isTransactional>
        <processTimingLevel isNull="true" />
        <participantRef isNull="true" />
        <exposedType isNull="true" />
        <isTrackingEnabled>true</isTrackingEnabled>
        <xmlData isNull="true" />
        <cachingType>false</cachingType>
        <itemLabel isNull="true" />
        <cacheLength>43200</cacheLength>
        <mobileReady>false</mobileReady>
        <sboSyncEnabled>true</sboSyncEnabled>
        <externalId isNull="true" />
        <isSecured>false</isSecured>
        <description isNull="true" />
        <guid>guid:1834ad1ced21c429:201b912:1064bd1f711:-7fff</guid>
        <versionId>af1a7782-4e40-4be2-bbc7-d6998c0dd51c</versionId>
        <dependencySummary isNull="true" />
        <processVariable name="correlationKey">
            <lastModified isNull="true" />
            <lastModifiedBy isNull="true" />
            <processVariableId>2056.339417bd-eb8c-4166-b356-fe32c180b516</processVariableId>
            <description isNull="true" />
            <processId>1.d8258e39-21b1-4c46-86ae-a778191d3870</processId>
            <namespace>2</namespace>
            <seq>1</seq>
            <isArrayOf>false</isArrayOf>
            <classId>/12.db884a3c-c533-44b7-bb2d-47bec8ad4022</classId>
            <hasDefault>true</hasDefault>
            <defaultValue>""</defaultValue>
            <guid>guid:197d4ddc90fc5427:-1c619ffe:11def1582ed:-7b42</guid>
            <versionId>3f6d2b2c-f593-4957-9b66-4b1491fd5350</versionId>
        </processVariable>
        <processVariable name="value">
            <lastModified isNull="true" />
            <lastModifiedBy isNull="true" />
            <processVariableId>2056.e06ba433-0e1e-40da-8f95-fa766de88942</processVariableId>
            <description isNull="true" />
            <processId>1.d8258e39-21b1-4c46-86ae-a778191d3870</processId>
            <namespace>2</namespace>
            <seq>2</seq>
            <isArrayOf>false</isArrayOf>
            <classId>/12.db884a3c-c533-44b7-bb2d-47bec8ad4022</classId>
            <hasDefault>true</hasDefault>
            <defaultValue>""</defaultValue>
            <guid>guid:197d4ddc90fc5427:-1c619ffe:11def1582ed:-7b40</guid>
            <versionId>2aac9acb-8fb9-47a1-a788-140f04670b38</versionId>
        </processVariable>
        <item>
            <lastModified isNull="true" />
            <lastModifiedBy isNull="true" />
            <processItemId>2025.46be0627-df6a-4a2e-8cfa-764dfd5cbb3a</processItemId>
            <processId>1.d8258e39-21b1-4c46-86ae-a778191d3870</processId>
            <name>Fire Default BPD Event</name>
            <tWComponentName>InvokeUca</tWComponentName>
            <tWComponentId>3009.a738cd28-710b-43d7-ae06-3ab106b85dc0</tWComponentId>
            <isLogEnabled>false</isLogEnabled>
            <isTraceEnabled>false</isTraceEnabled>
            <traceCategory isNull="true" />
            <traceLevel isNull="true" />
            <traceMessage isNull="true" />
            <traceSymbolTable isNull="true" />
            <isExecutionContextTraced>false</isExecutionContextTraced>
            <saveExecutionContext>false</saveExecutionContext>
            <documentation isNull="true" />
            <isErrorHandlerEnabled>false</isErrorHandlerEnabled>
            <errorHandlerItemId isNull="true" />
            <guid>guid:1834ad1ced21c429:201b912:1064bd1f711:-7ffd</guid>
            <versionId>8f49cfa4-c0de-4801-8729-136740ec5bbf</versionId>
            <layoutData x="350" y="31">
                <errorLink>
                    <controlPoints />
                    <showEndState>false</showEndState>
                    <showName>false</showName>
                </errorLink>
            </layoutData>
            <TWComponent>
                <lastModified isNull="true" />
                <lastModifiedBy isNull="true" />
                <invokeUcaId>3009.a738cd28-710b-43d7-ae06-3ab106b85dc0</invokeUcaId>
                <isUcaActive>true</isUcaActive>
                <ucaRef>/4.3a0b461b-344b-499a-8e97-3cc5f3e26c11</ucaRef>
                <triggerTargetInSnapshotCtx>false</triggerTargetInSnapshotCtx>
                <guid>guid:197d4ddc90fc5427:-1c619ffe:11def1582ed:-7b3c</guid>
                <versionId>1ccda8f2-e798-4901-b219-72973d9379b8</versionId>
                <parameterMapping name="value">
                    <lastModified isNull="true" />
                    <lastModifiedBy isNull="true" />
                    <parameterMappingId>2054.b43e751b-5b0b-4f84-b8f5-a22ae4ab2851</parameterMappingId>
                    <processParameterId>2055.6848a6ba-8453-47d6-82dd-4834e11c3e2d</processParameterId>
                    <parameterMappingParentId>3009.a738cd28-710b-43d7-ae06-3ab106b85dc0</parameterMappingParentId>
                    <useDefault>false</useDefault>
                    <value>tw.local.value</value>
                    <classRef>/12.db884a3c-c533-44b7-bb2d-47bec8ad4022</classRef>
                    <isList>false</isList>
                    <isInput>true</isInput>
                    <guid>guid:197d4ddc90fc5427:-1c619ffe:11def1582ed:-7b32</guid>
                    <versionId>e0224cc4-aa3f-4689-a088-08d248715501</versionId>
                    <description isNull="true" />
                </parameterMapping>
                <parameterMapping name="value">
                    <lastModified isNull="true" />
                    <lastModifiedBy isNull="true" />
                    <parameterMappingId>2054.e6d55f0f-cf6a-4717-b7de-b9f83f392206</parameterMappingId>
                    <processParameterId>2055.763de4cf-7f49-40c1-a0c0-018e32c0bcf8</processParameterId>
                    <parameterMappingParentId>3009.a738cd28-710b-43d7-ae06-3ab106b85dc0</parameterMappingParentId>
                    <useDefault>false</useDefault>
                    <value isNull="true" />
                    <classRef>/12.db884a3c-c533-44b7-bb2d-47bec8ad4022</classRef>
                    <isList>false</isList>
                    <isInput>false</isInput>
                    <guid>guid:197d4ddc90fc5427:-1c619ffe:11def1582ed:-7b30</guid>
                    <versionId>293d8cac-fa25-4ae9-a27f-4a1b5cea5bcd</versionId>
                    <description isNull="true" />
                </parameterMapping>
                <parameterMapping name="correlationKey">
                    <lastModified isNull="true" />
                    <lastModifiedBy isNull="true" />
                    <parameterMappingId>2054.d85a6212-ce82-4dae-adf9-2ac331986c2b</parameterMappingId>
                    <processParameterId>2055.294d86d1-f505-4417-b95c-fdd617e3e749</processParameterId>
                    <parameterMappingParentId>3009.a738cd28-710b-43d7-ae06-3ab106b85dc0</parameterMappingParentId>
                    <useDefault>false</useDefault>
                    <value>tw.local.correlationKey</value>
                    <classRef>/12.db884a3c-c533-44b7-bb2d-47bec8ad4022</classRef>
                    <isList>false</isList>
                    <isInput>true</isInput>
                    <guid>guid:197d4ddc90fc5427:-1c619ffe:11def1582ed:-7b33</guid>
                    <versionId>4de946b3-d3e2-4b20-9219-c3c7dad9e8fb</versionId>
                    <description isNull="true" />
                </parameterMapping>
                <parameterMapping name="correlationKey">
                    <lastModified isNull="true" />
                    <lastModifiedBy isNull="true" />
                    <parameterMappingId>2054.7d95bb84-2368-4ccf-98fc-17cce854c57c</parameterMappingId>
                    <processParameterId>2055.9f5703a5-ed5d-4c70-a400-5360ffa4350b</processParameterId>
                    <parameterMappingParentId>3009.a738cd28-710b-43d7-ae06-3ab106b85dc0</parameterMappingParentId>
                    <useDefault>false</useDefault>
                    <value isNull="true" />
                    <classRef>/12.db884a3c-c533-44b7-bb2d-47bec8ad4022</classRef>
                    <isList>false</isList>
                    <isInput>false</isInput>
                    <guid>guid:197d4ddc90fc5427:-1c619ffe:11def1582ed:-7b31</guid>
                    <versionId>2ad627b1-993b-43c2-990a-3c827f6c9aad</versionId>
                    <description isNull="true" />
                </parameterMapping>
            </TWComponent>
        </item>
        <item>
            <lastModified isNull="true" />
            <lastModifiedBy isNull="true" />
            <processItemId>2025.1c253046-7a72-49c3-bc80-9a75b75d85b1</processItemId>
            <processId>1.d8258e39-21b1-4c46-86ae-a778191d3870</processId>
            <name>Enter Event Details</name>
            <tWComponentName>Coach</tWComponentName>
            <tWComponentId>3003.65a72fd7-3642-40ed-8671-80a245c5fc9f</tWComponentId>
            <isLogEnabled>false</isLogEnabled>
            <isTraceEnabled>false</isTraceEnabled>
            <traceCategory isNull="true" />
            <traceLevel isNull="true" />
            <traceMessage isNull="true" />
            <traceSymbolTable isNull="true" />
            <isExecutionContextTraced>false</isExecutionContextTraced>
            <saveExecutionContext>true</saveExecutionContext>
            <documentation isNull="true" />
            <isErrorHandlerEnabled>false</isErrorHandlerEnabled>
            <errorHandlerItemId isNull="true" />
            <guid>guid:1834ad1ced21c429:201b912:1064bd1f711:-7ffb</guid>
            <versionId>af4423d5-ac32-4aa4-a83f-4e49df181ff3</versionId>
            <layoutData x="125" y="85">
                <errorLink>
                    <controlPoints />
                    <showEndState>false</showEndState>
                    <showName>false</showName>
                </errorLink>
            </layoutData>
            <TWComponent>
                <lastModified isNull="true" />
                <lastModifiedBy isNull="true" />
                <coachId>3003.65a72fd7-3642-40ed-8671-80a245c5fc9f</coachId>
                <title>Untitled1</title>
                <layoutRef>/20.fa3fc599-a72a-4a82-8f14-6bba1565444a</layoutRef>
                <layoutData isNull="true" />
                <xslRef isNull="true" />
                <guid>guid:197d4ddc90fc5427:-1c619ffe:11def1582ed:-7b2c</guid>
                <versionId>6d4acafa-d84a-4d9b-98c0-a68dde146e9a</versionId>
                <CoachResources>
                    <lastModified isNull="true" />
                    <lastModifiedBy isNull="true" />
                    <coachResourceId>3004.8292777e-0769-4d7d-81f8-1683a0a27ffe</coachResourceId>
                    <coachId>3003.65a72fd7-3642-40ed-8671-80a245c5fc9f</coachId>
                    <virtualName>CoachDesignerXML</virtualName>
                    <type>text/HTML</type>
                    <resourceData>&lt;tw:Form xmlns:tw="http://lombardisoftware.com/schema/coachdesigner" xmlns:xsi="http://www.w3.org/2001/XMLSchema-instance" xsi:schemaLocation="http://lombardisoftware.com/schema/forms Form.xsd"&gt;
  &lt;tw:FormTitle&gt;TeamWorks Coach&lt;/tw:FormTitle&gt;
  &lt;tw:Layout tw:styleClass="" tw:id="section"&gt;
    &lt;tw:Section tw:columns="1"&gt;
      &lt;tw:SectionTitle tw:id="sectionTitle" tw:visible="true"&gt;Enter Event Details Below:&lt;/tw:SectionTitle&gt;
      &lt;tw:SectionHeading tw:id="sectionHeading" tw:visible="false"&gt;Section Heading&lt;/tw:SectionHeading&gt;
      &lt;tw:Row tw:rows="3"&gt;
        &lt;tw:Column&gt;
          &lt;tw:Control tw:id="InputText0" tw:colspan="1" tw:rowspan="1" tw:row="1" tw:col="1"&gt;
            &lt;tw:InputText tw:binding="tw.local.correlationKey"&gt;
              &lt;tw:Label tw:visible="true"&gt;Correlation Key:&lt;/tw:Label&gt;
            &lt;/tw:InputText&gt;
          &lt;/tw:Control&gt;
          &lt;tw:Control tw:id="InputText1" tw:colspan="1" tw:rowspan="1" tw:row="2" tw:col="1"&gt;
            &lt;tw:InputText tw:binding="tw.local.value"&gt;
              &lt;tw:Label tw:visible="true"&gt;Value:&lt;/tw:Label&gt;
            &lt;/tw:InputText&gt;
          &lt;/tw:Control&gt;
          &lt;tw:Control tw:id="ButtonGroup0" tw:colspan="1" tw:rowspan="1" tw:row="3" tw:col="1"&gt;
            &lt;tw:Documentation&gt;A ButtonGroup containing one Button.&lt;/tw:Documentation&gt;
            &lt;tw:PaletteIcon&gt;coachdesigner16/button_obj.gif&lt;/tw:PaletteIcon&gt;
            &lt;tw:ButtonGroup&gt;
              &lt;tw:Label tw:visible="false"&gt;A Button:&lt;/tw:Label&gt;
              &lt;tw:Button tw:id="Button0" tw:decisionPoint="true"&gt;
                &lt;tw:Label&gt;OK&lt;/tw:Label&gt;
              &lt;/tw:Button&gt;
              &lt;tw:Button tw:id="Button1" tw:decisionPoint="true" tw:isCancel="true"&gt;
                &lt;tw:Label&gt;Cancel&lt;/tw:Label&gt;
              &lt;/tw:Button&gt;
            &lt;/tw:ButtonGroup&gt;
          &lt;/tw:Control&gt;
        &lt;/tw:Column&gt;
      &lt;/tw:Row&gt;
    &lt;/tw:Section&gt;
  &lt;/tw:Layout&gt;
&lt;/tw:Form&gt;

</resourceData>
                    <guid>guid:197d4ddc90fc5427:-1c619ffe:11def1582ed:-7b28</guid>
                    <versionId>04161a51-9bb2-4f53-aae9-a006c9f767e1</versionId>
                </CoachResources>
                <CoachButtons>
                    <lastModified isNull="true" />
                    <lastModifiedBy isNull="true" />
                    <coachButtonId>3005.1f1b74fe-fca6-45d5-b798-b14f0d78a1ea</coachButtonId>
                    <coachId>3003.65a72fd7-3642-40ed-8671-80a245c5fc9f</coachId>
                    <seq>1</seq>
                    <endStateId>guid:1834ad1ced21c429:201b912:1064bd1f711:-7ffa</endStateId>
                    <isSpecial>false</isSpecial>
                    <isDisplayed>true</isDisplayed>
                    <buttonLabel>OK</buttonLabel>
                    <buttonHint>ButtonGroup0_Button0</buttonHint>
                    <buttonText isNull="true" />
                    <isCheckBoxVisible>false</isCheckBoxVisible>
                    <isUncheckAllowed>false</isUncheckAllowed>
                    <metaData>CoachDesignerButtonId:ButtonGroup0_Button0;CoachDesignerIsCancel:false</metaData>
                    <buttonExpression isNull="true" />
                    <guid>fab1dccd-a448-4549-a272-a8ad37b17139</guid>
                    <versionId>884c3101-98ac-411b-b9d9-ba9e68a07a84</versionId>
                </CoachButtons>
                <CoachButtons>
                    <lastModified isNull="true" />
                    <lastModifiedBy isNull="true" />
                    <coachButtonId>3005.98def4bd-d832-47e4-9330-0195f989d892</coachButtonId>
                    <coachId>3003.65a72fd7-3642-40ed-8671-80a245c5fc9f</coachId>
                    <seq>2</seq>
                    <endStateId>guid:1834ad1ced21c429:201b912:1064bd1f711:-7ff9</endStateId>
                    <isSpecial>false</isSpecial>
                    <isDisplayed>true</isDisplayed>
                    <buttonLabel>Cancel</buttonLabel>
                    <buttonHint>ButtonGroup0_Button1</buttonHint>
                    <buttonText isNull="true" />
                    <isCheckBoxVisible>false</isCheckBoxVisible>
                    <isUncheckAllowed>false</isUncheckAllowed>
                    <metaData>CoachDesignerButtonId:ButtonGroup0_Button1;CoachDesignerIsCancel:true</metaData>
                    <buttonExpression isNull="true" />
                    <guid>a039369c-6a8c-42cd-8b43-bd8bfbc221db</guid>
                    <versionId>ad2e5f1d-62f1-41c5-8e84-595d018312d9</versionId>
                </CoachButtons>
            </TWComponent>
        </item>
        <item>
            <lastModified isNull="true" />
            <lastModifiedBy isNull="true" />
            <processItemId>2025.7d47ec33-a796-4717-aaff-36c0ad364017</processItemId>
            <processId>1.d8258e39-21b1-4c46-86ae-a778191d3870</processId>
            <name>End</name>
            <tWComponentName>ExitPoint</tWComponentName>
            <tWComponentId>3008.3d0447dc-f942-4201-84b6-aa9c5ff95fd1</tWComponentId>
            <isLogEnabled>false</isLogEnabled>
            <isTraceEnabled>false</isTraceEnabled>
            <traceCategory isNull="true" />
            <traceLevel isNull="true" />
            <traceMessage isNull="true" />
            <traceSymbolTable isNull="true" />
            <isExecutionContextTraced>false</isExecutionContextTraced>
            <saveExecutionContext>true</saveExecutionContext>
            <documentation isNull="true" />
            <isErrorHandlerEnabled>false</isErrorHandlerEnabled>
            <errorHandlerItemId isNull="true" />
            <guid>guid:1834ad1ced21c429:201b912:1064bd1f711:-7ffe</guid>
            <versionId>e740a79d-15a0-4fc1-b4de-4a5f473185bd</versionId>
            <layoutData x="505" y="101">
                <errorLink>
                    <controlPoints />
                    <showEndState>false</showEndState>
                    <showName>false</showName>
                </errorLink>
            </layoutData>
            <TWComponent>
                <lastModified isNull="true" />
                <lastModifiedBy isNull="true" />
                <exitPointId>3008.3d0447dc-f942-4201-84b6-aa9c5ff95fd1</exitPointId>
                <haltProcess>false</haltProcess>
                <guid>guid:197d4ddc90fc5427:-1c619ffe:11def1582ed:-7b44</guid>
                <versionId>3f6753a7-c0a4-406c-b11c-42c03ceb4d07</versionId>
            </TWComponent>
        </item>
        <startingProcessItemId>2025.1c253046-7a72-49c3-bc80-9a75b75d85b1</startingProcessItemId>
        <errorHandlerItemId isNull="true" />
        <layoutData noConversion="true">
            <errorLink>
                <controlPoints />
                <showEndState>false</showEndState>
                <showName>false</showName>
            </errorLink>
        </layoutData>
        <startPoint>
            <layoutData x="20" y="100">
                <errorLink>
                    <controlPoints />
                    <showEndState>false</showEndState>
                    <showName>false</showName>
                </errorLink>
            </layoutData>
        </startPoint>
        <startLink>
            <fromPort locationId="rightCenter" portType="1" />
            <toPort locationId="leftCenter" portType="2" />
            <layoutData>
                <controlPoints />
                <showEndState>false</showEndState>
                <showName>false</showName>
            </layoutData>
        </startLink>
        <link name="Untitled">
            <lastModified isNull="true" />
            <lastModifiedBy isNull="true" />
            <processLinkId>2027.7eb49677-5720-4699-89f3-1dc71df294b7</processLinkId>
            <processId>1.d8258e39-21b1-4c46-86ae-a778191d3870</processId>
            <description isNull="true" />
            <fromProcessItemId>2025.46be0627-df6a-4a2e-8cfa-764dfd5cbb3a</fromProcessItemId>
            <endStateId>Out</endStateId>
            <toProcessItemId>2025.7d47ec33-a796-4717-aaff-36c0ad364017</toProcessItemId>
            <guid>guid:197d4ddc90fc5427:-1c619ffe:11def1582ed:-7b20</guid>
            <versionId>0ef0ef15-e46f-45cf-9e69-aa6949bab2b1</versionId>
            <layoutData>
                <controlPoints />
                <showEndState>false</showEndState>
                <showName>false</showName>
            </layoutData>
            <fromItemPort locationId="rightCenter" portType="1" />
            <toItemPort locationId="topCenter" portType="2" />
            <fromProcessItemId>2025.46be0627-df6a-4a2e-8cfa-764dfd5cbb3a</fromProcessItemId>
            <toProcessItemId>2025.7d47ec33-a796-4717-aaff-36c0ad364017</toProcessItemId>
        </link>
        <link name="Untitled">
            <lastModified isNull="true" />
            <lastModifiedBy isNull="true" />
            <processLinkId>2027.1ed986a6-c7f7-42d1-85b3-d3464366f4c8</processLinkId>
            <processId>1.d8258e39-21b1-4c46-86ae-a778191d3870</processId>
            <description isNull="true" />
            <fromProcessItemId>2025.46be0627-df6a-4a2e-8cfa-764dfd5cbb3a</fromProcessItemId>
            <endStateId>Out</endStateId>
            <toProcessItemId>2025.7d47ec33-a796-4717-aaff-36c0ad364017</toProcessItemId>
            <guid>guid:197d4ddc90fc5427:-1c619ffe:11def1582ed:-7b20</guid>
            <versionId>6beef358-caca-4bef-8ae7-437a4ab1f542</versionId>
            <layoutData>
                <controlPoints />
                <showEndState>false</showEndState>
                <showName>false</showName>
            </layoutData>
            <fromItemPort locationId="rightCenter" portType="1" />
            <toItemPort locationId="topCenter" portType="2" />
            <fromProcessItemId>2025.46be0627-df6a-4a2e-8cfa-764dfd5cbb3a</fromProcessItemId>
            <toProcessItemId>2025.7d47ec33-a796-4717-aaff-36c0ad364017</toProcessItemId>
        </link>
        <link name="Untitled">
            <lastModified isNull="true" />
            <lastModifiedBy isNull="true" />
            <processLinkId>2027.8786b83b-629b-4391-99a8-59dded1924b7</processLinkId>
            <processId>1.d8258e39-21b1-4c46-86ae-a778191d3870</processId>
            <description isNull="true" />
            <fromProcessItemId>2025.1c253046-7a72-49c3-bc80-9a75b75d85b1</fromProcessItemId>
            <endStateId>guid:1834ad1ced21c429:201b912:1064bd1f711:-7ff9</endStateId>
            <toProcessItemId>2025.7d47ec33-a796-4717-aaff-36c0ad364017</toProcessItemId>
            <guid>guid:197d4ddc90fc5427:-1c619ffe:11def1582ed:-7b22</guid>
            <versionId>855adc58-3083-45f5-8118-472b8890691e</versionId>
            <layoutData>
                <controlPoints />
                <showEndState>true</showEndState>
                <showName>false</showName>
            </layoutData>
            <fromItemPort locationId="rightCenter" portType="1" />
            <toItemPort locationId="leftCenter" portType="2" />
            <fromProcessItemId>2025.1c253046-7a72-49c3-bc80-9a75b75d85b1</fromProcessItemId>
            <toProcessItemId>2025.7d47ec33-a796-4717-aaff-36c0ad364017</toProcessItemId>
        </link>
        <link name="Untitled">
            <lastModified isNull="true" />
            <lastModifiedBy isNull="true" />
            <processLinkId>2027.70953450-953e-440f-a64f-244d3095ba94</processLinkId>
            <processId>1.d8258e39-21b1-4c46-86ae-a778191d3870</processId>
            <description isNull="true" />
            <fromProcessItemId>2025.1c253046-7a72-49c3-bc80-9a75b75d85b1</fromProcessItemId>
            <endStateId>guid:1834ad1ced21c429:201b912:1064bd1f711:-7ffa</endStateId>
            <toProcessItemId>2025.46be0627-df6a-4a2e-8cfa-764dfd5cbb3a</toProcessItemId>
            <guid>guid:197d4ddc90fc5427:-1c619ffe:11def1582ed:-7b24</guid>
            <versionId>a08f7579-0a21-47d4-8cbc-67563fca145c</versionId>
            <layoutData>
                <controlPoints />
                <showEndState>true</showEndState>
                <showName>false</showName>
            </layoutData>
            <fromItemPort locationId="rightCenter" portType="1" />
            <toItemPort locationId="leftCenter" portType="2" />
            <fromProcessItemId>2025.1c253046-7a72-49c3-bc80-9a75b75d85b1</fromProcessItemId>
            <toProcessItemId>2025.46be0627-df6a-4a2e-8cfa-764dfd5cbb3a</toProcessItemId>
        </link>
        <link name="Untitled">
            <lastModified isNull="true" />
            <lastModifiedBy isNull="true" />
            <processLinkId>2027.e5a05b2e-d9df-4bae-8270-7a9c34908785</processLinkId>
            <processId>1.d8258e39-21b1-4c46-86ae-a778191d3870</processId>
            <description isNull="true" />
            <fromProcessItemId>2025.1c253046-7a72-49c3-bc80-9a75b75d85b1</fromProcessItemId>
            <endStateId>guid:1834ad1ced21c429:201b912:1064bd1f711:-7ffa</endStateId>
            <toProcessItemId>2025.46be0627-df6a-4a2e-8cfa-764dfd5cbb3a</toProcessItemId>
            <guid>guid:197d4ddc90fc5427:-1c619ffe:11def1582ed:-7b24</guid>
            <versionId>a9332477-5afc-4bb9-bcce-e435f1a44914</versionId>
            <layoutData>
                <controlPoints />
                <showEndState>true</showEndState>
                <showName>false</showName>
            </layoutData>
            <fromItemPort locationId="rightCenter" portType="1" />
            <toItemPort locationId="leftCenter" portType="2" />
            <fromProcessItemId>2025.1c253046-7a72-49c3-bc80-9a75b75d85b1</fromProcessItemId>
            <toProcessItemId>2025.46be0627-df6a-4a2e-8cfa-764dfd5cbb3a</toProcessItemId>
        </link>
        <link name="Untitled">
            <lastModified isNull="true" />
            <lastModifiedBy isNull="true" />
            <processLinkId>2027.e87327a7-8588-4170-a8ea-4b7981fa99ba</processLinkId>
            <processId>1.d8258e39-21b1-4c46-86ae-a778191d3870</processId>
            <description isNull="true" />
            <fromProcessItemId>2025.1c253046-7a72-49c3-bc80-9a75b75d85b1</fromProcessItemId>
            <endStateId>guid:1834ad1ced21c429:201b912:1064bd1f711:-7ff9</endStateId>
            <toProcessItemId>2025.7d47ec33-a796-4717-aaff-36c0ad364017</toProcessItemId>
            <guid>guid:197d4ddc90fc5427:-1c619ffe:11def1582ed:-7b22</guid>
            <versionId>f21dbdcd-f44e-4edc-9ac9-8cfec969766a</versionId>
            <layoutData>
                <controlPoints />
                <showEndState>true</showEndState>
                <showName>false</showName>
            </layoutData>
            <fromItemPort locationId="rightCenter" portType="1" />
            <toItemPort locationId="leftCenter" portType="2" />
            <fromProcessItemId>2025.1c253046-7a72-49c3-bc80-9a75b75d85b1</fromProcessItemId>
            <toProcessItemId>2025.7d47ec33-a796-4717-aaff-36c0ad364017</toProcessItemId>
        </link>
    </process>
</teamworks>

