<?xml version="1.0" encoding="UTF-8"?>
<teamworks>
    <process id="1.f19596ff-93b8-4f49-875c-1edec488e96a" name="lsw Save Conditional Activity Template Coach">
        <lastModified>1361372673512</lastModified>
        <lastModifiedBy>Internal TW Admin user</lastModifiedBy>
        <processId>1.f19596ff-93b8-4f49-875c-1edec488e96a</processId>
        <image isNull="true" />
        <tabGroup isNull="true" />
        <startingProcessItemId>2025.d2ad4500-c2ce-4dfe-80f9-6d51ca89907f</startingProcessItemId>
        <isRootProcess>false</isRootProcess>
        <processType>3</processType>
        <isErrorHandlerEnabled>false</isErrorHandlerEnabled>
        <errorHandlerItemId isNull="true" />
        <isLoggingVariables>false</isLoggingVariables>
        <isTransactional>false</isTransactional>
        <processTimingLevel isNull="true" />
        <participantRef isNull="true" />
        <exposedType isNull="true" />
        <isTrackingEnabled>true</isTrackingEnabled>
        <xmlData isNull="true" />
        <cachingType>false</cachingType>
        <itemLabel isNull="true" />
        <cacheLength>43200</cacheLength>
        <mobileReady>false</mobileReady>
        <sboSyncEnabled>true</sboSyncEnabled>
        <externalId isNull="true" />
        <isSecured>false</isSecured>
        <description isNull="true" />
        <guid>guid:5a54f1704f1c1577:-6b56085f:12370558356:-7f4b</guid>
        <versionId>8e8c8fa1-8df1-458d-bdf8-0edefc09c7b9</versionId>
        <dependencySummary isNull="true" />
        <processParameter name="templateID">
            <lastModified isNull="true" />
            <lastModifiedBy isNull="true" />
            <processParameterId>2055.3a4c317f-68ba-41d3-a1c9-0700892d0d24</processParameterId>
            <processId>1.f19596ff-93b8-4f49-875c-1edec488e96a</processId>
            <parameterType>1</parameterType>
            <isArrayOf>false</isArrayOf>
            <classId>/12.db884a3c-c533-44b7-bb2d-47bec8ad4022</classId>
            <seq>1</seq>
            <hasDefault>false</hasDefault>
            <defaultValue isNull="true" />
            <isLocked>false</isLocked>
            <description isNull="true" />
            <guid>guid:5a54f1704f1c1577:-6b56085f:12370558356:-7f47</guid>
            <versionId>3f18454b-eb7d-47ed-a778-7369370ab304</versionId>
        </processParameter>
        <processParameter name="templateName">
            <lastModified isNull="true" />
            <lastModifiedBy isNull="true" />
            <processParameterId>2055.c5a947e3-255c-48b0-bc62-8b6e4887727d</processParameterId>
            <processId>1.f19596ff-93b8-4f49-875c-1edec488e96a</processId>
            <parameterType>1</parameterType>
            <isArrayOf>false</isArrayOf>
            <classId>/12.db884a3c-c533-44b7-bb2d-47bec8ad4022</classId>
            <seq>2</seq>
            <hasDefault>false</hasDefault>
            <defaultValue isNull="true" />
            <isLocked>false</isLocked>
            <description isNull="true" />
            <guid>guid:5a54f1704f1c1577:-6b56085f:12370558356:-7f46</guid>
            <versionId>0f7a63fd-39d2-4788-9689-8b6d73c481d2</versionId>
        </processParameter>
        <processParameter name="bpdGUID">
            <lastModified isNull="true" />
            <lastModifiedBy isNull="true" />
            <processParameterId>2055.7acbd8d2-9d83-4791-8ad8-78e1b394d9be</processParameterId>
            <processId>1.f19596ff-93b8-4f49-875c-1edec488e96a</processId>
            <parameterType>1</parameterType>
            <isArrayOf>false</isArrayOf>
            <classId>/12.db884a3c-c533-44b7-bb2d-47bec8ad4022</classId>
            <seq>3</seq>
            <hasDefault>false</hasDefault>
            <defaultValue isNull="true" />
            <isLocked>false</isLocked>
            <description isNull="true" />
            <guid>guid:5a54f1704f1c1577:-6b56085f:12370558356:-7f45</guid>
            <versionId>ed6360d1-0285-4e24-a555-4ef77886fab2</versionId>
        </processParameter>
        <processParameter name="selectedConditionalActivities">
            <lastModified isNull="true" />
            <lastModifiedBy isNull="true" />
            <processParameterId>2055.72e1a622-756a-4092-bed2-e61da437e51a</processParameterId>
            <processId>1.f19596ff-93b8-4f49-875c-1edec488e96a</processId>
            <parameterType>1</parameterType>
            <isArrayOf>true</isArrayOf>
            <classId>/12.db884a3c-c533-44b7-bb2d-47bec8ad4022</classId>
            <seq>4</seq>
            <hasDefault>false</hasDefault>
            <defaultValue isNull="true" />
            <isLocked>false</isLocked>
            <description isNull="true" />
            <guid>guid:5a54f1704f1c1577:-6b56085f:12370558356:-7f44</guid>
            <versionId>1f6cbe82-ba7e-4c2d-9e43-f8c8b40b02ba</versionId>
        </processParameter>
        <processParameter name="readonly">
            <lastModified isNull="true" />
            <lastModifiedBy isNull="true" />
            <processParameterId>2055.20d55c27-521f-4c57-b082-f0e2abcadba1</processParameterId>
            <processId>1.f19596ff-93b8-4f49-875c-1edec488e96a</processId>
            <parameterType>1</parameterType>
            <isArrayOf>false</isArrayOf>
            <classId>/12.83ff975e-8dbc-42e5-b738-fa8bc08274a2</classId>
            <seq>5</seq>
            <hasDefault>true</hasDefault>
            <defaultValue>false</defaultValue>
            <isLocked>false</isLocked>
            <description isNull="true" />
            <guid>guid:5a54f1704f1c1577:-6b56085f:12370558356:-7f43</guid>
            <versionId>59f0ad67-5c0f-4e94-beae-35d9496d7bde</versionId>
        </processParameter>
        <processParameter name="templateID">
            <lastModified isNull="true" />
            <lastModifiedBy isNull="true" />
            <processParameterId>2055.52c05d42-68fb-49cb-ad65-9e30edf8c6e6</processParameterId>
            <processId>1.f19596ff-93b8-4f49-875c-1edec488e96a</processId>
            <parameterType>2</parameterType>
            <isArrayOf>false</isArrayOf>
            <classId>/12.db884a3c-c533-44b7-bb2d-47bec8ad4022</classId>
            <seq>6</seq>
            <hasDefault>false</hasDefault>
            <defaultValue isNull="true" />
            <isLocked>false</isLocked>
            <description isNull="true" />
            <guid>guid:5a54f1704f1c1577:-6b56085f:12370558356:-7f42</guid>
            <versionId>17cf7def-3045-4c4f-b474-1ed498ba491b</versionId>
        </processParameter>
        <item>
            <lastModified isNull="true" />
            <lastModifiedBy isNull="true" />
            <processItemId>2025.8d5e65dd-3c73-4c6a-aa0a-00923e43dcc4</processItemId>
            <processId>1.f19596ff-93b8-4f49-875c-1edec488e96a</processId>
            <name>Saved</name>
            <tWComponentName>ExitPoint</tWComponentName>
            <tWComponentId>3008.6937c775-c9cf-459c-a254-9742d36cb362</tWComponentId>
            <isLogEnabled>false</isLogEnabled>
            <isTraceEnabled>false</isTraceEnabled>
            <traceCategory isNull="true" />
            <traceLevel isNull="true" />
            <traceMessage isNull="true" />
            <traceSymbolTable isNull="true" />
            <isExecutionContextTraced>false</isExecutionContextTraced>
            <saveExecutionContext>true</saveExecutionContext>
            <documentation isNull="true" />
            <isErrorHandlerEnabled>false</isErrorHandlerEnabled>
            <errorHandlerItemId isNull="true" />
            <guid>guid:5a54f1704f1c1577:-6b56085f:12370558356:-7f49</guid>
            <versionId>0c8f4c22-30f5-462e-8fe3-46cec1eecc5c</versionId>
            <layoutData x="577" y="205">
                <errorLink>
                    <controlPoints />
                    <showEndState>false</showEndState>
                    <showName>false</showName>
                </errorLink>
            </layoutData>
            <TWComponent>
                <lastModified isNull="true" />
                <lastModifiedBy isNull="true" />
                <exitPointId>3008.6937c775-c9cf-459c-a254-9742d36cb362</exitPointId>
                <haltProcess>false</haltProcess>
                <guid>guid:5a54f1704f1c1577:-6b56085f:12370558356:-7f48</guid>
                <versionId>094f15ad-3bd6-439c-863a-3d61da0fbd1a</versionId>
            </TWComponent>
        </item>
        <item>
            <lastModified isNull="true" />
            <lastModifiedBy isNull="true" />
            <processItemId>2025.32bb6553-b51a-4780-8c02-f17cd94fc627</processItemId>
            <processId>1.f19596ff-93b8-4f49-875c-1edec488e96a</processId>
            <name>Cancel</name>
            <tWComponentName>ExitPoint</tWComponentName>
            <tWComponentId>3008.38dcc743-3034-4c60-a512-6df41efef9f1</tWComponentId>
            <isLogEnabled>false</isLogEnabled>
            <isTraceEnabled>false</isTraceEnabled>
            <traceCategory isNull="true" />
            <traceLevel isNull="true" />
            <traceMessage isNull="true" />
            <traceSymbolTable isNull="true" />
            <isExecutionContextTraced>false</isExecutionContextTraced>
            <saveExecutionContext>false</saveExecutionContext>
            <documentation isNull="true" />
            <isErrorHandlerEnabled>false</isErrorHandlerEnabled>
            <errorHandlerItemId isNull="true" />
            <guid>guid:5a54f1704f1c1577:-6b56085f:12370558356:-7f22</guid>
            <versionId>1ee5ffcf-129d-4514-bb55-119097441ccb</versionId>
            <layoutData x="577" y="312">
                <errorLink>
                    <controlPoints />
                    <showEndState>false</showEndState>
                    <showName>false</showName>
                </errorLink>
            </layoutData>
            <TWComponent>
                <lastModified isNull="true" />
                <lastModifiedBy isNull="true" />
                <exitPointId>3008.38dcc743-3034-4c60-a512-6df41efef9f1</exitPointId>
                <haltProcess>false</haltProcess>
                <guid>guid:5a54f1704f1c1577:-6b56085f:12370558356:-7f23</guid>
                <versionId>6fa83666-2a5b-479e-b7d8-99b654f83fed</versionId>
            </TWComponent>
        </item>
        <item>
            <lastModified isNull="true" />
            <lastModifiedBy isNull="true" />
            <processItemId>2025.663bef93-998d-4bc3-9cac-c7c197edf6df</processItemId>
            <processId>1.f19596ff-93b8-4f49-875c-1edec488e96a</processId>
            <name>Save Template</name>
            <tWComponentName>SubProcess</tWComponentName>
            <tWComponentId>3012.464f261c-6cc0-46fc-9157-cfba8c4e48fd</tWComponentId>
            <isLogEnabled>false</isLogEnabled>
            <isTraceEnabled>false</isTraceEnabled>
            <traceCategory isNull="true" />
            <traceLevel isNull="true" />
            <traceMessage isNull="true" />
            <traceSymbolTable isNull="true" />
            <isExecutionContextTraced>false</isExecutionContextTraced>
            <saveExecutionContext>false</saveExecutionContext>
            <documentation isNull="true" />
            <isErrorHandlerEnabled>false</isErrorHandlerEnabled>
            <errorHandlerItemId isNull="true" />
            <guid>guid:5a54f1704f1c1577:-6b56085f:12370558356:-7f20</guid>
            <versionId>19856cd1-8078-440c-8bbb-a8db81c39579</versionId>
            <layoutData x="459" y="193">
                <errorLink>
                    <controlPoints />
                    <showEndState>false</showEndState>
                    <showName>false</showName>
                </errorLink>
            </layoutData>
            <TWComponent>
                <lastModified isNull="true" />
                <lastModifiedBy isNull="true" />
                <subProcessId>3012.464f261c-6cc0-46fc-9157-cfba8c4e48fd</subProcessId>
                <attachedProcessRef>/1.36841ef6-754a-43cd-8da8-73429737a99d</attachedProcessRef>
                <guid>guid:5a54f1704f1c1577:-6b56085f:12370558356:-7f1f</guid>
                <versionId>ad16c1e2-35f3-4bfd-bff5-d4a5f63de2b4</versionId>
                <parameterMapping name="selectedConditionalActivities">
                    <lastModified isNull="true" />
                    <lastModifiedBy isNull="true" />
                    <parameterMappingId>2054.4c0fc049-330c-453a-b339-5cefef8c873c</parameterMappingId>
                    <processParameterId>2055.01d29e81-2b95-4725-96e6-f211606652b1</processParameterId>
                    <parameterMappingParentId>3012.464f261c-6cc0-46fc-9157-cfba8c4e48fd</parameterMappingParentId>
                    <useDefault>false</useDefault>
                    <value>tw.local.selectedConditionalActivities</value>
                    <classRef>/12.db884a3c-c533-44b7-bb2d-47bec8ad4022</classRef>
                    <isList>true</isList>
                    <isInput>true</isInput>
                    <guid>guid:5a54f1704f1c1577:-6b56085f:12370558356:-7f1b</guid>
                    <versionId>0a022426-ffcd-4417-a3ce-90cb0eaab6dd</versionId>
                    <description isNull="true" />
                </parameterMapping>
                <parameterMapping name="templateName">
                    <lastModified isNull="true" />
                    <lastModifiedBy isNull="true" />
                    <parameterMappingId>2054.6bf7e12b-9e8d-41c8-b7a9-9864f89b030e</parameterMappingId>
                    <processParameterId>2055.4a53e946-34d3-48f3-976d-656822584aef</processParameterId>
                    <parameterMappingParentId>3012.464f261c-6cc0-46fc-9157-cfba8c4e48fd</parameterMappingParentId>
                    <useDefault>false</useDefault>
                    <value>tw.local.templateName</value>
                    <classRef>/12.db884a3c-c533-44b7-bb2d-47bec8ad4022</classRef>
                    <isList>false</isList>
                    <isInput>true</isInput>
                    <guid>guid:5a54f1704f1c1577:-6b56085f:12370558356:-7f1d</guid>
                    <versionId>67b35634-272b-43c4-b98d-df6208894e96</versionId>
                    <description isNull="true" />
                </parameterMapping>
                <parameterMapping name="bpdGUID">
                    <lastModified isNull="true" />
                    <lastModifiedBy isNull="true" />
                    <parameterMappingId>2054.7d905841-0c96-4b09-8784-6051698d2369</parameterMappingId>
                    <processParameterId>2055.0c8b09c0-2b28-49e1-be8d-b178ded2be09</processParameterId>
                    <parameterMappingParentId>3012.464f261c-6cc0-46fc-9157-cfba8c4e48fd</parameterMappingParentId>
                    <useDefault>false</useDefault>
                    <value>tw.local.bpdGUID</value>
                    <classRef>/12.db884a3c-c533-44b7-bb2d-47bec8ad4022</classRef>
                    <isList>false</isList>
                    <isInput>true</isInput>
                    <guid>guid:5a54f1704f1c1577:-6b56085f:12370558356:-7f1c</guid>
                    <versionId>89eb6119-761f-4fa4-bce2-e48379a04702</versionId>
                    <description isNull="true" />
                </parameterMapping>
                <parameterMapping name="templateID">
                    <lastModified isNull="true" />
                    <lastModifiedBy isNull="true" />
                    <parameterMappingId>2054.391cf5dc-9a19-4d67-a20e-362c2709533c</parameterMappingId>
                    <processParameterId>2055.c96fa454-3b43-450b-8668-34e3263238e0</processParameterId>
                    <parameterMappingParentId>3012.464f261c-6cc0-46fc-9157-cfba8c4e48fd</parameterMappingParentId>
                    <useDefault>false</useDefault>
                    <value>tw.local.templateID</value>
                    <classRef>/12.db884a3c-c533-44b7-bb2d-47bec8ad4022</classRef>
                    <isList>false</isList>
                    <isInput>true</isInput>
                    <guid>guid:5a54f1704f1c1577:-6b56085f:12370558356:-7f1e</guid>
                    <versionId>a27e75e9-ccb7-4bc9-b233-5d84dbb5fdb2</versionId>
                    <description isNull="true" />
                </parameterMapping>
                <parameterMapping name="templateID">
                    <lastModified isNull="true" />
                    <lastModifiedBy isNull="true" />
                    <parameterMappingId>2054.7f9cca5b-47d5-4e43-bf7b-a9bdb6f57b21</parameterMappingId>
                    <processParameterId>2055.65430e7d-2164-4c1d-bc82-6f62f25ce6ab</processParameterId>
                    <parameterMappingParentId>3012.464f261c-6cc0-46fc-9157-cfba8c4e48fd</parameterMappingParentId>
                    <useDefault>false</useDefault>
                    <value>tw.local.templateID</value>
                    <classRef>/12.db884a3c-c533-44b7-bb2d-47bec8ad4022</classRef>
                    <isList>false</isList>
                    <isInput>false</isInput>
                    <guid>guid:5a54f1704f1c1577:-6b56085f:12370558356:-7f1a</guid>
                    <versionId>af253a85-290b-4c7d-a3f6-c8e39e64b515</versionId>
                    <description isNull="true" />
                </parameterMapping>
            </TWComponent>
        </item>
        <item>
            <lastModified isNull="true" />
            <lastModifiedBy isNull="true" />
            <processItemId>2025.d2ad4500-c2ce-4dfe-80f9-6d51ca89907f</processItemId>
            <processId>1.f19596ff-93b8-4f49-875c-1edec488e96a</processId>
            <name>Template Selected?</name>
            <tWComponentName>Switch</tWComponentName>
            <tWComponentId>3013.a0cf5d4f-19e7-44d6-819d-e363429f107a</tWComponentId>
            <isLogEnabled>false</isLogEnabled>
            <isTraceEnabled>false</isTraceEnabled>
            <traceCategory isNull="true" />
            <traceLevel isNull="true" />
            <traceMessage isNull="true" />
            <traceSymbolTable isNull="true" />
            <isExecutionContextTraced>false</isExecutionContextTraced>
            <saveExecutionContext>false</saveExecutionContext>
            <documentation isNull="true" />
            <isErrorHandlerEnabled>false</isErrorHandlerEnabled>
            <errorHandlerItemId isNull="true" />
            <guid>guid:5a54f1704f1c1577:-6b56085f:12370558356:-7f3e</guid>
            <versionId>929a7a4a-a48e-446e-a221-247d32bf39f6</versionId>
            <layoutData x="136" y="201">
                <errorLink>
                    <controlPoints />
                    <showEndState>false</showEndState>
                    <showName>false</showName>
                </errorLink>
            </layoutData>
            <TWComponent>
                <lastModified isNull="true" />
                <lastModifiedBy isNull="true" />
                <switchId>3013.a0cf5d4f-19e7-44d6-819d-e363429f107a</switchId>
                <guid>guid:5a54f1704f1c1577:-6b56085f:12370558356:-7f3f</guid>
                <versionId>7040cd3f-0adf-498b-8fd7-3b8a31c06f20</versionId>
                <SwitchCondition>
                    <lastModified isNull="true" />
                    <lastModifiedBy isNull="true" />
                    <switchConditionId>3014.1876b2d7-888d-4931-b501-68c999e2a474</switchConditionId>
                    <switchId>3013.a0cf5d4f-19e7-44d6-819d-e363429f107a</switchId>
                    <seq>1</seq>
                    <endStateId>guid:5a54f1704f1c1577:-6b56085f:12370558356:-7f27</endStateId>
                    <condition>tw.local.templateID != null &amp;&amp; tw.local.templateID.length &gt; 0</condition>
                    <guid>guid:5a54f1704f1c1577:-6b56085f:12370558356:-7f28</guid>
                    <versionId>fef70d68-421f-497d-9f38-be87daa39b63</versionId>
                </SwitchCondition>
            </TWComponent>
        </item>
        <item>
            <lastModified isNull="true" />
            <lastModifiedBy isNull="true" />
            <processItemId>2025.55de07ff-f462-48ce-acf7-015a464db797</processItemId>
            <processId>1.f19596ff-93b8-4f49-875c-1edec488e96a</processId>
            <name>Reset Template ID and Name</name>
            <tWComponentName>Script</tWComponentName>
            <tWComponentId>3011.e08f973d-5acb-4d08-a3e5-539684d493c2</tWComponentId>
            <isLogEnabled>false</isLogEnabled>
            <isTraceEnabled>false</isTraceEnabled>
            <traceCategory isNull="true" />
            <traceLevel isNull="true" />
            <traceMessage isNull="true" />
            <traceSymbolTable isNull="true" />
            <isExecutionContextTraced>false</isExecutionContextTraced>
            <saveExecutionContext>false</saveExecutionContext>
            <documentation isNull="true" />
            <isErrorHandlerEnabled>false</isErrorHandlerEnabled>
            <errorHandlerItemId isNull="true" />
            <guid>guid:5a54f1704f1c1577:-6b56085f:12370558356:-7f12</guid>
            <versionId>be423318-c9ef-4af2-ba53-fac27e5385af</versionId>
            <layoutData x="284" y="74">
                <errorLink>
                    <controlPoints />
                    <showEndState>false</showEndState>
                    <showName>false</showName>
                </errorLink>
            </layoutData>
            <TWComponent>
                <lastModified isNull="true" />
                <lastModifiedBy isNull="true" />
                <scriptId>3011.e08f973d-5acb-4d08-a3e5-539684d493c2</scriptId>
                <scriptTypeId>2</scriptTypeId>
                <isActive>true</isActive>
                <script>tw.local.templateID = null;
tw.local.templateName += " Copy";</script>
                <isRule>false</isRule>
                <guid>guid:5a54f1704f1c1577:-6b56085f:12370558356:-7f13</guid>
                <versionId>9e815c0c-ad81-4c6b-a873-662e3cb7fa4e</versionId>
            </TWComponent>
        </item>
        <item>
            <lastModified isNull="true" />
            <lastModifiedBy isNull="true" />
            <processItemId>2025.e89de155-ebf5-4035-80cd-b3d7d04b9a69</processItemId>
            <processId>1.f19596ff-93b8-4f49-875c-1edec488e96a</processId>
            <name>Template Name</name>
            <tWComponentName>Coach</tWComponentName>
            <tWComponentId>3003.5d78f854-47d3-4944-b9a9-96d8c551e07a</tWComponentId>
            <isLogEnabled>false</isLogEnabled>
            <isTraceEnabled>false</isTraceEnabled>
            <traceCategory isNull="true" />
            <traceLevel isNull="true" />
            <traceMessage isNull="true" />
            <traceSymbolTable isNull="true" />
            <isExecutionContextTraced>false</isExecutionContextTraced>
            <saveExecutionContext>true</saveExecutionContext>
            <documentation isNull="true" />
            <isErrorHandlerEnabled>false</isErrorHandlerEnabled>
            <errorHandlerItemId isNull="true" />
            <guid>guid:5a54f1704f1c1577:-6b56085f:12370558356:-7f30</guid>
            <versionId>c8d1e7eb-02dd-4df6-89cf-9d54f8052521</versionId>
            <layoutData x="286" y="192">
                <errorLink>
                    <controlPoints />
                    <showEndState>false</showEndState>
                    <showName>false</showName>
                </errorLink>
            </layoutData>
            <TWComponent>
                <lastModified isNull="true" />
                <lastModifiedBy isNull="true" />
                <coachId>3003.5d78f854-47d3-4944-b9a9-96d8c551e07a</coachId>
                <title>Untitled2</title>
                <layoutRef>/20.fa3fc599-a72a-4a82-8f14-6bba1565444a</layoutRef>
                <layoutData isNull="true" />
                <xslRef isNull="true" />
                <guid>guid:5a54f1704f1c1577:-6b56085f:12370558356:-7f31</guid>
                <versionId>6a527caf-3f02-4ca2-a276-ea2b11a9c8c7</versionId>
                <CoachResources>
                    <lastModified isNull="true" />
                    <lastModifiedBy isNull="true" />
                    <coachResourceId>3004.de2dbcb2-b28f-4c52-8f6f-a262aec67f59</coachResourceId>
                    <coachId>3003.5d78f854-47d3-4944-b9a9-96d8c551e07a</coachId>
                    <virtualName>CoachDesignerXML</virtualName>
                    <type>text/HTML</type>
                    <resourceData>&lt;tw:Form xmlns:tw="http://lombardisoftware.com/schema/coachdesigner" xmlns:xsi="http://www.w3.org/2001/XMLSchema-instance" xsi:schemaLocation="http://lombardisoftware.com/schema/forms Form.xsd"&gt;
  &lt;tw:FormTitle&gt;Save Template&lt;/tw:FormTitle&gt;
  &lt;tw:Layout tw:id="section" tw:styleClass=""&gt;
    &lt;tw:Section tw:columns="1"&gt;
      &lt;tw:SectionTitle tw:id="sectionTitle" tw:visible="false"&gt;Section Title&lt;/tw:SectionTitle&gt;
      &lt;tw:SectionHeading tw:id="sectionHeading" tw:visible="false"&gt;Section Heading&lt;/tw:SectionHeading&gt;
      &lt;tw:Row tw:rows="2"&gt;
        &lt;tw:Column&gt;
          &lt;tw:Control tw:col="1" tw:colspan="1" tw:id="InputText0" tw:row="1" tw:rowspan="1"&gt;
            &lt;tw:Documentation&gt;Text as Input Text control with just one line.&lt;/tw:Documentation&gt;
            &lt;tw:PaletteIcon&gt;coachdesigner16/text_obj.gif&lt;/tw:PaletteIcon&gt;
            &lt;tw:InputText tw:binding="tw.local.templateName"&gt;
              &lt;tw:Label tw:visible="true"&gt;Template Name:&lt;/tw:Label&gt;
            &lt;/tw:InputText&gt;
          &lt;/tw:Control&gt;
          &lt;tw:Control tw:col="1" tw:colspan="1" tw:id="ButtonGroup0" tw:row="2" tw:rowspan="1"&gt;
            &lt;tw:Documentation&gt;A ButtonGroup containing one Button.&lt;/tw:Documentation&gt;
            &lt;tw:PaletteIcon&gt;coachdesigner16/button_obj.gif&lt;/tw:PaletteIcon&gt;
            &lt;tw:ButtonGroup&gt;
              &lt;tw:Label tw:visible="false"&gt;A Button:&lt;/tw:Label&gt;
              &lt;tw:Button tw:decisionPoint="true" tw:id="Button0"&gt;
                &lt;tw:Label&gt;Save&lt;/tw:Label&gt;
                &lt;tw:EventHandler tw:event="onClick" /&gt;
              &lt;/tw:Button&gt;
              &lt;tw:Button tw:decisionPoint="true" tw:id="Button1" tw:isCancel="true"&gt;
                &lt;tw:Label&gt;Cancel&lt;/tw:Label&gt;
              &lt;/tw:Button&gt;
            &lt;/tw:ButtonGroup&gt;
          &lt;/tw:Control&gt;
        &lt;/tw:Column&gt;
      &lt;/tw:Row&gt;
    &lt;/tw:Section&gt;
  &lt;/tw:Layout&gt;
&lt;/tw:Form&gt;

</resourceData>
                    <guid>guid:5a54f1704f1c1577:-6b56085f:12370558356:-7f2e</guid>
                    <versionId>9219a3f8-50f3-4f00-980e-1c4ec9c1919e</versionId>
                </CoachResources>
                <CoachButtons>
                    <lastModified isNull="true" />
                    <lastModifiedBy isNull="true" />
                    <coachButtonId>3005.04f82254-2bac-4829-8009-e4828b04d269</coachButtonId>
                    <coachId>3003.5d78f854-47d3-4944-b9a9-96d8c551e07a</coachId>
                    <seq>1</seq>
                    <endStateId>guid:5a54f1704f1c1577:-6b56085f:12370558356:-7f2c</endStateId>
                    <isSpecial>false</isSpecial>
                    <isDisplayed>true</isDisplayed>
                    <buttonLabel>Save</buttonLabel>
                    <buttonHint>ButtonGroup0_Button0</buttonHint>
                    <buttonText isNull="true" />
                    <isCheckBoxVisible>false</isCheckBoxVisible>
                    <isUncheckAllowed>false</isUncheckAllowed>
                    <metaData>CoachDesignerButtonId:ButtonGroup0_Button0;CoachDesignerIsCancel:false</metaData>
                    <buttonExpression>ButtonGroup0_Button0</buttonExpression>
                    <guid>500a8029-ca3a-41a0-a395-592f3760b3a4</guid>
                    <versionId>dd4e9718-571b-414e-9780-5c77c2f29384</versionId>
                </CoachButtons>
                <CoachButtons>
                    <lastModified isNull="true" />
                    <lastModifiedBy isNull="true" />
                    <coachButtonId>3005.94b81670-ae24-4cdf-b40f-567d71d5ba45</coachButtonId>
                    <coachId>3003.5d78f854-47d3-4944-b9a9-96d8c551e07a</coachId>
                    <seq>2</seq>
                    <endStateId>guid:5a54f1704f1c1577:-6b56085f:12370558356:-7f2a</endStateId>
                    <isSpecial>false</isSpecial>
                    <isDisplayed>true</isDisplayed>
                    <buttonLabel>Cancel</buttonLabel>
                    <buttonHint>ButtonGroup0_Button1</buttonHint>
                    <buttonText isNull="true" />
                    <isCheckBoxVisible>false</isCheckBoxVisible>
                    <isUncheckAllowed>false</isUncheckAllowed>
                    <metaData>CoachDesignerButtonId:ButtonGroup0_Button1;CoachDesignerIsCancel:true</metaData>
                    <buttonExpression>ButtonGroup0_Button1</buttonExpression>
                    <guid>9e56c645-3622-45cd-b481-6caf89f402db</guid>
                    <versionId>3f74008b-2cee-4fe4-ab07-a89585ae92b2</versionId>
                </CoachButtons>
            </TWComponent>
        </item>
        <item>
            <lastModified isNull="true" />
            <lastModifiedBy isNull="true" />
            <processItemId>2025.2601e71d-cff9-4a89-b45e-aa51be9e318b</processItemId>
            <processId>1.f19596ff-93b8-4f49-875c-1edec488e96a</processId>
            <name>Update Template?</name>
            <tWComponentName>Coach</tWComponentName>
            <tWComponentId>3003.4e462575-cdfb-4298-ba01-caa1b61fba5a</tWComponentId>
            <isLogEnabled>false</isLogEnabled>
            <isTraceEnabled>false</isTraceEnabled>
            <traceCategory isNull="true" />
            <traceLevel isNull="true" />
            <traceMessage isNull="true" />
            <traceSymbolTable isNull="true" />
            <isExecutionContextTraced>false</isExecutionContextTraced>
            <saveExecutionContext>true</saveExecutionContext>
            <documentation isNull="true" />
            <isErrorHandlerEnabled>false</isErrorHandlerEnabled>
            <errorHandlerItemId isNull="true" />
            <guid>guid:5a54f1704f1c1577:-6b56085f:12370558356:-7f3a</guid>
            <versionId>e2f4e992-3278-40c1-873e-c987eddacb53</versionId>
            <layoutData x="130" y="76">
                <errorLink>
                    <controlPoints />
                    <showEndState>false</showEndState>
                    <showName>false</showName>
                </errorLink>
            </layoutData>
            <TWComponent>
                <lastModified isNull="true" />
                <lastModifiedBy isNull="true" />
                <coachId>3003.4e462575-cdfb-4298-ba01-caa1b61fba5a</coachId>
                <title>Untitled1</title>
                <layoutRef>/20.fa3fc599-a72a-4a82-8f14-6bba1565444a</layoutRef>
                <layoutData isNull="true" />
                <xslRef isNull="true" />
                <guid>guid:5a54f1704f1c1577:-6b56085f:12370558356:-7f3b</guid>
                <versionId>0defe5d4-7b0c-416b-9657-6d42836944a1</versionId>
                <CoachResources>
                    <lastModified isNull="true" />
                    <lastModifiedBy isNull="true" />
                    <coachResourceId>3004.9c2c22b2-3e8c-4cb7-880a-020e56b64ff8</coachResourceId>
                    <coachId>3003.4e462575-cdfb-4298-ba01-caa1b61fba5a</coachId>
                    <virtualName>CoachDesignerXML</virtualName>
                    <type>text/HTML</type>
                    <resourceData>&lt;tw:Form xmlns:tw="http://lombardisoftware.com/schema/coachdesigner" xmlns:xsi="http://www.w3.org/2001/XMLSchema-instance" xsi:schemaLocation="http://lombardisoftware.com/schema/forms Form.xsd"&gt;
  &lt;tw:FormTitle&gt;Confirm Template Update&lt;/tw:FormTitle&gt;
  &lt;tw:Layout tw:id="section" tw:styleClass=""&gt;
    &lt;tw:Section tw:columns="1"&gt;
      &lt;tw:SectionTitle tw:id="sectionTitle" tw:visible="false"&gt;Section Title&lt;/tw:SectionTitle&gt;
      &lt;tw:SectionHeading tw:id="sectionHeading" tw:visible="false"&gt;Section Heading&lt;/tw:SectionHeading&gt;
      &lt;tw:Row tw:rows="2"&gt;
        &lt;tw:Column&gt;
          &lt;tw:Control tw:col="1" tw:colspan="1" tw:id="CustomHTML0" tw:row="1" tw:rowspan="1"&gt;
            &lt;tw:Documentation&gt;A block of HTML, possibly with embedded server side JavaScript surrounded by &amp;lt;#= and &amp;gt;, that is placed in the generated form.&lt;/tw:Documentation&gt;
            &lt;tw:PaletteIcon&gt;coachdesigner16/customhtml.gif&lt;/tw:PaletteIcon&gt;
            &lt;tw:LabeledCustomHTML&gt;
              &lt;tw:Content&gt;Are you sure you want to replace the template &amp;lt;#=tw.local.templateName#&amp;gt;?&lt;/tw:Content&gt;
            &lt;/tw:LabeledCustomHTML&gt;
          &lt;/tw:Control&gt;
          &lt;tw:Control tw:col="1" tw:colspan="1" tw:id="ButtonGroup0" tw:row="2" tw:rowspan="1"&gt;
            &lt;tw:Documentation&gt;A ButtonGroup containing one Button.&lt;/tw:Documentation&gt;
            &lt;tw:PaletteIcon&gt;coachdesigner16/button_obj.gif&lt;/tw:PaletteIcon&gt;
            &lt;tw:ButtonGroup&gt;
              &lt;tw:Label tw:visible="false"&gt;A Button:&lt;/tw:Label&gt;
              &lt;tw:Button tw:decisionPoint="true" tw:id="Button0"&gt;
                &lt;tw:Label&gt;Yes&lt;/tw:Label&gt;
                &lt;tw:EventHandler tw:event="onClick" /&gt;
              &lt;/tw:Button&gt;
              &lt;tw:Button tw:decisionPoint="true" tw:id="Button1" tw:isCancel="false"&gt;
                &lt;tw:Label&gt;No&lt;/tw:Label&gt;
                &lt;tw:EventHandler tw:event="onClick" /&gt;
              &lt;/tw:Button&gt;
            &lt;/tw:ButtonGroup&gt;
          &lt;/tw:Control&gt;
        &lt;/tw:Column&gt;
      &lt;/tw:Row&gt;
    &lt;/tw:Section&gt;
  &lt;/tw:Layout&gt;
&lt;/tw:Form&gt;

</resourceData>
                    <guid>guid:5a54f1704f1c1577:-6b56085f:12370558356:-7f38</guid>
                    <versionId>4c997944-e992-4652-a6c0-3850325be05e</versionId>
                </CoachResources>
                <CoachButtons>
                    <lastModified isNull="true" />
                    <lastModifiedBy isNull="true" />
                    <coachButtonId>3005.0e2286f8-316b-495a-9647-2abdbc4c7005</coachButtonId>
                    <coachId>3003.4e462575-cdfb-4298-ba01-caa1b61fba5a</coachId>
                    <seq>1</seq>
                    <endStateId>guid:5a54f1704f1c1577:-6b56085f:12370558356:-7f36</endStateId>
                    <isSpecial>false</isSpecial>
                    <isDisplayed>true</isDisplayed>
                    <buttonLabel>Yes</buttonLabel>
                    <buttonHint>ButtonGroup0_Button0</buttonHint>
                    <buttonText isNull="true" />
                    <isCheckBoxVisible>false</isCheckBoxVisible>
                    <isUncheckAllowed>false</isUncheckAllowed>
                    <metaData>CoachDesignerButtonId:ButtonGroup0_Button0;CoachDesignerIsCancel:false</metaData>
                    <buttonExpression>ButtonGroup0_Button0</buttonExpression>
                    <guid>6c11ff2d-0abb-49ca-be38-e96948944fce</guid>
                    <versionId>2ab3b22c-add1-4c2e-a371-93a18a420b6e</versionId>
                </CoachButtons>
                <CoachButtons>
                    <lastModified isNull="true" />
                    <lastModifiedBy isNull="true" />
                    <coachButtonId>3005.5c49fda3-6075-44d7-b03c-a0a72645f328</coachButtonId>
                    <coachId>3003.4e462575-cdfb-4298-ba01-caa1b61fba5a</coachId>
                    <seq>2</seq>
                    <endStateId>guid:5a54f1704f1c1577:-6b56085f:12370558356:-7f34</endStateId>
                    <isSpecial>false</isSpecial>
                    <isDisplayed>true</isDisplayed>
                    <buttonLabel>No</buttonLabel>
                    <buttonHint>ButtonGroup0_Button1</buttonHint>
                    <buttonText isNull="true" />
                    <isCheckBoxVisible>false</isCheckBoxVisible>
                    <isUncheckAllowed>false</isUncheckAllowed>
                    <metaData>CoachDesignerButtonId:ButtonGroup0_Button1;CoachDesignerIsCancel:false</metaData>
                    <buttonExpression>ButtonGroup0_Button1</buttonExpression>
                    <guid>8e788b01-edc7-4bb0-8e43-1f4c1f2140ee</guid>
                    <versionId>df7c09b3-42d0-4799-ab27-c66a1906b829</versionId>
                </CoachButtons>
            </TWComponent>
        </item>
        <startingProcessItemId>2025.d2ad4500-c2ce-4dfe-80f9-6d51ca89907f</startingProcessItemId>
        <errorHandlerItemId isNull="true" />
        <layoutData noConversion="true">
            <errorLink>
                <controlPoints />
                <showEndState>false</showEndState>
                <showName>false</showName>
            </errorLink>
        </layoutData>
        <startPoint>
            <layoutData x="19" y="201">
                <errorLink>
                    <controlPoints />
                    <showEndState>false</showEndState>
                    <showName>false</showName>
                </errorLink>
            </layoutData>
        </startPoint>
        <startLink>
            <fromPort locationId="rightCenter" portType="1" />
            <toPort locationId="leftCenter" portType="2" />
            <layoutData>
                <controlPoints />
                <showEndState>false</showEndState>
                <showName>false</showName>
            </layoutData>
        </startLink>
        <link name="Untitled">
            <lastModified isNull="true" />
            <lastModifiedBy isNull="true" />
            <processLinkId>2027.96ac04b6-d4f1-43bd-a009-e020086be77f</processLinkId>
            <processId>1.f19596ff-93b8-4f49-875c-1edec488e96a</processId>
            <description isNull="true" />
            <fromProcessItemId>2025.55de07ff-f462-48ce-acf7-015a464db797</fromProcessItemId>
            <endStateId>Out</endStateId>
            <toProcessItemId>2025.e89de155-ebf5-4035-80cd-b3d7d04b9a69</toProcessItemId>
            <guid>guid:5a54f1704f1c1577:-6b56085f:12370558356:-7f0f</guid>
            <versionId>17558079-5f0d-447a-a87f-2d1285744388</versionId>
            <layoutData>
                <controlPoints />
                <showEndState>false</showEndState>
                <showName>false</showName>
            </layoutData>
            <fromItemPort locationId="bottomCenter" portType="1" />
            <toItemPort locationId="topCenter" portType="2" />
            <fromProcessItemId>2025.55de07ff-f462-48ce-acf7-015a464db797</fromProcessItemId>
            <toProcessItemId>2025.e89de155-ebf5-4035-80cd-b3d7d04b9a69</toProcessItemId>
        </link>
        <link name="Untitled">
            <lastModified isNull="true" />
            <lastModifiedBy isNull="true" />
            <processLinkId>2027.7807954b-72bc-4baf-81ac-fcf48bfe66d8</processLinkId>
            <processId>1.f19596ff-93b8-4f49-875c-1edec488e96a</processId>
            <description isNull="true" />
            <fromProcessItemId>2025.e89de155-ebf5-4035-80cd-b3d7d04b9a69</fromProcessItemId>
            <endStateId>guid:5a54f1704f1c1577:-6b56085f:12370558356:-7f2a</endStateId>
            <toProcessItemId>2025.32bb6553-b51a-4780-8c02-f17cd94fc627</toProcessItemId>
            <guid>guid:5a54f1704f1c1577:-6b56085f:12370558356:-7f18</guid>
            <versionId>19f53bbb-0303-46e9-8ef5-f856a996680d</versionId>
            <layoutData>
                <controlPoints />
                <showEndState>true</showEndState>
                <showName>false</showName>
            </layoutData>
            <fromItemPort locationId="bottomCenter" portType="1" />
            <toItemPort locationId="leftCenter" portType="2" />
            <fromProcessItemId>2025.e89de155-ebf5-4035-80cd-b3d7d04b9a69</fromProcessItemId>
            <toProcessItemId>2025.32bb6553-b51a-4780-8c02-f17cd94fc627</toProcessItemId>
        </link>
        <link name="Untitled">
            <lastModified isNull="true" />
            <lastModifiedBy isNull="true" />
            <processLinkId>2027.5b2bea0f-cb6e-4572-9d6a-f9b408e2d143</processLinkId>
            <processId>1.f19596ff-93b8-4f49-875c-1edec488e96a</processId>
            <description isNull="true" />
            <fromProcessItemId>2025.663bef93-998d-4bc3-9cac-c7c197edf6df</fromProcessItemId>
            <endStateId>guid:5a54f1704f1c1577:-6b56085f:12370558356:-7f82</endStateId>
            <toProcessItemId>2025.8d5e65dd-3c73-4c6a-aa0a-00923e43dcc4</toProcessItemId>
            <guid>guid:5a54f1704f1c1577:-6b56085f:12370558356:-7f16</guid>
            <versionId>47decedf-04f9-4299-8382-e5daabbc5c6c</versionId>
            <layoutData>
                <controlPoints />
                <showEndState>false</showEndState>
                <showName>false</showName>
            </layoutData>
            <fromItemPort locationId="rightCenter" portType="1" />
            <toItemPort locationId="leftCenter" portType="2" />
            <fromProcessItemId>2025.663bef93-998d-4bc3-9cac-c7c197edf6df</fromProcessItemId>
            <toProcessItemId>2025.8d5e65dd-3c73-4c6a-aa0a-00923e43dcc4</toProcessItemId>
        </link>
        <link name="Yes">
            <lastModified isNull="true" />
            <lastModifiedBy isNull="true" />
            <processLinkId>2027.c9e63e0c-078e-4642-a87d-28dc152b76bc</processLinkId>
            <processId>1.f19596ff-93b8-4f49-875c-1edec488e96a</processId>
            <description isNull="true" />
            <fromProcessItemId>2025.d2ad4500-c2ce-4dfe-80f9-6d51ca89907f</fromProcessItemId>
            <endStateId>guid:5a54f1704f1c1577:-6b56085f:12370558356:-7f27</endStateId>
            <toProcessItemId>2025.2601e71d-cff9-4a89-b45e-aa51be9e318b</toProcessItemId>
            <guid>guid:5a54f1704f1c1577:-6b56085f:12370558356:-7f29</guid>
            <versionId>55fa1744-858e-4cd3-a28b-56a42fc1fb54</versionId>
            <layoutData>
                <controlPoints />
                <showEndState>false</showEndState>
                <showName>true</showName>
            </layoutData>
            <fromItemPort locationId="topCenter" portType="1" />
            <toItemPort locationId="bottomCenter" portType="2" />
            <fromProcessItemId>2025.d2ad4500-c2ce-4dfe-80f9-6d51ca89907f</fromProcessItemId>
            <toProcessItemId>2025.2601e71d-cff9-4a89-b45e-aa51be9e318b</toProcessItemId>
        </link>
        <link name="Untitled">
            <lastModified isNull="true" />
            <lastModifiedBy isNull="true" />
            <processLinkId>2027.2ef0202b-4de1-4bd0-b0bf-81e901db9592</processLinkId>
            <processId>1.f19596ff-93b8-4f49-875c-1edec488e96a</processId>
            <description isNull="true" />
            <fromProcessItemId>2025.2601e71d-cff9-4a89-b45e-aa51be9e318b</fromProcessItemId>
            <endStateId>guid:5a54f1704f1c1577:-6b56085f:12370558356:-7f36</endStateId>
            <toProcessItemId>2025.663bef93-998d-4bc3-9cac-c7c197edf6df</toProcessItemId>
            <guid>guid:5a54f1704f1c1577:-6b56085f:12370558356:-7f11</guid>
            <versionId>6044e8d7-c763-4446-a02e-5965863e8d62</versionId>
            <layoutData>
                <controlPoints />
                <showEndState>true</showEndState>
                <showName>false</showName>
            </layoutData>
            <fromItemPort locationId="topCenter" portType="1" />
            <toItemPort locationId="topCenter" portType="2" />
            <fromProcessItemId>2025.2601e71d-cff9-4a89-b45e-aa51be9e318b</fromProcessItemId>
            <toProcessItemId>2025.663bef93-998d-4bc3-9cac-c7c197edf6df</toProcessItemId>
        </link>
        <link name="No">
            <lastModified isNull="true" />
            <lastModifiedBy isNull="true" />
            <processLinkId>2027.0d98a258-a8a0-4323-8267-1c8ca7f4bfca</processLinkId>
            <processId>1.f19596ff-93b8-4f49-875c-1edec488e96a</processId>
            <description isNull="true" />
            <fromProcessItemId>2025.d2ad4500-c2ce-4dfe-80f9-6d51ca89907f</fromProcessItemId>
            <endStateId>DEFAULT</endStateId>
            <toProcessItemId>2025.e89de155-ebf5-4035-80cd-b3d7d04b9a69</toProcessItemId>
            <guid>guid:5a54f1704f1c1577:-6b56085f:12370558356:-7f26</guid>
            <versionId>6596d4b9-8d58-4d50-b51e-c88e885e8517</versionId>
            <layoutData>
                <controlPoints />
                <showEndState>false</showEndState>
                <showName>true</showName>
            </layoutData>
            <fromItemPort locationId="rightCenter" portType="1" />
            <toItemPort locationId="leftCenter" portType="2" />
            <fromProcessItemId>2025.d2ad4500-c2ce-4dfe-80f9-6d51ca89907f</fromProcessItemId>
            <toProcessItemId>2025.e89de155-ebf5-4035-80cd-b3d7d04b9a69</toProcessItemId>
        </link>
        <link name="Untitled">
            <lastModified isNull="true" />
            <lastModifiedBy isNull="true" />
            <processLinkId>2027.cf57bb1d-3207-44c3-a924-309e994fb816</processLinkId>
            <processId>1.f19596ff-93b8-4f49-875c-1edec488e96a</processId>
            <description isNull="true" />
            <fromProcessItemId>2025.2601e71d-cff9-4a89-b45e-aa51be9e318b</fromProcessItemId>
            <endStateId>guid:5a54f1704f1c1577:-6b56085f:12370558356:-7f34</endStateId>
            <toProcessItemId>2025.55de07ff-f462-48ce-acf7-015a464db797</toProcessItemId>
            <guid>guid:5a54f1704f1c1577:-6b56085f:12370558356:-7f10</guid>
            <versionId>83c43884-0f7e-40dc-9720-da9c3f780dda</versionId>
            <layoutData>
                <controlPoints />
                <showEndState>true</showEndState>
                <showName>false</showName>
            </layoutData>
            <fromItemPort locationId="rightCenter" portType="1" />
            <toItemPort locationId="leftCenter" portType="2" />
            <fromProcessItemId>2025.2601e71d-cff9-4a89-b45e-aa51be9e318b</fromProcessItemId>
            <toProcessItemId>2025.55de07ff-f462-48ce-acf7-015a464db797</toProcessItemId>
        </link>
        <link name="Untitled">
            <lastModified isNull="true" />
            <lastModifiedBy isNull="true" />
            <processLinkId>2027.83213855-7891-4ab0-8155-468fe8617b20</processLinkId>
            <processId>1.f19596ff-93b8-4f49-875c-1edec488e96a</processId>
            <description isNull="true" />
            <fromProcessItemId>2025.e89de155-ebf5-4035-80cd-b3d7d04b9a69</fromProcessItemId>
            <endStateId>guid:5a54f1704f1c1577:-6b56085f:12370558356:-7f2c</endStateId>
            <toProcessItemId>2025.663bef93-998d-4bc3-9cac-c7c197edf6df</toProcessItemId>
            <guid>guid:5a54f1704f1c1577:-6b56085f:12370558356:-7f19</guid>
            <versionId>f7347da9-e3c8-4569-a2cb-56bb87649c17</versionId>
            <layoutData>
                <controlPoints />
                <showEndState>true</showEndState>
                <showName>false</showName>
            </layoutData>
            <fromItemPort locationId="rightCenter" portType="1" />
            <toItemPort locationId="leftCenter" portType="2" />
            <fromProcessItemId>2025.e89de155-ebf5-4035-80cd-b3d7d04b9a69</fromProcessItemId>
            <toProcessItemId>2025.663bef93-998d-4bc3-9cac-c7c197edf6df</toProcessItemId>
        </link>
    </process>
</teamworks>

