<?xml version="1.0" encoding="UTF-8"?>
<teamworks>
    <process id="1.f4dba1a1-aaae-4534-a8b4-e8e973853818" name="lsw Create Conditional Activity Selection Tree HTML">
        <lastModified>1361372673512</lastModified>
        <lastModifiedBy>Internal TW Admin user</lastModifiedBy>
        <processId>1.f4dba1a1-aaae-4534-a8b4-e8e973853818</processId>
        <image isNull="true" />
        <tabGroup isNull="true" />
        <startingProcessItemId>2025.f6413e17-59f8-4973-8d48-112d5f468ba7</startingProcessItemId>
        <isRootProcess>false</isRootProcess>
        <processType>6</processType>
        <isErrorHandlerEnabled>false</isErrorHandlerEnabled>
        <errorHandlerItemId isNull="true" />
        <isLoggingVariables>false</isLoggingVariables>
        <isTransactional>false</isTransactional>
        <processTimingLevel isNull="true" />
        <participantRef isNull="true" />
        <exposedType isNull="true" />
        <isTrackingEnabled>true</isTrackingEnabled>
        <xmlData isNull="true" />
        <cachingType>false</cachingType>
        <itemLabel isNull="true" />
        <cacheLength>43200</cacheLength>
        <mobileReady>false</mobileReady>
        <sboSyncEnabled>true</sboSyncEnabled>
        <externalId isNull="true" />
        <isSecured>false</isSecured>
        <description isNull="true" />
        <guid>guid:5a54f1704f1c1577:-6b56085f:12370558356:-7f0d</guid>
        <versionId>bb9b7a82-edff-4f55-86dd-c2c3d0695cd7</versionId>
        <dependencySummary isNull="true" />
        <processParameter name="conditionalActivities">
            <lastModified isNull="true" />
            <lastModifiedBy isNull="true" />
            <processParameterId>2055.599adf4b-4ad5-4cbc-874f-2c01a672149e</processParameterId>
            <processId>1.f4dba1a1-aaae-4534-a8b4-e8e973853818</processId>
            <parameterType>1</parameterType>
            <isArrayOf>true</isArrayOf>
            <classId>/12.4b7c93cd-cecb-4b9f-b753-43ef956d8169</classId>
            <seq>1</seq>
            <hasDefault>false</hasDefault>
            <defaultValue isNull="true" />
            <isLocked>false</isLocked>
            <description isNull="true" />
            <guid>guid:5a54f1704f1c1577:-6b56085f:12370558356:-7f05</guid>
            <versionId>384201e1-fec8-4381-8e3e-d48b750014d6</versionId>
        </processParameter>
        <processParameter name="selectedConditionalActivities">
            <lastModified isNull="true" />
            <lastModifiedBy isNull="true" />
            <processParameterId>2055.d4bab48c-9ec7-40d8-b330-fc430872e79c</processParameterId>
            <processId>1.f4dba1a1-aaae-4534-a8b4-e8e973853818</processId>
            <parameterType>1</parameterType>
            <isArrayOf>true</isArrayOf>
            <classId>/12.db884a3c-c533-44b7-bb2d-47bec8ad4022</classId>
            <seq>2</seq>
            <hasDefault>true</hasDefault>
            <defaultValue>var autoObject = new tw.object.arrayOf.String();
autoObject[0] = "";
autoObject
</defaultValue>
            <isLocked>false</isLocked>
            <description isNull="true" />
            <guid>guid:5a54f1704f1c1577:-6b56085f:12370558356:-7f04</guid>
            <versionId>45b62d42-eca4-426a-9c3d-4f2573a06f7c</versionId>
        </processParameter>
        <processParameter name="selectionVariableName">
            <lastModified isNull="true" />
            <lastModifiedBy isNull="true" />
            <processParameterId>2055.5b538c8b-2664-4b58-8ab5-cea0e75a874d</processParameterId>
            <processId>1.f4dba1a1-aaae-4534-a8b4-e8e973853818</processId>
            <parameterType>1</parameterType>
            <isArrayOf>false</isArrayOf>
            <classId>/12.db884a3c-c533-44b7-bb2d-47bec8ad4022</classId>
            <seq>3</seq>
            <hasDefault>true</hasDefault>
            <defaultValue>"tw.local.selectedConditionalActivities"</defaultValue>
            <isLocked>false</isLocked>
            <description>This should be the name of the selection variable, e.g. tw.local.selectedConditionalActivities</description>
            <guid>guid:5a54f1704f1c1577:-6b56085f:12370558356:-7f03</guid>
            <versionId>25f113e3-053e-49fe-99e4-03b26e715855</versionId>
        </processParameter>
        <processParameter name="isReadOnly">
            <lastModified isNull="true" />
            <lastModifiedBy isNull="true" />
            <processParameterId>2055.298fcfbd-7c5a-4b69-9380-dae362c75d4b</processParameterId>
            <processId>1.f4dba1a1-aaae-4534-a8b4-e8e973853818</processId>
            <parameterType>1</parameterType>
            <isArrayOf>false</isArrayOf>
            <classId>/12.83ff975e-8dbc-42e5-b738-fa8bc08274a2</classId>
            <seq>4</seq>
            <hasDefault>true</hasDefault>
            <defaultValue>false</defaultValue>
            <isLocked>false</isLocked>
            <description isNull="true" />
            <guid>guid:5a54f1704f1c1577:-6b56085f:12370558356:-7f02</guid>
            <versionId>ac187057-fd87-4391-bc43-ec599bcbadb9</versionId>
        </processParameter>
        <processParameter name="conditionalActivitySelectionTreeHTML">
            <lastModified isNull="true" />
            <lastModifiedBy isNull="true" />
            <processParameterId>2055.9fc09732-0162-4010-a899-287759cb54e1</processParameterId>
            <processId>1.f4dba1a1-aaae-4534-a8b4-e8e973853818</processId>
            <parameterType>2</parameterType>
            <isArrayOf>false</isArrayOf>
            <classId>/12.db884a3c-c533-44b7-bb2d-47bec8ad4022</classId>
            <seq>5</seq>
            <hasDefault>false</hasDefault>
            <defaultValue isNull="true" />
            <isLocked>false</isLocked>
            <description isNull="true" />
            <guid>guid:5a54f1704f1c1577:-6b56085f:12370558356:-7f01</guid>
            <versionId>8a0fd601-c9b0-4c3d-b023-6a74f9727d27</versionId>
        </processParameter>
        <item>
            <lastModified isNull="true" />
            <lastModifiedBy isNull="true" />
            <processItemId>2025.f6413e17-59f8-4973-8d48-112d5f468ba7</processItemId>
            <processId>1.f4dba1a1-aaae-4534-a8b4-e8e973853818</processId>
            <name>Create Tree HTML</name>
            <tWComponentName>Script</tWComponentName>
            <tWComponentId>3011.daeb1ea6-d861-42d2-8126-6d4d002f3e61</tWComponentId>
            <isLogEnabled>false</isLogEnabled>
            <isTraceEnabled>false</isTraceEnabled>
            <traceCategory isNull="true" />
            <traceLevel isNull="true" />
            <traceMessage isNull="true" />
            <traceSymbolTable isNull="true" />
            <isExecutionContextTraced>false</isExecutionContextTraced>
            <saveExecutionContext>false</saveExecutionContext>
            <documentation isNull="true" />
            <isErrorHandlerEnabled>false</isErrorHandlerEnabled>
            <errorHandlerItemId isNull="true" />
            <guid>guid:5a54f1704f1c1577:-6b56085f:12370558356:-7f06</guid>
            <versionId>4bd54cd6-1db3-4838-8b5d-46fe91d6b616</versionId>
            <layoutData x="150" y="85">
                <errorLink>
                    <controlPoints />
                    <showEndState>false</showEndState>
                    <showName>false</showName>
                </errorLink>
            </layoutData>
            <TWComponent>
                <lastModified isNull="true" />
                <lastModifiedBy isNull="true" />
                <scriptId>3011.daeb1ea6-d861-42d2-8126-6d4d002f3e61</scriptId>
                <scriptTypeId>128</scriptTypeId>
                <isActive>true</isActive>
                <script>tw.local.conditionalActivitySelectionTreeHTML
&lt;#
  var caValuesFieldName = "MLT_SELECTION_LIST_" + tw.local.selectionVariableName.replace(/\./g, "#");
#&gt;

&lt;style type="text/css"&gt;
	@import "../portal/js/dojo/1.6.1/dijit/themes/soria/soria.css";
	@import "../portal/js/dojo/1.6.1/dojo/resources/dojo.css";
&lt;/style&gt;
&lt;link rel="stylesheet" type="text/css" href="../portal/js/dojo/1.6.1/dijit/themes/soria/soria.css"&gt;

&lt;# if(!tw.local.isReadOnly) { #&gt;
	&lt;a href="#" id="selectAllLink"&gt;Select All&lt;/a&gt;&amp;nbsp;&amp;nbsp;&amp;nbsp;&lt;a href="#" id="deselectAllLink"&gt;Deselect All&lt;/a&gt;
&lt;# } #&gt;

&lt;div id="conditionalActivitySelectionTree"&gt;conditionalActivitySelectionTreeHTML&lt;/div&gt;
&lt;input type="hidden" name="&lt;#=caValuesFieldName#&gt;" id="&lt;#=caValuesFieldName#&gt;" value=" "&gt;

&lt;script type="text/javascript" src="../portal/js/dojo/1.6.1/dojo/dojo.js"
        dojoConfig="parseOnLoad:true" &gt;
&lt;/script&gt;

&lt;SCRIPT&gt;
	dojo.require("dijit.tree.TreeStoreModel");
	dojo.require("dijit.Tree");
	dojo.require("dojo.data.ItemFileWriteStore");

	dojo.registerModulePath("lombardi","/teamworks/script/widgets");
	dojo.require("lombardi.CheckBoxTree");
	
	dojo.addOnLoad(function() {
		var treeData = {
					"identifier": "id",
					"bpdid": "value",
					"label": "name",
					"items": [
						{ id: "root", children:
							[&lt;#addTreeDataNode(tw.local.conditionalActivities, "root")#&gt;]
						}]};

&lt;#
var idx = 1;
function addTreeDataNode(caList, path) {
  for(var i = 0; i &lt; caList.listLength; i++) {
    var currentNode = "n_" + idx++;
    log.info(caList[i].id);
#&gt;

{
	id: "&lt;#= path+'.'+caList[i].id #&gt;",
	value: "&lt;#= caList[i].id #&gt;",  
	name: "&lt;#= caList[i].name #&gt;"
	
	&lt;#if(caList[i].isConditional) {#&gt;, checkbox: false&lt;#}#&gt;

	&lt;#if (caList[i].children != null) {#&gt;
		, children: [&lt;#addTreeDataNode(caList[i].children, path+"."+caList[i].name);#&gt;]
	&lt;#}#&gt;
}

	&lt;#if(i&lt;caList.listLength-1) {#&gt;,&lt;#}#&gt;

  &lt;#}#&gt;
&lt;#}#&gt;

	// Load tree data into data source.
	var data =  new dojo.data.ItemFileWriteStore({
		data: treeData,
		idAttribute: "id"
	});
	
	// Bind data source to tree data.
	var treeModel = new lombardi.CheckBoxStoreModel({
		store: data,
		query: {id: 'root'},
		labelAttr: "name"
	});
	
	// Bind data source to tree widget.
    var tree = new lombardi.CheckBoxTree({ model: treeModel, showRoot: false}, "conditionalActivitySelectionTree");
	
&lt;# if(!tw.local.isReadOnly) { #&gt;
	document.getElementById("selectAllLink").onclick = function() {
		tree.setAll(true);
	}
	document.getElementById("deselectAllLink").onclick = function() {
		tree.setAll(false);
	}
&lt;# } #&gt;
	
	tree.setReadOnly(&lt;#=tw.local.isReadOnly#&gt;);
	tree.setCheckboxNames("&lt;#=caValuesFieldName#&gt;");
	
&lt;#
	if(tw.local.selectedConditionalActivities != null) {
		for(var i = 0; i &lt; tw.local.selectedConditionalActivities.listLength; i++) {
#&gt;
			tree.setById("&lt;#=tw.local.selectedConditionalActivities[i]#&gt;", true);
&lt;#
		}
	}
#&gt;
});
&lt;/SCRIPT&gt;</script>
                <isRule>false</isRule>
                <guid>guid:5a54f1704f1c1577:-6b56085f:12370558356:-7f07</guid>
                <versionId>fc975b94-1bcd-4b73-b05a-f515691dba60</versionId>
            </TWComponent>
        </item>
        <item>
            <lastModified isNull="true" />
            <lastModifiedBy isNull="true" />
            <processItemId>2025.7fcb5163-f395-4e70-ab96-8dde99d58c2f</processItemId>
            <processId>1.f4dba1a1-aaae-4534-a8b4-e8e973853818</processId>
            <name>End</name>
            <tWComponentName>ExitPoint</tWComponentName>
            <tWComponentId>3008.1974cb47-c7f8-45f0-9f5f-96f9b31d75e7</tWComponentId>
            <isLogEnabled>false</isLogEnabled>
            <isTraceEnabled>false</isTraceEnabled>
            <traceCategory isNull="true" />
            <traceLevel isNull="true" />
            <traceMessage isNull="true" />
            <traceSymbolTable isNull="true" />
            <isExecutionContextTraced>false</isExecutionContextTraced>
            <saveExecutionContext>true</saveExecutionContext>
            <documentation isNull="true" />
            <isErrorHandlerEnabled>false</isErrorHandlerEnabled>
            <errorHandlerItemId isNull="true" />
            <guid>guid:5a54f1704f1c1577:-6b56085f:12370558356:-7f0b</guid>
            <versionId>bf78ca9c-3a26-4b78-bf4a-c727b2a12136</versionId>
            <layoutData x="300" y="100">
                <errorLink>
                    <controlPoints />
                    <showEndState>false</showEndState>
                    <showName>false</showName>
                </errorLink>
            </layoutData>
            <TWComponent>
                <lastModified isNull="true" />
                <lastModifiedBy isNull="true" />
                <exitPointId>3008.1974cb47-c7f8-45f0-9f5f-96f9b31d75e7</exitPointId>
                <haltProcess>false</haltProcess>
                <guid>guid:5a54f1704f1c1577:-6b56085f:12370558356:-7f0a</guid>
                <versionId>752b76eb-c76a-49e5-8eab-41b413267afd</versionId>
            </TWComponent>
        </item>
        <startingProcessItemId>2025.f6413e17-59f8-4973-8d48-112d5f468ba7</startingProcessItemId>
        <errorHandlerItemId isNull="true" />
        <layoutData noConversion="true">
            <errorLink>
                <controlPoints />
                <showEndState>false</showEndState>
                <showName>false</showName>
            </errorLink>
        </layoutData>
        <startPoint>
            <layoutData x="20" y="100">
                <errorLink>
                    <controlPoints />
                    <showEndState>false</showEndState>
                    <showName>false</showName>
                </errorLink>
            </layoutData>
        </startPoint>
        <startLink>
            <fromPort locationId="rightCenter" portType="1" />
            <toPort locationId="leftCenter" portType="2" />
            <layoutData>
                <controlPoints />
                <showEndState>false</showEndState>
                <showName>false</showName>
            </layoutData>
        </startLink>
        <link name="Untitled">
            <lastModified isNull="true" />
            <lastModifiedBy isNull="true" />
            <processLinkId>2027.c762772e-5dc9-4f10-a008-dd65d3e1e50d</processLinkId>
            <processId>1.f4dba1a1-aaae-4534-a8b4-e8e973853818</processId>
            <description isNull="true" />
            <fromProcessItemId>2025.f6413e17-59f8-4973-8d48-112d5f468ba7</fromProcessItemId>
            <endStateId>Out</endStateId>
            <toProcessItemId>2025.7fcb5163-f395-4e70-ab96-8dde99d58c2f</toProcessItemId>
            <guid>guid:5a54f1704f1c1577:-6b56085f:12370558356:-7f00</guid>
            <versionId>f0741c48-76a5-4218-b2c6-86578c3e824c</versionId>
            <layoutData>
                <controlPoints />
                <showEndState>false</showEndState>
                <showName>false</showName>
            </layoutData>
            <fromItemPort locationId="rightCenter" portType="1" />
            <toItemPort locationId="leftCenter" portType="2" />
            <fromProcessItemId>2025.f6413e17-59f8-4973-8d48-112d5f468ba7</fromProcessItemId>
            <toProcessItemId>2025.7fcb5163-f395-4e70-ab96-8dde99d58c2f</toProcessItemId>
        </link>
    </process>
</teamworks>

