<?xml version="1.0" encoding="UTF-8"?>
<teamworks>
    <process id="1.f5a30b77-741c-40d0-a521-5b36f224f6b7" name="SQL Call Multiple Stored Procedures  (SQLResult)">
        <lastModified>1361372673512</lastModified>
        <lastModifiedBy>Internal TW Admin user</lastModifiedBy>
        <processId>1.f5a30b77-741c-40d0-a521-5b36f224f6b7</processId>
        <image isNull="true" />
        <tabGroup isNull="true" />
        <startingProcessItemId>2025.afc78c19-9b1e-4475-b83f-7d6b652bf94e</startingProcessItemId>
        <isRootProcess>false</isRootProcess>
        <processType>4</processType>
        <isErrorHandlerEnabled>false</isErrorHandlerEnabled>
        <errorHandlerItemId isNull="true" />
        <isLoggingVariables>false</isLoggingVariables>
        <isTransactional>false</isTransactional>
        <processTimingLevel isNull="true" />
        <participantRef isNull="true" />
        <exposedType isNull="true" />
        <isTrackingEnabled>true</isTrackingEnabled>
        <xmlData isNull="true" />
        <cachingType>false</cachingType>
        <itemLabel isNull="true" />
        <cacheLength>43200</cacheLength>
        <mobileReady>false</mobileReady>
        <sboSyncEnabled>true</sboSyncEnabled>
        <externalId isNull="true" />
        <isSecured>false</isSecured>
        <description>Calls multiple SQL stored procedures or functions and returns the results based on the supplied return type.</description>
        <guid>guid:b5ffa6577ed3a684:-4e3a2174:115951f71d3:-7fec</guid>
        <versionId>0bd9a8aa-1192-420c-8e5c-c75f286e8ca4</versionId>
        <dependencySummary isNull="true" />
        <processParameter name="sqlStatements">
            <lastModified isNull="true" />
            <lastModifiedBy isNull="true" />
            <processParameterId>2055.02b7bb02-8645-4622-a4d7-5bea6c3ebcf5</processParameterId>
            <processId>1.f5a30b77-741c-40d0-a521-5b36f224f6b7</processId>
            <parameterType>1</parameterType>
            <isArrayOf>true</isArrayOf>
            <classId>/12.3990d8b4-983d-4250-bd06-3600f527fed0</classId>
            <seq>1</seq>
            <hasDefault>false</hasDefault>
            <defaultValue isNull="true" />
            <isLocked>false</isLocked>
            <description isNull="true" />
            <guid>guid:197d4ddc90fc5427:-1c619ffe:11def1582ed:-7909</guid>
            <versionId>01c17510-a083-49ed-ac33-1c2c44e07387</versionId>
        </processParameter>
        <processParameter name="dataSourceName">
            <lastModified isNull="true" />
            <lastModifiedBy isNull="true" />
            <processParameterId>2055.2061c64e-6a53-42be-ac6d-1d4e052e2bc4</processParameterId>
            <processId>1.f5a30b77-741c-40d0-a521-5b36f224f6b7</processId>
            <parameterType>1</parameterType>
            <isArrayOf>false</isArrayOf>
            <classId>/12.db884a3c-c533-44b7-bb2d-47bec8ad4022</classId>
            <seq>2</seq>
            <hasDefault>true</hasDefault>
            <defaultValue>"jdbc/TeamWorksDB"</defaultValue>
            <isLocked>false</isLocked>
            <description isNull="true" />
            <guid>guid:197d4ddc90fc5427:-1c619ffe:11def1582ed:-7907</guid>
            <versionId>16b145db-5a4b-4bcc-a62f-002a89b529ff</versionId>
        </processParameter>
        <processParameter name="results">
            <lastModified isNull="true" />
            <lastModifiedBy isNull="true" />
            <processParameterId>2055.62853ada-5936-491e-8dda-1e7b460152e6</processParameterId>
            <processId>1.f5a30b77-741c-40d0-a521-5b36f224f6b7</processId>
            <parameterType>2</parameterType>
            <isArrayOf>true</isArrayOf>
            <classId>/12.3b1e3757-a1f4-4c3f-bbb8-16fecd4d65c1</classId>
            <seq>3</seq>
            <hasDefault>false</hasDefault>
            <defaultValue isNull="true" />
            <isLocked>false</isLocked>
            <description isNull="true" />
            <guid>guid:197d4ddc90fc5427:-1c619ffe:11def1582ed:-7905</guid>
            <versionId>b7ad5dac-f2c3-4320-b06e-f696aae4c18b</versionId>
        </processParameter>
        <processVariable name="returnType">
            <lastModified isNull="true" />
            <lastModifiedBy isNull="true" />
            <processVariableId>2056.dc1def85-f0ca-41cd-a20a-01ef18f69d3e</processVariableId>
            <description isNull="true" />
            <processId>1.f5a30b77-741c-40d0-a521-5b36f224f6b7</processId>
            <namespace>2</namespace>
            <seq>1</seq>
            <isArrayOf>false</isArrayOf>
            <classId>/12.db884a3c-c533-44b7-bb2d-47bec8ad4022</classId>
            <hasDefault>true</hasDefault>
            <defaultValue>"SQLResult"</defaultValue>
            <guid>guid:197d4ddc90fc5427:-1c619ffe:11def1582ed:-78ff</guid>
            <versionId>9dbcc09a-61bf-4350-8c0b-414aa95421f8</versionId>
        </processVariable>
        <item>
            <lastModified isNull="true" />
            <lastModifiedBy isNull="true" />
            <processItemId>2025.bcc1bdb3-6e2e-4c2e-8987-973a4a7c0684</processItemId>
            <processId>1.f5a30b77-741c-40d0-a521-5b36f224f6b7</processId>
            <name>End</name>
            <tWComponentName>ExitPoint</tWComponentName>
            <tWComponentId>3008.88e2c86f-c02a-4b20-8f5f-6b7337b47d6e</tWComponentId>
            <isLogEnabled>false</isLogEnabled>
            <isTraceEnabled>false</isTraceEnabled>
            <traceCategory isNull="true" />
            <traceLevel isNull="true" />
            <traceMessage isNull="true" />
            <traceSymbolTable isNull="true" />
            <isExecutionContextTraced>false</isExecutionContextTraced>
            <saveExecutionContext>true</saveExecutionContext>
            <documentation isNull="true" />
            <isErrorHandlerEnabled>false</isErrorHandlerEnabled>
            <errorHandlerItemId isNull="true" />
            <guid>guid:b5ffa6577ed3a684:-4e3a2174:115951f71d3:-7feb</guid>
            <versionId>07b87c96-9d57-4bec-b31c-a60cd9917f7c</versionId>
            <layoutData x="280" y="100">
                <errorLink>
                    <controlPoints />
                    <showEndState>false</showEndState>
                    <showName>false</showName>
                </errorLink>
            </layoutData>
            <TWComponent>
                <lastModified isNull="true" />
                <lastModifiedBy isNull="true" />
                <exitPointId>3008.88e2c86f-c02a-4b20-8f5f-6b7337b47d6e</exitPointId>
                <haltProcess>false</haltProcess>
                <guid>guid:197d4ddc90fc5427:-1c619ffe:11def1582ed:-7901</guid>
                <versionId>a4edd968-3636-4617-8bb5-6bf04bf5679d</versionId>
            </TWComponent>
        </item>
        <item>
            <lastModified isNull="true" />
            <lastModifiedBy isNull="true" />
            <processItemId>2025.afc78c19-9b1e-4475-b83f-7d6b652bf94e</processItemId>
            <processId>1.f5a30b77-741c-40d0-a521-5b36f224f6b7</processId>
            <name>SQL Call Multiple Stored Procedures</name>
            <tWComponentName>SubProcess</tWComponentName>
            <tWComponentId>3012.ff5dfbf3-4930-46f0-adda-85b3dd2a7104</tWComponentId>
            <isLogEnabled>false</isLogEnabled>
            <isTraceEnabled>false</isTraceEnabled>
            <traceCategory isNull="true" />
            <traceLevel isNull="true" />
            <traceMessage isNull="true" />
            <traceSymbolTable isNull="true" />
            <isExecutionContextTraced>false</isExecutionContextTraced>
            <saveExecutionContext>false</saveExecutionContext>
            <documentation isNull="true" />
            <isErrorHandlerEnabled>false</isErrorHandlerEnabled>
            <errorHandlerItemId isNull="true" />
            <guid>guid:12be50909032b80c:-237c9734:11f3e0778ac:-6ad0</guid>
            <versionId>697e4b27-b1ee-4472-91f3-2d27b38a8eb5</versionId>
            <layoutData x="130" y="85">
                <errorLink>
                    <controlPoints />
                    <showEndState>false</showEndState>
                    <showName>false</showName>
                </errorLink>
            </layoutData>
            <TWComponent>
                <lastModified isNull="true" />
                <lastModifiedBy isNull="true" />
                <subProcessId>3012.ff5dfbf3-4930-46f0-adda-85b3dd2a7104</subProcessId>
                <attachedProcessRef>/1.c4631faa-1372-42eb-a4a2-7f2e86f95f83</attachedProcessRef>
                <guid>guid:12be50909032b80c:-237c9734:11f3e0778ac:-6acf</guid>
                <versionId>799db5dd-5f6d-4261-bc2e-b48360f6ddf7</versionId>
                <parameterMapping name="sqlStatements">
                    <lastModified isNull="true" />
                    <lastModifiedBy isNull="true" />
                    <parameterMappingId>2054.db9a4e3d-e30f-494f-b816-cb293ed71607</parameterMappingId>
                    <processParameterId>2055.ea642f5b-029c-4613-8b2c-c01a34c186a3</processParameterId>
                    <parameterMappingParentId>3012.ff5dfbf3-4930-46f0-adda-85b3dd2a7104</parameterMappingParentId>
                    <useDefault>false</useDefault>
                    <value>tw.local.sqlStatements</value>
                    <classRef>/12.3990d8b4-983d-4250-bd06-3600f527fed0</classRef>
                    <isList>true</isList>
                    <isInput>true</isInput>
                    <guid>guid:12be50909032b80c:-237c9734:11f3e0778ac:-6abf</guid>
                    <versionId>103eff02-dca7-4545-be2a-afec830ce46f</versionId>
                    <description isNull="true" />
                </parameterMapping>
                <parameterMapping name="dataSourceName">
                    <lastModified isNull="true" />
                    <lastModifiedBy isNull="true" />
                    <parameterMappingId>2054.a697a43a-b798-41c8-be01-9539bc6108f4</parameterMappingId>
                    <processParameterId>2055.66d1f197-84cf-41aa-83ac-444cdebe7ef4</processParameterId>
                    <parameterMappingParentId>3012.ff5dfbf3-4930-46f0-adda-85b3dd2a7104</parameterMappingParentId>
                    <useDefault>false</useDefault>
                    <value>tw.local.dataSourceName</value>
                    <classRef>/12.db884a3c-c533-44b7-bb2d-47bec8ad4022</classRef>
                    <isList>false</isList>
                    <isInput>true</isInput>
                    <guid>guid:12be50909032b80c:-237c9734:11f3e0778ac:-6abd</guid>
                    <versionId>71bd7636-e211-44b2-9bec-4e61a881688d</versionId>
                    <description isNull="true" />
                </parameterMapping>
                <parameterMapping name="results">
                    <lastModified isNull="true" />
                    <lastModifiedBy isNull="true" />
                    <parameterMappingId>2054.edbe709d-7a78-4894-8bad-d8c27c4bcde4</parameterMappingId>
                    <processParameterId>2055.f8a84a7e-6d5f-49c1-9ff3-65560783a876</processParameterId>
                    <parameterMappingParentId>3012.ff5dfbf3-4930-46f0-adda-85b3dd2a7104</parameterMappingParentId>
                    <useDefault>false</useDefault>
                    <value>tw.local.results</value>
                    <classRef>/12.c09c9b6e-aabd-4897-bef2-ed61db106297</classRef>
                    <isList>false</isList>
                    <isInput>false</isInput>
                    <guid>guid:12be50909032b80c:-237c9734:11f3e0778ac:-6a91</guid>
                    <versionId>7be50b45-c5d7-41ee-ae81-be4330abe52b</versionId>
                    <description isNull="true" />
                </parameterMapping>
                <parameterMapping name="returnType">
                    <lastModified isNull="true" />
                    <lastModifiedBy isNull="true" />
                    <parameterMappingId>2054.d662bd10-4f4e-4a90-b064-ea94ea20e758</parameterMappingId>
                    <processParameterId>2055.7f0e0551-4f4b-4b7e-8fc6-5153c90bf984</processParameterId>
                    <parameterMappingParentId>3012.ff5dfbf3-4930-46f0-adda-85b3dd2a7104</parameterMappingParentId>
                    <useDefault>false</useDefault>
                    <value>"SQLResult"</value>
                    <classRef>/12.db884a3c-c533-44b7-bb2d-47bec8ad4022</classRef>
                    <isList>false</isList>
                    <isInput>true</isInput>
                    <guid>guid:12be50909032b80c:-237c9734:11f3e0778ac:-6abe</guid>
                    <versionId>ce084fc6-a0d5-4cd0-a58a-b0a2a911e3f8</versionId>
                    <description isNull="true" />
                </parameterMapping>
            </TWComponent>
        </item>
        <startingProcessItemId>2025.afc78c19-9b1e-4475-b83f-7d6b652bf94e</startingProcessItemId>
        <errorHandlerItemId isNull="true" />
        <layoutData noConversion="true">
            <errorLink>
                <controlPoints />
                <showEndState>false</showEndState>
                <showName>false</showName>
            </errorLink>
        </layoutData>
        <startPoint>
            <layoutData x="20" y="100">
                <errorLink>
                    <controlPoints />
                    <showEndState>false</showEndState>
                    <showName>false</showName>
                </errorLink>
            </layoutData>
        </startPoint>
        <startLink>
            <fromPort locationId="rightCenter" portType="1" />
            <toPort locationId="leftCenter" portType="2" />
            <layoutData>
                <controlPoints />
                <showEndState>false</showEndState>
                <showName>false</showName>
            </layoutData>
        </startLink>
        <link name="Untitled">
            <lastModified isNull="true" />
            <lastModifiedBy isNull="true" />
            <processLinkId>2027.3fb3a2d5-fce8-4aca-9b03-bb1289bef7e5</processLinkId>
            <processId>1.f5a30b77-741c-40d0-a521-5b36f224f6b7</processId>
            <description isNull="true" />
            <fromProcessItemId>2025.afc78c19-9b1e-4475-b83f-7d6b652bf94e</fromProcessItemId>
            <endStateId>guid:a93dd992dce2d4cc:-381cc70d:115a5e00b05:-7fe8</endStateId>
            <toProcessItemId>2025.bcc1bdb3-6e2e-4c2e-8987-973a4a7c0684</toProcessItemId>
            <guid>guid:12be50909032b80c:-237c9734:11f3e0778ac:-6a97</guid>
            <versionId>9baec2b6-60bf-4db6-a997-6bb81c34ae23</versionId>
            <layoutData>
                <controlPoints />
                <showEndState>false</showEndState>
                <showName>false</showName>
            </layoutData>
            <fromItemPort locationId="rightCenter" portType="1" />
            <toItemPort locationId="leftCenter" portType="2" />
            <fromProcessItemId>2025.afc78c19-9b1e-4475-b83f-7d6b652bf94e</fromProcessItemId>
            <toProcessItemId>2025.bcc1bdb3-6e2e-4c2e-8987-973a4a7c0684</toProcessItemId>
        </link>
    </process>
</teamworks>

