<?xml version="1.0" encoding="UTF-8"?>
<teamworks>
    <process id="1.f739fe14-5f7d-4ee7-9de0-075e51295d13" name="Heritage Default Human Service">
        <lastModified>1361372673512</lastModified>
        <lastModifiedBy>Internal TW Admin user</lastModifiedBy>
        <processId>1.f739fe14-5f7d-4ee7-9de0-075e51295d13</processId>
        <image isNull="true" />
        <tabGroup isNull="true" />
        <startingProcessItemId>2025.ac34f458-2379-44fc-a762-a24cce8c52f4</startingProcessItemId>
        <isRootProcess>false</isRootProcess>
        <processType>3</processType>
        <isErrorHandlerEnabled>false</isErrorHandlerEnabled>
        <errorHandlerItemId isNull="true" />
        <isLoggingVariables>false</isLoggingVariables>
        <isTransactional>false</isTransactional>
        <processTimingLevel isNull="true" />
        <participantRef isNull="true" />
        <exposedType isNull="true" />
        <isTrackingEnabled>true</isTrackingEnabled>
        <xmlData isNull="true" />
        <cachingType>false</cachingType>
        <itemLabel isNull="true" />
        <cacheLength>43200</cacheLength>
        <mobileReady>false</mobileReady>
        <sboSyncEnabled>true</sboSyncEnabled>
        <externalId isNull="true" />
        <isSecured>false</isSecured>
        <description isNull="true" />
        <guid>guid:2214d41009da2f1b:93decc:1062dceac46:-7fb1</guid>
        <versionId>d8017ac3-57e8-49ea-bd58-9cfaf3a9267e</versionId>
        <dependencySummary isNull="true" />
        <processVariable name="taskId">
            <lastModified isNull="true" />
            <lastModifiedBy isNull="true" />
            <processVariableId>2056.04c01e78-1966-4286-9ecf-000537635041</processVariableId>
            <description isNull="true" />
            <processId>1.f739fe14-5f7d-4ee7-9de0-075e51295d13</processId>
            <namespace>2</namespace>
            <seq>2</seq>
            <isArrayOf>false</isArrayOf>
            <classId>/12.db884a3c-c533-44b7-bb2d-47bec8ad4022</classId>
            <hasDefault>false</hasDefault>
            <defaultValue isNull="true" />
            <guid>guid:2525d7dda59ef37b:-76d53e50:122d27d1ce8:-7ff2</guid>
            <versionId>7969e21f-8ff1-46c4-9239-30e92a8c008c</versionId>
        </processVariable>
        <processVariable name="subject">
            <lastModified isNull="true" />
            <lastModifiedBy isNull="true" />
            <processVariableId>2056.80dfd328-b4be-466c-9262-1e5433d52b95</processVariableId>
            <description isNull="true" />
            <processId>1.f739fe14-5f7d-4ee7-9de0-075e51295d13</processId>
            <namespace>2</namespace>
            <seq>3</seq>
            <isArrayOf>false</isArrayOf>
            <classId>/12.db884a3c-c533-44b7-bb2d-47bec8ad4022</classId>
            <hasDefault>false</hasDefault>
            <defaultValue isNull="true" />
            <guid>guid:2525d7dda59ef37b:-76d53e50:122d27d1ce8:-7ff1</guid>
            <versionId>95b0c836-bc0f-4ebc-8337-943f8bf783c0</versionId>
        </processVariable>
        <processVariable name="activityName">
            <lastModified isNull="true" />
            <lastModifiedBy isNull="true" />
            <processVariableId>2056.819976c3-5a5c-43dc-ac87-f3552611b934</processVariableId>
            <description isNull="true" />
            <processId>1.f739fe14-5f7d-4ee7-9de0-075e51295d13</processId>
            <namespace>2</namespace>
            <seq>4</seq>
            <isArrayOf>false</isArrayOf>
            <classId>/12.db884a3c-c533-44b7-bb2d-47bec8ad4022</classId>
            <hasDefault>false</hasDefault>
            <defaultValue isNull="true" />
            <guid>guid:2525d7dda59ef37b:-76d53e50:122d27d1ce8:-7ff0</guid>
            <versionId>5f4ec303-d6d4-45d8-8d98-9973108cb050</versionId>
        </processVariable>
        <processVariable name="userName">
            <lastModified isNull="true" />
            <lastModifiedBy isNull="true" />
            <processVariableId>2056.51afa102-d4ff-42ab-9528-2dadbf3388cd</processVariableId>
            <description isNull="true" />
            <processId>1.f739fe14-5f7d-4ee7-9de0-075e51295d13</processId>
            <namespace>2</namespace>
            <seq>5</seq>
            <isArrayOf>false</isArrayOf>
            <classId>/12.db884a3c-c533-44b7-bb2d-47bec8ad4022</classId>
            <hasDefault>false</hasDefault>
            <defaultValue isNull="true" />
            <guid>guid:2525d7dda59ef37b:-76d53e50:122d27d1ce8:-7fef</guid>
            <versionId>44b457d4-d4fc-4e88-b99c-f8e5c697a50b</versionId>
        </processVariable>
        <processVariable name="bpdInstanceName">
            <lastModified isNull="true" />
            <lastModifiedBy isNull="true" />
            <processVariableId>2056.05485501-4285-4adc-8b2e-a322165676ab</processVariableId>
            <description isNull="true" />
            <processId>1.f739fe14-5f7d-4ee7-9de0-075e51295d13</processId>
            <namespace>2</namespace>
            <seq>6</seq>
            <isArrayOf>false</isArrayOf>
            <classId>/12.db884a3c-c533-44b7-bb2d-47bec8ad4022</classId>
            <hasDefault>false</hasDefault>
            <defaultValue isNull="true" />
            <guid>guid:2525d7dda59ef37b:-76d53e50:122d27d1ce8:-7fee</guid>
            <versionId>849d65b3-987f-4c62-af4e-23ec3c9ef374</versionId>
        </processVariable>
        <processVariable name="bpdName">
            <lastModified isNull="true" />
            <lastModifiedBy isNull="true" />
            <processVariableId>2056.67008bf1-9063-41e2-a53b-af42da3b72af</processVariableId>
            <description isNull="true" />
            <processId>1.f739fe14-5f7d-4ee7-9de0-075e51295d13</processId>
            <namespace>2</namespace>
            <seq>7</seq>
            <isArrayOf>false</isArrayOf>
            <classId>/12.db884a3c-c533-44b7-bb2d-47bec8ad4022</classId>
            <hasDefault>false</hasDefault>
            <defaultValue isNull="true" />
            <guid>guid:2525d7dda59ef37b:-76d53e50:122d27d1ce8:-7fed</guid>
            <versionId>d9b5dae8-b1b7-4c4e-a9da-80eb0db5b74a</versionId>
        </processVariable>
        <processVariable name="bpdInstanceId">
            <lastModified isNull="true" />
            <lastModifiedBy isNull="true" />
            <processVariableId>2056.1c4f2d32-0766-4dc0-9d16-3ec1f270fa68</processVariableId>
            <description isNull="true" />
            <processId>1.f739fe14-5f7d-4ee7-9de0-075e51295d13</processId>
            <namespace>2</namespace>
            <seq>8</seq>
            <isArrayOf>false</isArrayOf>
            <classId>/12.db884a3c-c533-44b7-bb2d-47bec8ad4022</classId>
            <hasDefault>false</hasDefault>
            <defaultValue isNull="true" />
            <guid>guid:2525d7dda59ef37b:-76d53e50:122d27d1ce8:-7fec</guid>
            <versionId>af6ab522-ae5a-4d45-81c9-c9f6f02c7773</versionId>
        </processVariable>
        <processVariable name="bpdDescription">
            <lastModified isNull="true" />
            <lastModifiedBy isNull="true" />
            <processVariableId>2056.d985130e-a25a-4062-ac22-9f47438d5e9a</processVariableId>
            <description isNull="true" />
            <processId>1.f739fe14-5f7d-4ee7-9de0-075e51295d13</processId>
            <namespace>2</namespace>
            <seq>9</seq>
            <isArrayOf>false</isArrayOf>
            <classId>/12.db884a3c-c533-44b7-bb2d-47bec8ad4022</classId>
            <hasDefault>false</hasDefault>
            <defaultValue isNull="true" />
            <guid>guid:2525d7dda59ef37b:-76d53e50:122d27d1ce8:-7feb</guid>
            <versionId>693a69e4-d3a9-4e10-a61c-70d70a17fe12</versionId>
        </processVariable>
        <processVariable name="activityDescription">
            <lastModified isNull="true" />
            <lastModifiedBy isNull="true" />
            <processVariableId>2056.d5f6104b-c64a-4c37-9ce4-76b9ebb6ad97</processVariableId>
            <description isNull="true" />
            <processId>1.f739fe14-5f7d-4ee7-9de0-075e51295d13</processId>
            <namespace>2</namespace>
            <seq>10</seq>
            <isArrayOf>false</isArrayOf>
            <classId>/12.db884a3c-c533-44b7-bb2d-47bec8ad4022</classId>
            <hasDefault>false</hasDefault>
            <defaultValue isNull="true" />
            <guid>guid:2525d7dda59ef37b:-76d53e50:122d27d1ce8:-7fea</guid>
            <versionId>7b90cb86-fd0c-4e17-9785-b880c22e94e5</versionId>
        </processVariable>
        <item>
            <lastModified isNull="true" />
            <lastModifiedBy isNull="true" />
            <processItemId>2025.3e28f81d-2212-47d3-9298-e92055add1d6</processItemId>
            <processId>1.f739fe14-5f7d-4ee7-9de0-075e51295d13</processId>
            <name>Display Task Details</name>
            <tWComponentName>Coach</tWComponentName>
            <tWComponentId>3003.ccf7df0c-4746-4ed7-994d-9ea00a75b433</tWComponentId>
            <isLogEnabled>false</isLogEnabled>
            <isTraceEnabled>false</isTraceEnabled>
            <traceCategory isNull="true" />
            <traceLevel isNull="true" />
            <traceMessage isNull="true" />
            <traceSymbolTable isNull="true" />
            <isExecutionContextTraced>false</isExecutionContextTraced>
            <saveExecutionContext>true</saveExecutionContext>
            <documentation isNull="true" />
            <isErrorHandlerEnabled>false</isErrorHandlerEnabled>
            <errorHandlerItemId isNull="true" />
            <guid>guid:2214d41009da2f1b:93decc:1062dceac46:-7fa0</guid>
            <versionId>3ae1e757-658d-4544-b7d9-f75afb763dfa</versionId>
            <layoutData x="348" y="85">
                <errorLink>
                    <controlPoints />
                    <showEndState>false</showEndState>
                    <showName>false</showName>
                </errorLink>
            </layoutData>
            <TWComponent>
                <lastModified isNull="true" />
                <lastModifiedBy isNull="true" />
                <coachId>3003.ccf7df0c-4746-4ed7-994d-9ea00a75b433</coachId>
                <title>Untitled1</title>
                <layoutRef>/20.fa3fc599-a72a-4a82-8f14-6bba1565444a</layoutRef>
                <layoutData isNull="true" />
                <xslRef isNull="true" />
                <guid>guid:197d4ddc90fc5427:-1c619ffe:11def1582ed:-7b6d</guid>
                <versionId>b0463c16-92a3-4b02-836c-4377be75dd64</versionId>
                <CoachResources>
                    <lastModified isNull="true" />
                    <lastModifiedBy isNull="true" />
                    <coachResourceId>3004.dda0f173-9789-412c-83c0-f06faf2f49ca</coachResourceId>
                    <coachId>3003.ccf7df0c-4746-4ed7-994d-9ea00a75b433</coachId>
                    <virtualName>CoachDesignerXML</virtualName>
                    <type>text/HTML</type>
                    <resourceData>&lt;tw:Form xmlns:tw="http://lombardisoftware.com/schema/coachdesigner" xmlns:xsi="http://www.w3.org/2001/XMLSchema-instance" xsi:schemaLocation="http://lombardisoftware.com/schema/forms Form.xsd"&gt;
  &lt;tw:FormTitle&gt;Default Service&lt;/tw:FormTitle&gt;
  &lt;tw:Layout tw:id="section" tw:styleClass=""&gt;
    &lt;tw:Section tw:columns="1"&gt;
      &lt;tw:SectionTitle tw:id="sectionTitle" tw:visible="true"&gt;Default Activity&lt;/tw:SectionTitle&gt;
      &lt;tw:SectionHeading tw:id="sectionHeading" tw:visible="false"&gt;Section Heading&lt;/tw:SectionHeading&gt;
      &lt;tw:Row tw:rows="3"&gt;
        &lt;tw:Column&gt;
          &lt;tw:Control tw:col="1" tw:colspan="1" tw:id="section1" tw:row="1" tw:rowspan="1"&gt;
            &lt;tw:Documentation&gt;This section will be an empty section with two columns defined.&lt;/tw:Documentation&gt;
            &lt;tw:Section tw:columns="2"&gt;
              &lt;tw:SectionTitle tw:id="sectionTitle" tw:visible="false"&gt;Section Title&lt;/tw:SectionTitle&gt;
              &lt;tw:Row tw:rows="1"&gt;
                &lt;tw:Column&gt;
                  &lt;tw:Control tw:col="1" tw:colspan="1" tw:id="Section0" tw:row="1" tw:rowspan="1"&gt;
                    &lt;tw:Section tw:binding="" tw:columns="1"&gt;
                      &lt;tw:SectionTitle tw:visible="true"&gt;Activity Information&lt;/tw:SectionTitle&gt;
                      &lt;tw:Row tw:rows="5"&gt;
                        &lt;tw:Column&gt;
                          &lt;tw:Control tw:col="1" tw:colspan="1" tw:id="InputText8" tw:row="1" tw:rowspan="1"&gt;
                            &lt;tw:InputText tw:binding="tw.local.activityName"&gt;
                              &lt;tw:Label tw:visible="true"&gt;Name:&lt;/tw:Label&gt;
                            &lt;/tw:InputText&gt;
                          &lt;/tw:Control&gt;
                          &lt;tw:Control tw:col="1" tw:colspan="1" tw:id="InputText1" tw:row="2" tw:rowspan="1"&gt;
                            &lt;tw:InputText tw:binding="tw.local.activityDescription" tw:lines="5"&gt;
                              &lt;tw:Label tw:visible="false"&gt;Name&lt;/tw:Label&gt;
                            &lt;/tw:InputText&gt;
                          &lt;/tw:Control&gt;
                          &lt;tw:Control tw:col="1" tw:colspan="1" tw:id="InputText0" tw:row="3" tw:rowspan="1"&gt;
                            &lt;tw:InputText tw:binding="tw.local.bpdInstanceName"&gt;
                              &lt;tw:Label tw:visible="true"&gt;Instance Name:&lt;/tw:Label&gt;
                            &lt;/tw:InputText&gt;
                          &lt;/tw:Control&gt;
                          &lt;tw:Control tw:col="1" tw:colspan="1" tw:id="InputText6" tw:row="4" tw:rowspan="1"&gt;
                            &lt;tw:InputText tw:binding="tw.local.bpdName"&gt;
                              &lt;tw:Label tw:visible="true"&gt;Process:&lt;/tw:Label&gt;
                            &lt;/tw:InputText&gt;
                          &lt;/tw:Control&gt;
                          &lt;tw:Control tw:col="1" tw:colspan="1" tw:id="InputText10" tw:row="5" tw:rowspan="1"&gt;
                            &lt;tw:InputText tw:binding="tw.local.bpdDescription" tw:lines="5"&gt;
                              &lt;tw:Label tw:visible="false"&gt;Description&lt;/tw:Label&gt;
                            &lt;/tw:InputText&gt;
                          &lt;/tw:Control&gt;
                        &lt;/tw:Column&gt;
                      &lt;/tw:Row&gt;
                    &lt;/tw:Section&gt;
                  &lt;/tw:Control&gt;
                &lt;/tw:Column&gt;
                &lt;tw:Column&gt;
                  &lt;tw:Control tw:col="2" tw:colspan="1" tw:id="Section1" tw:row="1" tw:rowspan="1" tw:styleClass=""&gt;
                    &lt;tw:Section tw:binding="" tw:columns="1"&gt;
                      &lt;tw:SectionTitle tw:visible="true"&gt;Task Information&lt;/tw:SectionTitle&gt;
                      &lt;tw:Row tw:rows="4"&gt;
                        &lt;tw:Column&gt;
                          &lt;tw:Control tw:col="1" tw:colspan="1" tw:id="InputText11" tw:row="1" tw:rowspan="1"&gt;
                            &lt;tw:InputText tw:binding="tw.local.subject"&gt;
                              &lt;tw:Label tw:visible="true"&gt;Subject:&lt;/tw:Label&gt;
                            &lt;/tw:InputText&gt;
                          &lt;/tw:Control&gt;
                          &lt;tw:Control tw:col="1" tw:colspan="1" tw:id="InputText17" tw:row="2" tw:rowspan="1"&gt;
                            &lt;tw:InputText tw:binding="tw.local.userName"&gt;
                              &lt;tw:Label tw:visible="true"&gt;Assigned To:&lt;/tw:Label&gt;
                            &lt;/tw:InputText&gt;
                          &lt;/tw:Control&gt;
                          &lt;tw:Control tw:col="1" tw:colspan="1" tw:id="InputText12" tw:row="3" tw:rowspan="1"&gt;
                            &lt;tw:InputText tw:binding="tw.local.taskId"&gt;
                              &lt;tw:Label tw:visible="true"&gt;taskId:&lt;/tw:Label&gt;
                            &lt;/tw:InputText&gt;
                          &lt;/tw:Control&gt;
                          &lt;tw:Control tw:col="1" tw:colspan="1" tw:id="InputText18" tw:row="4" tw:rowspan="1"&gt;
                            &lt;tw:InputText tw:binding="tw.local.bpdInstanceId"&gt;
                              &lt;tw:Label tw:visible="true"&gt;Instance Id:&lt;/tw:Label&gt;
                            &lt;/tw:InputText&gt;
                          &lt;/tw:Control&gt;
                        &lt;/tw:Column&gt;
                      &lt;/tw:Row&gt;
                    &lt;/tw:Section&gt;
                  &lt;/tw:Control&gt;
                &lt;/tw:Column&gt;
              &lt;/tw:Row&gt;
            &lt;/tw:Section&gt;
          &lt;/tw:Control&gt;
          &lt;tw:Control tw:col="1" tw:colspan="1" tw:id="ButtonGroup0" tw:row="2" tw:rowspan="1"&gt;
            &lt;tw:Documentation&gt;A ButtonGroup containing one Button.&lt;/tw:Documentation&gt;
            &lt;tw:PaletteIcon&gt;coachdesigner16/button_obj.gif&lt;/tw:PaletteIcon&gt;
            &lt;tw:ButtonGroup&gt;
              &lt;tw:Label tw:visible="false"&gt;Done&lt;/tw:Label&gt;
              &lt;tw:Button tw:decisionPoint="true" tw:id="Button0"&gt;
                &lt;tw:Label&gt;Done&lt;/tw:Label&gt;
              &lt;/tw:Button&gt;
            &lt;/tw:ButtonGroup&gt;
          &lt;/tw:Control&gt;
          &lt;tw:Control tw:col="1" tw:colspan="1" tw:id="ButtonGroup1" tw:row="3" tw:rowspan="1"&gt;
            &lt;tw:Documentation&gt;A ButtonGroup containing one Button.&lt;/tw:Documentation&gt;
            &lt;tw:PaletteIcon&gt;coachdesigner16/button_obj.gif&lt;/tw:PaletteIcon&gt;
            &lt;tw:ButtonGroup&gt;
              &lt;tw:Label tw:visible="false"&gt;A Button:&lt;/tw:Label&gt;
              &lt;tw:Button tw:decisionPoint="true" tw:id="Button0"&gt;
                &lt;tw:Label&gt;Complete Later&lt;/tw:Label&gt;
              &lt;/tw:Button&gt;
            &lt;/tw:ButtonGroup&gt;
          &lt;/tw:Control&gt;
        &lt;/tw:Column&gt;
      &lt;/tw:Row&gt;
    &lt;/tw:Section&gt;
  &lt;/tw:Layout&gt;
&lt;/tw:Form&gt;

</resourceData>
                    <guid>guid:197d4ddc90fc5427:-1c619ffe:11def1582ed:-7b69</guid>
                    <versionId>45aa90cf-1865-4f2e-8027-a58c3eb7e4d7</versionId>
                </CoachResources>
                <CoachButtons>
                    <lastModified isNull="true" />
                    <lastModifiedBy isNull="true" />
                    <coachButtonId>3005.97b6ae0f-4f9f-4174-a147-f4c410638e02</coachButtonId>
                    <coachId>3003.ccf7df0c-4746-4ed7-994d-9ea00a75b433</coachId>
                    <seq>1</seq>
                    <endStateId>guid:e60798330f6d3272:27c2018:105fa43a2f9:-7fc6</endStateId>
                    <isSpecial>false</isSpecial>
                    <isDisplayed>true</isDisplayed>
                    <buttonLabel>Done</buttonLabel>
                    <buttonHint>ButtonGroup0_Button0</buttonHint>
                    <buttonText isNull="true" />
                    <isCheckBoxVisible>false</isCheckBoxVisible>
                    <isUncheckAllowed>false</isUncheckAllowed>
                    <metaData>CoachDesignerButtonId:ButtonGroup0_Button0;CoachDesignerIsCancel:false</metaData>
                    <buttonExpression>ButtonGroup0_Button0</buttonExpression>
                    <guid>4a1077c9-fa0d-4cd9-8b12-467041d72e24</guid>
                    <versionId>c489e18c-547a-4ec2-a1c5-0c1f7e0e96fd</versionId>
                </CoachButtons>
                <CoachButtons>
                    <lastModified isNull="true" />
                    <lastModifiedBy isNull="true" />
                    <coachButtonId>3005.01857a5a-ae5d-4a7b-9862-5d9f2b8436e8</coachButtonId>
                    <coachId>3003.ccf7df0c-4746-4ed7-994d-9ea00a75b433</coachId>
                    <seq>2</seq>
                    <endStateId>guid:e60798330f6d3272:27c2018:105fa43a2f9:-7fc5</endStateId>
                    <isSpecial>false</isSpecial>
                    <isDisplayed>true</isDisplayed>
                    <buttonLabel>Complete Later</buttonLabel>
                    <buttonHint>ButtonGroup1_Button0</buttonHint>
                    <buttonText isNull="true" />
                    <isCheckBoxVisible>false</isCheckBoxVisible>
                    <isUncheckAllowed>false</isUncheckAllowed>
                    <metaData>CoachDesignerButtonId:ButtonGroup1_Button0;CoachDesignerIsCancel:false</metaData>
                    <buttonExpression>ButtonGroup1_Button0</buttonExpression>
                    <guid>5141de79-cd28-482c-9682-e7127e0b22c0</guid>
                    <versionId>21e95ee8-27fc-4192-987f-ac94d1715b6e</versionId>
                </CoachButtons>
            </TWComponent>
        </item>
        <item>
            <lastModified isNull="true" />
            <lastModifiedBy isNull="true" />
            <processItemId>2025.209f7734-29d3-4deb-ba37-14f5e0cb2032</processItemId>
            <processId>1.f739fe14-5f7d-4ee7-9de0-075e51295d13</processId>
            <name>Postpone</name>
            <tWComponentName>PostponeAction</tWComponentName>
            <tWComponentId>3015.3f61f575-0a49-47eb-a01d-f1044907c9bd</tWComponentId>
            <isLogEnabled>false</isLogEnabled>
            <isTraceEnabled>false</isTraceEnabled>
            <traceCategory isNull="true" />
            <traceLevel isNull="true" />
            <traceMessage isNull="true" />
            <traceSymbolTable isNull="true" />
            <isExecutionContextTraced>false</isExecutionContextTraced>
            <saveExecutionContext>true</saveExecutionContext>
            <documentation isNull="true" />
            <isErrorHandlerEnabled>false</isErrorHandlerEnabled>
            <errorHandlerItemId isNull="true" />
            <guid>guid:c6eebe67d39bd9b0:-4eff6abe:11f908f6daa:-7c06</guid>
            <versionId>a9ed0360-7f8d-4b96-9a70-779933d1672b</versionId>
            <layoutData x="348" y="212">
                <errorLink>
                    <controlPoints />
                    <showEndState>false</showEndState>
                    <showName>false</showName>
                </errorLink>
            </layoutData>
            <TWComponent>
                <lastModified isNull="true" />
                <lastModifiedBy isNull="true" />
                <taskActionId>3015.3f61f575-0a49-47eb-a01d-f1044907c9bd</taskActionId>
                <canChangeDueDate>false</canChangeDueDate>
                <dueInOption>2</dueInOption>
                <dueDateIncrData isNull="true" />
                <dueDateFixedData isNull="true" />
                <dueDateIncrType>2</dueDateIncrType>
                <dueDateSpecificDate isNull="true" />
                <isChangeStatusActive>false</isChangeStatusActive>
                <newStatusOption>1</newStatusOption>
                <newStatus isNull="true" />
                <isPriorityActive>false</isPriorityActive>
                <priorityOption>1</priorityOption>
                <newPriorityId>30.30</newPriorityId>
                <newPriorityScript isNull="true" />
                <isSubjectActive>false</isSubjectActive>
                <subjectOption>1</subjectOption>
                <subjectScript isNull="true" />
                <isNarrativeActive>false</isNarrativeActive>
                <narrativeOption>1</narrativeOption>
                <narrativeScript isNull="true" />
                <isIgnoreException>true</isIgnoreException>
                <suspendProcess>true</suspendProcess>
                <isActionOtherTask>false</isActionOtherTask>
                <otherTaskId isNull="true" />
                <isReassignActive>false</isReassignActive>
                <reassignOption>0</reassignOption>
                <reassignTo isNull="true" />
                <timeScheduleName isNull="true" />
                <holidayScheduleName isNull="true" />
                <timezone isNull="true" />
                <guid>guid:c6eebe67d39bd9b0:-4eff6abe:11f908f6daa:-7c07</guid>
                <versionId>00c41fe6-9755-4ec8-ab12-516da3458b06</versionId>
            </TWComponent>
        </item>
        <item>
            <lastModified isNull="true" />
            <lastModifiedBy isNull="true" />
            <processItemId>2025.d67ab83c-af9c-4b98-88a0-e13ec76f5d17</processItemId>
            <processId>1.f739fe14-5f7d-4ee7-9de0-075e51295d13</processId>
            <name>End</name>
            <tWComponentName>ExitPoint</tWComponentName>
            <tWComponentId>3008.7d7bac7d-2adc-4db1-8fd5-b2f73a9adc34</tWComponentId>
            <isLogEnabled>false</isLogEnabled>
            <isTraceEnabled>false</isTraceEnabled>
            <traceCategory isNull="true" />
            <traceLevel isNull="true" />
            <traceMessage isNull="true" />
            <traceSymbolTable isNull="true" />
            <isExecutionContextTraced>false</isExecutionContextTraced>
            <saveExecutionContext>true</saveExecutionContext>
            <documentation isNull="true" />
            <isErrorHandlerEnabled>false</isErrorHandlerEnabled>
            <errorHandlerItemId isNull="true" />
            <guid>guid:2214d41009da2f1b:93decc:1062dceac46:-7faf</guid>
            <versionId>bedeee98-6285-4284-ba63-1b35d0ec76d2</versionId>
            <layoutData x="516" y="101">
                <errorLink>
                    <controlPoints />
                    <showEndState>false</showEndState>
                    <showName>false</showName>
                </errorLink>
            </layoutData>
            <TWComponent>
                <lastModified isNull="true" />
                <lastModifiedBy isNull="true" />
                <exitPointId>3008.7d7bac7d-2adc-4db1-8fd5-b2f73a9adc34</exitPointId>
                <haltProcess>false</haltProcess>
                <guid>guid:197d4ddc90fc5427:-1c619ffe:11def1582ed:-7b81</guid>
                <versionId>df92858f-a39d-4da4-b35a-26c4325e9e27</versionId>
            </TWComponent>
        </item>
        <item>
            <lastModified isNull="true" />
            <lastModifiedBy isNull="true" />
            <processItemId>2025.ac34f458-2379-44fc-a762-a24cce8c52f4</processItemId>
            <processId>1.f739fe14-5f7d-4ee7-9de0-075e51295d13</processId>
            <name>Get Task Details</name>
            <tWComponentName>Script</tWComponentName>
            <tWComponentId>3011.40e0fee7-11c5-461f-8b7f-99d471edd787</tWComponentId>
            <isLogEnabled>false</isLogEnabled>
            <isTraceEnabled>false</isTraceEnabled>
            <traceCategory isNull="true" />
            <traceLevel isNull="true" />
            <traceMessage isNull="true" />
            <traceSymbolTable isNull="true" />
            <isExecutionContextTraced>false</isExecutionContextTraced>
            <saveExecutionContext>false</saveExecutionContext>
            <documentation isNull="true" />
            <isErrorHandlerEnabled>false</isErrorHandlerEnabled>
            <errorHandlerItemId isNull="true" />
            <guid>guid:2525d7dda59ef37b:-76d53e50:122d27d1ce8:-7ff4</guid>
            <versionId>f3d400e6-b360-4476-8b5d-23650d4d6c6f</versionId>
            <layoutData x="197" y="85">
                <errorLink>
                    <controlPoints />
                    <showEndState>false</showEndState>
                    <showName>false</showName>
                </errorLink>
            </layoutData>
            <TWComponent>
                <lastModified isNull="true" />
                <lastModifiedBy isNull="true" />
                <scriptId>3011.40e0fee7-11c5-461f-8b7f-99d471edd787</scriptId>
                <scriptTypeId>2</scriptTypeId>
                <isActive>true</isActive>
                <script>var task = tw.system.currentTask;
if (task != null) {
    tw.local.taskId = task.id;
    tw.local.subject = task.subject;
    tw.local.userName = task.assignedTo.name;

    var instance = task.processInstance;
    if (instance != null) {    
        var process = instance.process;     
        tw.local.bpdInstanceId = instance.id;
        tw.local.bpdInstanceName = instance.name;
        tw.local.bpdName = process.name;
        tw.local.bpdDescription = process.description;
        tw.local.activityName = task.processActivityName;
        tw.local.activityDescription = task.processActivityDescription;
    }
}</script>
                <isRule>false</isRule>
                <guid>guid:2525d7dda59ef37b:-76d53e50:122d27d1ce8:-7ff5</guid>
                <versionId>b4cbeaf6-76f6-4477-81e2-62769ff0341d</versionId>
            </TWComponent>
        </item>
        <startingProcessItemId>2025.ac34f458-2379-44fc-a762-a24cce8c52f4</startingProcessItemId>
        <errorHandlerItemId isNull="true" />
        <layoutData noConversion="true">
            <errorLink>
                <controlPoints />
                <showEndState>false</showEndState>
                <showName>false</showName>
            </errorLink>
        </layoutData>
        <startPoint>
            <layoutData x="100" y="100">
                <errorLink>
                    <controlPoints />
                    <showEndState>false</showEndState>
                    <showName>false</showName>
                </errorLink>
            </layoutData>
        </startPoint>
        <startLink>
            <fromPort locationId="rightCenter" portType="1" />
            <toPort locationId="leftCenter" portType="2" />
            <layoutData>
                <controlPoints />
                <showEndState>false</showEndState>
                <showName>false</showName>
            </layoutData>
        </startLink>
        <link name="Untitled">
            <lastModified isNull="true" />
            <lastModifiedBy isNull="true" />
            <processLinkId>2027.a76a80db-9977-43f8-99d4-76fbcbf60de0</processLinkId>
            <processId>1.f739fe14-5f7d-4ee7-9de0-075e51295d13</processId>
            <description isNull="true" />
            <fromProcessItemId>2025.3e28f81d-2212-47d3-9298-e92055add1d6</fromProcessItemId>
            <endStateId>guid:e60798330f6d3272:27c2018:105fa43a2f9:-7fc6</endStateId>
            <toProcessItemId>2025.d67ab83c-af9c-4b98-88a0-e13ec76f5d17</toProcessItemId>
            <guid>guid:197d4ddc90fc5427:-1c619ffe:11def1582ed:-7b63</guid>
            <versionId>36c76136-efbc-4e52-af93-67ced83d96ff</versionId>
            <layoutData>
                <controlPoints />
                <showEndState>true</showEndState>
                <showName>false</showName>
            </layoutData>
            <fromItemPort locationId="rightCenter" portType="1" />
            <toItemPort locationId="leftCenter" portType="2" />
            <fromProcessItemId>2025.3e28f81d-2212-47d3-9298-e92055add1d6</fromProcessItemId>
            <toProcessItemId>2025.d67ab83c-af9c-4b98-88a0-e13ec76f5d17</toProcessItemId>
        </link>
        <link name="Untitled">
            <lastModified isNull="true" />
            <lastModifiedBy isNull="true" />
            <processLinkId>2027.520bf276-8999-4386-aea9-99cb10c1f3f8</processLinkId>
            <processId>1.f739fe14-5f7d-4ee7-9de0-075e51295d13</processId>
            <description isNull="true" />
            <fromProcessItemId>2025.3e28f81d-2212-47d3-9298-e92055add1d6</fromProcessItemId>
            <endStateId>guid:e60798330f6d3272:27c2018:105fa43a2f9:-7fc5</endStateId>
            <toProcessItemId>2025.209f7734-29d3-4deb-ba37-14f5e0cb2032</toProcessItemId>
            <guid>guid:c6eebe67d39bd9b0:-4eff6abe:11f908f6daa:-7bfc</guid>
            <versionId>54338cf2-86c0-4908-94bc-87baffcf3e3b</versionId>
            <layoutData>
                <controlPoints />
                <showEndState>true</showEndState>
                <showName>false</showName>
            </layoutData>
            <fromItemPort locationId="bottomRight" portType="1" />
            <toItemPort locationId="topRight" portType="2" />
            <fromProcessItemId>2025.3e28f81d-2212-47d3-9298-e92055add1d6</fromProcessItemId>
            <toProcessItemId>2025.209f7734-29d3-4deb-ba37-14f5e0cb2032</toProcessItemId>
        </link>
        <link name="Untitled">
            <lastModified isNull="true" />
            <lastModifiedBy isNull="true" />
            <processLinkId>2027.6f9591da-2ec4-4197-944b-451c56c95480</processLinkId>
            <processId>1.f739fe14-5f7d-4ee7-9de0-075e51295d13</processId>
            <description isNull="true" />
            <fromProcessItemId>2025.209f7734-29d3-4deb-ba37-14f5e0cb2032</fromProcessItemId>
            <endStateId>Out</endStateId>
            <toProcessItemId>2025.3e28f81d-2212-47d3-9298-e92055add1d6</toProcessItemId>
            <guid>guid:c6eebe67d39bd9b0:-4eff6abe:11f908f6daa:-7bf8</guid>
            <versionId>6eca5377-72ae-4e94-ac3e-36fd90c6f907</versionId>
            <layoutData>
                <controlPoints />
                <showEndState>false</showEndState>
                <showName>false</showName>
            </layoutData>
            <fromItemPort locationId="topLeft" portType="1" />
            <toItemPort locationId="bottomLeft" portType="2" />
            <fromProcessItemId>2025.209f7734-29d3-4deb-ba37-14f5e0cb2032</fromProcessItemId>
            <toProcessItemId>2025.3e28f81d-2212-47d3-9298-e92055add1d6</toProcessItemId>
        </link>
        <link name="Untitled">
            <lastModified isNull="true" />
            <lastModifiedBy isNull="true" />
            <processLinkId>2027.612f05d0-ce4b-476c-802f-e613d4d213b5</processLinkId>
            <processId>1.f739fe14-5f7d-4ee7-9de0-075e51295d13</processId>
            <description isNull="true" />
            <fromProcessItemId>2025.ac34f458-2379-44fc-a762-a24cce8c52f4</fromProcessItemId>
            <endStateId>Out</endStateId>
            <toProcessItemId>2025.3e28f81d-2212-47d3-9298-e92055add1d6</toProcessItemId>
            <guid>guid:2525d7dda59ef37b:-76d53e50:122d27d1ce8:-7ff3</guid>
            <versionId>82b8e877-2fed-423d-83cd-93fd7d1fc42f</versionId>
            <layoutData>
                <controlPoints />
                <showEndState>false</showEndState>
                <showName>false</showName>
            </layoutData>
            <fromItemPort locationId="rightCenter" portType="1" />
            <toItemPort locationId="leftCenter" portType="2" />
            <fromProcessItemId>2025.ac34f458-2379-44fc-a762-a24cce8c52f4</fromProcessItemId>
            <toProcessItemId>2025.3e28f81d-2212-47d3-9298-e92055add1d6</toProcessItemId>
        </link>
        <link name="Untitled">
            <lastModified isNull="true" />
            <lastModifiedBy isNull="true" />
            <processLinkId>2027.de57523d-fbd8-413d-9716-c069950a3ef1</processLinkId>
            <processId>1.f739fe14-5f7d-4ee7-9de0-075e51295d13</processId>
            <description isNull="true" />
            <fromProcessItemId>2025.3e28f81d-2212-47d3-9298-e92055add1d6</fromProcessItemId>
            <endStateId>guid:e60798330f6d3272:27c2018:105fa43a2f9:-7fc6</endStateId>
            <toProcessItemId>2025.d67ab83c-af9c-4b98-88a0-e13ec76f5d17</toProcessItemId>
            <guid>guid:197d4ddc90fc5427:-1c619ffe:11def1582ed:-7b63</guid>
            <versionId>843c455c-69c5-4be8-bfbd-47eb71074f8b</versionId>
            <layoutData>
                <controlPoints />
                <showEndState>true</showEndState>
                <showName>false</showName>
            </layoutData>
            <fromItemPort locationId="rightCenter" portType="1" />
            <toItemPort locationId="leftCenter" portType="2" />
            <fromProcessItemId>2025.3e28f81d-2212-47d3-9298-e92055add1d6</fromProcessItemId>
            <toProcessItemId>2025.d67ab83c-af9c-4b98-88a0-e13ec76f5d17</toProcessItemId>
        </link>
    </process>
</teamworks>

