<?xml version="1.0" encoding="UTF-8"?>
<teamworks>
    <twClass id="12.2febc9f2-a174-4b86-93fd-7ee1bcab708b" name="SOAPHeader">
        <lastModified>1351802291645</lastModified>
        <lastModifiedBy>Internal TW Admin user</lastModifiedBy>
        <classId>12.2febc9f2-a174-4b86-93fd-7ee1bcab708b</classId>
        <type>1</type>
        <isSystem>false</isSystem>
        <shared>false</shared>
        <isShadow>false</isShadow>
        <globalLifetime>false</globalLifetime>
        <internalName isNull="true" />
        <extensionType isNull="true" />
        <saveServiceRef isNull="true" />
        <bpmn2Data isNull="true" />
        <externalId isNull="true" />
        <dependencySummary isNull="true" />
        <description>&lt;HTML&gt;&lt;HEAD&gt;&#xD;
&lt;STYLE type=text/css&gt; p{margin:0px;}&lt;/STYLE&gt;&#xD;
&lt;/HEAD&gt;&#xD;
&lt;BODY style="FONT-FAMILY: arial; FONT-SIZE: 10pt" bgColor=#f5f5f5&gt;This objects represents a single SOAP header element that may appear on a web service request or response.&lt;/BODY&gt;&lt;/HTML&gt;</description>
        <guid>guid:b97f796aaaca1115:-5657568f:13ab30ba871:-7ffb</guid>
        <versionId>1d199331-42a4-4a41-b8f3-4aa6ed2194aa</versionId>
        <definition>
            <property>
                <name>nameSpace</name>
                <description>&lt;HTML&gt;&lt;HEAD&gt; &lt;STYLE type=text/css&gt; p{margin:0px;}&lt;/STYLE&gt; &lt;/HEAD&gt; &lt;BODY style="FONT-FAMILY: arial; FONT-SIZE: 10pt" bgColor=#f5f5f5&gt;The namespace associated with the SOAP header element.&lt;/BODY&gt;&lt;/HTML&gt;</description>
                <classRef>/12.db884a3c-c533-44b7-bb2d-47bec8ad4022</classRef>
                <arrayProperty>false</arrayProperty>
                <annotation type="com.lombardisoftware.core.xml.XMLFieldAnnotation" version="2.0">
                    <exclude isNull="true" />
                    <nodeType isNull="true" />
                    <name isNull="true" />
                    <namespace isNull="true" />
                    <typeName isNull="true" />
                    <typeNamespace isNull="true" />
                    <minOccurs isNull="true" />
                    <maxOccurs isNull="true" />
                    <nillable isNull="true" />
                    <order isNull="true" />
                    <wrapArray isNull="true" />
                    <arrayTypeName isNull="true" />
                    <arrayTypeAnonymous isNull="true" />
                    <arrayItemName isNull="true" />
                    <arrayItemWildcard isNull="true" />
                    <wildcard isNull="true" />
                    <wildcardVariety isNull="true" />
                    <wildcardMode isNull="true" />
                    <wildcardNamespace isNull="true" />
                    <parentModelGroupCompositor isNull="true" />
                    <timeZone isNull="true" />
                </annotation>
            </property>
            <property>
                <name>name</name>
                <description>&lt;HTML&gt;&lt;HEAD&gt; &lt;STYLE type=text/css&gt; p{margin:0px;}&lt;/STYLE&gt; &lt;/HEAD&gt; &lt;BODY style="FONT-FAMILY: arial; FONT-SIZE: 10pt" bgColor=#f5f5f5&gt;The name associated with the SOAP header element.&lt;/BODY&gt;&lt;/HTML&gt;</description>
                <classRef>/12.db884a3c-c533-44b7-bb2d-47bec8ad4022</classRef>
                <arrayProperty>false</arrayProperty>
                <annotation type="com.lombardisoftware.core.xml.XMLFieldAnnotation" version="2.0">
                    <exclude isNull="true" />
                    <nodeType isNull="true" />
                    <name isNull="true" />
                    <namespace isNull="true" />
                    <typeName isNull="true" />
                    <typeNamespace isNull="true" />
                    <minOccurs isNull="true" />
                    <maxOccurs isNull="true" />
                    <nillable isNull="true" />
                    <order isNull="true" />
                    <wrapArray isNull="true" />
                    <arrayTypeName isNull="true" />
                    <arrayTypeAnonymous isNull="true" />
                    <arrayItemName isNull="true" />
                    <arrayItemWildcard isNull="true" />
                    <wildcard isNull="true" />
                    <wildcardVariety isNull="true" />
                    <wildcardMode isNull="true" />
                    <wildcardNamespace isNull="true" />
                    <parentModelGroupCompositor isNull="true" />
                    <timeZone isNull="true" />
                </annotation>
            </property>
            <property>
                <name>value</name>
                <description>&lt;HTML&gt;&lt;HEAD&gt; &lt;STYLE type=text/css&gt; p{margin:0px;}&lt;/STYLE&gt; &lt;/HEAD&gt; &lt;BODY style="FONT-FAMILY: arial; FONT-SIZE: 10pt" bgColor=#f5f5f5&gt; &lt;P&gt;The value of the SOAP header element.&amp;nbsp; This must be a valid XML representation of the complete SOAP header.&amp;nbsp; For example: &lt;/P&gt;&lt;PRE&gt;&amp;lt;ns1:Payment xmlns:ns1="&lt;A class="external free" title=http://www.acme.org/abc/ href="http://www.acme.org/abc/" rel=nofollow target=_blank&gt;&lt;U&gt;&lt;FONT color=#0000ff face="Courier New"&gt;http://www.acme.org/abc/&lt;/FONT&gt;&lt;/U&gt;&lt;/A&gt;"&amp;gt; &amp;lt;Name&amp;gt;Joe&amp;lt;/Name&amp;gt; &amp;lt;Issuer&amp;gt;VISA&amp;lt;/Issuer&amp;gt; &amp;lt;Number&amp;gt;xxxxxxxxxxxx&amp;lt;/Number&amp;gt; &amp;lt;Expires&amp;gt;2005-12&amp;lt;/Expires&amp;gt; &amp;lt;/ns1:Payment&amp;gt; &lt;/PRE&gt;&lt;/BODY&gt;&lt;/HTML&gt;</description>
                <classRef>/12.db884a3c-c533-44b7-bb2d-47bec8ad4022</classRef>
                <arrayProperty>false</arrayProperty>
                <annotation type="com.lombardisoftware.core.xml.XMLFieldAnnotation" version="2.0">
                    <exclude isNull="true" />
                    <nodeType isNull="true" />
                    <name isNull="true" />
                    <namespace isNull="true" />
                    <typeName isNull="true" />
                    <typeNamespace isNull="true" />
                    <minOccurs isNull="true" />
                    <maxOccurs isNull="true" />
                    <nillable isNull="true" />
                    <order isNull="true" />
                    <wrapArray isNull="true" />
                    <arrayTypeName isNull="true" />
                    <arrayTypeAnonymous isNull="true" />
                    <arrayItemName isNull="true" />
                    <arrayItemWildcard isNull="true" />
                    <wildcard isNull="true" />
                    <wildcardVariety isNull="true" />
                    <wildcardMode isNull="true" />
                    <wildcardNamespace isNull="true" />
                    <parentModelGroupCompositor isNull="true" />
                    <timeZone isNull="true" />
                </annotation>
            </property>
            <validator>
                <className isNull="true" />
                <errorMessage isNull="true" />
                <webWidgetJavaClass isNull="true" />
                <configData>
                    <schema>
                        <simpleType name="SOAPHeader">
                            <restriction base="String" />
                        </simpleType>
                    </schema>
                </configData>
            </validator>
            <annotation type="com.lombardisoftware.core.xml.XMLTypeAnnotation" version="2.0">
                <exclude isNull="true" />
                <anonymous isNull="true" />
                <name isNull="true" />
                <namespace isNull="true" />
                <elementName isNull="true" />
                <elementNamespace isNull="true" />
                <protoTypeName isNull="true" />
                <baseTypeName isNull="true" />
                <specialType isNull="true" />
                <contentTypeVariety isNull="true" />
                <xscRef isNull="true" />
            </annotation>
        </definition>
    </twClass>
</teamworks>

