<?xml version="1.0" encoding="UTF-8"?>
<teamworks>
    <trackingGroup id="14.4f197f6c-e12a-4694-9ebd-9532bfd9f5ea" name="SLATHRESHOLDTRAVERSALS">
        <lastModified>1361372673512</lastModified>
        <lastModifiedBy>Internal TW Admin user</lastModifiedBy>
        <trackingGroupId>14.4f197f6c-e12a-4694-9ebd-9532bfd9f5ea</trackingGroupId>
        <externalUniqueId>E3fcbcaaabf011</externalUniqueId>
        <isEnabled>true</isEnabled>
        <description isNull="true" />
        <guid>guid:67978a7b902310cd:b99e4c:110fb8b32f4:-7ff8</guid>
        <versionId>0b6f963b-0cca-40ad-a96b-f2a03c76eec2</versionId>
        <trackedVariable name="VIOLATION_LEVEL">
            <lastModified isNull="true" />
            <lastModifiedBy isNull="true" />
            <trackedVariableId>17.aa29f2ef-aad0-4d94-b982-46938cde594e</trackedVariableId>
            <trackingGroupId>14.4f197f6c-e12a-4694-9ebd-9532bfd9f5ea</trackingGroupId>
            <externalUniqueId>L4464e77bbf011</externalUniqueId>
            <description>The violation level of the condition for the metric with &gt;=1.0 meaning violated and &lt;1.0 meaning not violated</description>
            <type>number  </type>
            <guid>guid:197d4ddc90fc5427:-1c619ffe:11def1582ed:-7c42</guid>
            <versionId>1ca7ae75-2ddc-49f0-8b6e-8d974b3641ef</versionId>
        </trackedVariable>
        <trackedVariable name="TRACKING_POINT_GUID">
            <lastModified isNull="true" />
            <lastModifiedBy isNull="true" />
            <trackedVariableId>17.e6347869-d514-4829-a9e3-4ccbd96300ec</trackedVariableId>
            <trackingGroupId>14.4f197f6c-e12a-4694-9ebd-9532bfd9f5ea</trackingGroupId>
            <externalUniqueId>i43723aeabf011</externalUniqueId>
            <description isNull="true" />
            <type>string  </type>
            <guid>guid:197d4ddc90fc5427:-1c619ffe:11def1582ed:-7c3c</guid>
            <versionId>32c643d5-2de7-4b9c-9a5f-168234421b0c</versionId>
        </trackedVariable>
        <trackedVariable name="TARGET_VALUE">
            <lastModified isNull="true" />
            <lastModifiedBy isNull="true" />
            <trackedVariableId>17.b66e8140-822c-4108-965a-63400ee99972</trackedVariableId>
            <trackingGroupId>14.4f197f6c-e12a-4694-9ebd-9532bfd9f5ea</trackingGroupId>
            <externalUniqueId>I17f54464a111</externalUniqueId>
            <description>The target value for the metric when the SLA condition was evaluated</description>
            <type>number  </type>
            <guid>guid:197d4ddc90fc5427:-1c619ffe:11def1582ed:-7c3e</guid>
            <versionId>5fbee9aa-1140-4404-b440-c79437b6f91f</versionId>
        </trackedVariable>
        <trackedVariable name="METRIC_GUID">
            <lastModified isNull="true" />
            <lastModifiedBy isNull="true" />
            <trackedVariableId>17.33324bd7-b0cc-439a-9037-ff2371de513d</trackedVariableId>
            <trackingGroupId>14.4f197f6c-e12a-4694-9ebd-9532bfd9f5ea</trackingGroupId>
            <externalUniqueId>B409d2aeabf011</externalUniqueId>
            <description isNull="true" />
            <type>string  </type>
            <guid>guid:197d4ddc90fc5427:-1c619ffe:11def1582ed:-7c40</guid>
            <versionId>ab4c30eb-133b-4496-81b4-e21088477424</versionId>
        </trackedVariable>
        <trackedVariable name="METRIC_VALUE">
            <lastModified isNull="true" />
            <lastModifiedBy isNull="true" />
            <trackedVariableId>17.8bac7553-c6e8-4102-86c0-28626eb2c40b</trackedVariableId>
            <trackingGroupId>14.4f197f6c-e12a-4694-9ebd-9532bfd9f5ea</trackingGroupId>
            <externalUniqueId>R418f2aeabf011</externalUniqueId>
            <description isNull="true" />
            <type>number  </type>
            <guid>guid:197d4ddc90fc5427:-1c619ffe:11def1582ed:-7c44</guid>
            <versionId>ac1a6b78-71d2-4c8c-8f33-801245ec9962</versionId>
        </trackedVariable>
    </trackingGroup>
</teamworks>

