<?xml version="1.0" encoding="UTF-8"?>
<teamworks>
    <trackingGroup id="14.91102ea2-cbf0-4c06-9a3e-512700aa3132" name="PROCESSFLOWS">
        <lastModified>1361372673512</lastModified>
        <lastModifiedBy>Internal TW Admin user</lastModifiedBy>
        <trackingGroupId>14.91102ea2-cbf0-4c06-9a3e-512700aa3132</trackingGroupId>
        <externalUniqueId>j191150c60501</externalUniqueId>
        <isEnabled>true</isEnabled>
        <description isNull="true" />
        <guid>guid:2214d41009da2f1b:1612190:10506b446fa:-7ffe</guid>
        <versionId>f9a41f97-af14-4d5c-9c08-542aa2159584</versionId>
        <trackedVariable name="LOCAL_SNAPSHOT_ID">
            <lastModified isNull="true" />
            <lastModifiedBy isNull="true" />
            <trackedVariableId>17.32727ebc-edec-4efe-9e68-0b4ee64362e5</trackedVariableId>
            <trackingGroupId>14.91102ea2-cbf0-4c06-9a3e-512700aa3132</trackingGroupId>
            <externalUniqueId>e68ee50a5cb121</externalUniqueId>
            <description isNull="true" />
            <type>string  </type>
            <guid>guid:e7e45e553c24e2de:-17894eb2:121bc53649e:-7e1c</guid>
            <versionId>1b936b7b-fdb7-44a1-8bed-e490cd29ae08</versionId>
        </trackedVariable>
        <trackedVariable name="SOURCE_EUID">
            <lastModified isNull="true" />
            <lastModifiedBy isNull="true" />
            <trackedVariableId>17.f48fe8b3-2733-4124-a92f-f8816b0e7df8</trackedVariableId>
            <trackingGroupId>14.91102ea2-cbf0-4c06-9a3e-512700aa3132</trackingGroupId>
            <externalUniqueId>p357498c94a111</externalUniqueId>
            <description isNull="true" />
            <type>string  </type>
            <guid>guid:197d4ddc90fc5427:-1c619ffe:11def1582ed:-7c4e</guid>
            <versionId>4fa607f2-4914-483c-9cf0-6805eccb8a1a</versionId>
        </trackedVariable>
        <trackedVariable name="SEQUENCE_FLOW_ID">
            <lastModified isNull="true" />
            <lastModifiedBy isNull="true" />
            <trackedVariableId>17.22f0dd01-c2cd-4112-aa96-c3536c70f600</trackedVariableId>
            <trackingGroupId>14.91102ea2-cbf0-4c06-9a3e-512700aa3132</trackingGroupId>
            <externalUniqueId>q4d5ac9e60501</externalUniqueId>
            <description isNull="true" />
            <type>string  </type>
            <guid>guid:197d4ddc90fc5427:-1c619ffe:11def1582ed:-7c50</guid>
            <versionId>98938117-f676-401b-a754-511140a8c26d</versionId>
        </trackedVariable>
        <trackedVariable name="BPD_ID">
            <lastModified isNull="true" />
            <lastModifiedBy isNull="true" />
            <trackedVariableId>17.4b6c5191-ecad-4b2a-bed2-0830c32fe034</trackedVariableId>
            <trackingGroupId>14.91102ea2-cbf0-4c06-9a3e-512700aa3132</trackingGroupId>
            <externalUniqueId>T3e4ac9e60501</externalUniqueId>
            <description isNull="true" />
            <type>string  </type>
            <guid>guid:197d4ddc90fc5427:-1c619ffe:11def1582ed:-7c52</guid>
            <versionId>a56c2afd-99ec-4e3f-b3f7-3de22464a602</versionId>
        </trackedVariable>
        <trackedVariable name="STEP_NUMBER">
            <lastModified isNull="true" />
            <lastModifiedBy isNull="true" />
            <trackedVariableId>17.07f99a83-80fc-42ba-befe-e2dca10910ea</trackedVariableId>
            <trackingGroupId>14.91102ea2-cbf0-4c06-9a3e-512700aa3132</trackingGroupId>
            <externalUniqueId>v1e34fcc4d501</externalUniqueId>
            <description isNull="true" />
            <type>number  </type>
            <guid>guid:197d4ddc90fc5427:-1c619ffe:11def1582ed:-7c54</guid>
            <versionId>c7e7fe1d-e91c-4cfc-9c77-7a9e232c22d5</versionId>
        </trackedVariable>
        <trackedVariable name="BPD_INSTANCE_ID">
            <lastModified isNull="true" />
            <lastModifiedBy isNull="true" />
            <trackedVariableId>17.99754a80-a215-44b1-a44b-7f9dbfe8464e</trackedVariableId>
            <trackingGroupId>14.91102ea2-cbf0-4c06-9a3e-512700aa3132</trackingGroupId>
            <externalUniqueId>G2e2ac9e60501</externalUniqueId>
            <description isNull="true" />
            <type>number  </type>
            <guid>guid:197d4ddc90fc5427:-1c619ffe:11def1582ed:-7c56</guid>
            <versionId>c80af78f-c4da-4a2d-a007-845a359d989e</versionId>
        </trackedVariable>
    </trackingGroup>
</teamworks>

