<?xml version="1.0" encoding="UTF-8"?>
<teamworks>
    <layout id="20.1d063d7b-b120-47ea-aa7d-bf4a666db915" name="Stock Bar Chart">
        <lastModified>1361372673512</lastModified>
        <lastModifiedBy>Internal TW Admin user</lastModifiedBy>
        <layoutId>20.1d063d7b-b120-47ea-aa7d-bf4a666db915</layoutId>
        <metaDataLabel isNull="true" />
        <metaDataUI isNull="true" />
        <type>PROPS</type>
        <url isNull="true" />
        <documentType>chart</documentType>
        <imageUrl isNull="true" />
        <layoutData>
&lt;# var msg = tw.resource.toolkit.TWSYS.ChartMessages; #&gt;

chart {
	antiAliasing : "true";
	antiAliasingText : "true";
	backgroundPaint : "#ffffffff";
	border : "@#border8";
	header : "@#label5";
	labels[0] : "&lt;#= msg.getChartDefString("chart.StockBar.bar1.label") #&gt;";
	labels[1] : "&lt;#= msg.getChartDefString("chart.StockBar.bar2.label") #&gt;";
	labels[2] : "&lt;#= msg.getChartDefString("chart.StockBar.bar3.label") #&gt;";
	labels[3] : "&lt;#= msg.getChartDefString("chart.StockBar.bar4.label") #&gt;";
	labels[4] : "&lt;#= msg.getChartDefString("chart.StockBar.bar5.label") #&gt;";
	labels[5] : "&lt;#= msg.getChartDefString("chart.StockBar.bar6.label") #&gt;";
	legendPosition : "Absolute";
	legendVisible : "true";
	name : "&lt;#= msg.getChartDefString("chart.StockBar.name") #&gt;";
	opaque : "true";
	preferredSize : "578,325";
	projectorReversed : "false";
	renderingType : "STACKED_BAR";
	sampleSeries[0] : "&lt;#= msg.getChartDefString("chart.StockBar.dataSet1.text") #&gt;,100,125,245.78,147,67,67:BAR";
	sampleSeries[1] : "&lt;#= msg.getChartDefString("chart.StockBar.dataSet2.text") #&gt;,10,100,300,10,100,50:BAR";
	type : "CARTESIAN";
	XGridVisible : "false";
	YGridVisible : "true";
}

chartGrid {
	fill : "true";
	majorPaint : "#FFedf2f6";
	majorStroke : "@=stroke4";
}

chartLegend {
	antiAliasing : "true";
	antiAliasingText : "true";
	border : "@#border7";
	followChartResize : "true";
	font : "SansSerif,10";
	foreground : "dimgray";
	location : "75,35";
	paintingBackground : "false";
}

chartScale[axisIndex="-1"] {
	foreground : "#ff000000";
	labelColor : "#ff000000";
	labelFont : "SansSerif-10";
	labelRotation : "0";
	majorTickVisible : "true";
	title : "&lt;#= msg.getChartDefString("chart.StockBar.bottomAxis.title") #&gt;";
	titleColor : "#ff000000";
	titleRotation : "-0.0";
}

chartScale[axisIndex="0"] {
	autoDataRange : "true";
	foreground : "#FF4580b4";
	labelColor : "#FF4580b4";
	labelFont : "SansSerif-10";
	labelRotation : "0";
	majorTickVisible : "true";
	title : "&lt;#= msg.getChartDefString("chart.StockBar.leftAxis.title") #&gt;";
	titleColor : "#FF4580b4";
	titleRotation : "-90.0";
}

chartScale[axisIndex="0"] axis {
	autoVisibleRange : "true";
}



series[index="0"] {
	color1 : "#FFfeedcb";
	renderingType : "STACKED_BAR";
}

series[index="1"] {
	color1 : "#FFc4def4";
	renderingType : "STACKED_BAR";
}

Subobject#border3 {
	bottom : "2";
	class : "javax.swing.border.EmptyBorder(top,left,bottom,right)";
	left : "2";
	right : "2";
	top : "2";
}

Subobject#border6 {
	bottom : "2";
	class : "javax.swing.border.EmptyBorder(top,left,bottom,right)";
	left : "2";
	right : "2";
	top : "2";
}

Subobject#border7 {
	bottom : "1";
	class : "javax.swing.border.EmptyBorder(top,left,bottom,right)";
	left : "1";
	right : "1";
	top : "1";
}

Subobject#border8 {
	bottom : "1";
	class : "javax.swing.border.EmptyBorder(top,left,bottom,right)";
	left : "1";
	right : "1";
	top : "1";
}

Subobject#label2 {
	border : "@#border3";
	class : "ilog.views.chart.swing.IlvJLabel";
	font : "SansSerif-16";
	foreground : "#ff000000";
	horizontalAlignment : "0";
	text : "&lt;#= msg.getChartDefString("chart.StockBar.header") #&gt;";
}

Subobject#label5 {
	border : "@#border6";
	class : "ilog.views.chart.swing.IlvJLabel";
	font : "SansSerif-16";
	foreground : "#ff000000";
	horizontalAlignment : "0";
	text : "&lt;#= msg.getChartDefString("chart.StockBar.header") #&gt;";
}

Subobject#stroke4 {
	class : "java.awt.BasicStroke(lineWidth,endCap,lineJoin,miterLimit,dashArray,dashPhase)";
	dashPhase : "0.0";
	endCap : "0";
	lineJoin : "2";
	lineWidth : "1";
	miterLimit : "3.732051";
}
</layoutData>
        <description isNull="true" />
        <guid>guid:948579733943e104:28e4a9e:107e9266638:-7eca</guid>
        <versionId>82b85f57-da2b-441d-ba0d-fb8514c7b30e</versionId>
        <layoutParam name="ChartBarSeries">
            <lastModified isNull="true" />
            <lastModifiedBy isNull="true" />
            <layoutParamId>2023.d76e01a5-88b3-4f31-a6ef-ed870f45573a</layoutParamId>
            <layoutId>20.1d063d7b-b120-47ea-aa7d-bf4a666db915</layoutId>
            <value>50</value>
            <type isNull="true" />
            <seq isNull="true" />
            <guid>guid:197d4ddc90fc5427:-1c619ffe:11def1582ed:-7ed1</guid>
            <versionId>15bdef63-a651-4897-8ad6-c734633875bc</versionId>
        </layoutParam>
        <layoutParam name="ChartLineSeries">
            <lastModified isNull="true" />
            <lastModifiedBy isNull="true" />
            <layoutParamId>2023.961e9647-1b76-4654-bb4a-9b338b819e02</layoutParamId>
            <layoutId>20.1d063d7b-b120-47ea-aa7d-bf4a666db915</layoutId>
            <value>0</value>
            <type isNull="true" />
            <seq isNull="true" />
            <guid>guid:197d4ddc90fc5427:-1c619ffe:11def1582ed:-7ecf</guid>
            <versionId>37d71956-edaa-4819-bc55-dfb9b5ddf2ff</versionId>
        </layoutParam>
        <layoutParam name="ChartPieSeries">
            <lastModified isNull="true" />
            <lastModifiedBy isNull="true" />
            <layoutParamId>2023.a06bd6cd-29ba-49cc-a448-0909fe453847</layoutParamId>
            <layoutId>20.1d063d7b-b120-47ea-aa7d-bf4a666db915</layoutId>
            <value>0</value>
            <type isNull="true" />
            <seq isNull="true" />
            <guid>guid:197d4ddc90fc5427:-1c619ffe:11def1582ed:-7ecd</guid>
            <versionId>9912f5d9-1fd5-4a28-868b-cc6097b0b0f7</versionId>
        </layoutParam>
        <layoutParam name="ChartType">
            <lastModified isNull="true" />
            <lastModifiedBy isNull="true" />
            <layoutParamId>2023.ba0b161c-46ac-491c-b08b-89e60b353999</layoutParamId>
            <layoutId>20.1d063d7b-b120-47ea-aa7d-bf4a666db915</layoutId>
            <value>Bar Chart</value>
            <type isNull="true" />
            <seq isNull="true" />
            <guid>guid:197d4ddc90fc5427:-1c619ffe:11def1582ed:-7ed3</guid>
            <versionId>e7bf469c-846d-48fb-abfc-105878436c52</versionId>
        </layoutParam>
    </layout>
</teamworks>

