<?xml version="1.0" encoding="UTF-8"?>
<teamworks>
    <layout id="20.a5b1201a-9d43-45bf-abb0-f8cd7ff4d0fd" name="Simple Number Replacement">
        <lastModified>1361372673512</lastModified>
        <lastModifiedBy>Internal TW Admin user</lastModifiedBy>
        <layoutId>20.a5b1201a-9d43-45bf-abb0-f8cd7ff4d0fd</layoutId>
        <metaDataLabel isNull="true" />
        <metaDataUI isNull="true" />
        <type>HTML</type>
        <url isNull="true" />
        <documentType>filter</documentType>
        <imageUrl isNull="true" />
        <layoutData>&lt;report-filter&gt;
  &lt;display&gt;
&amp;lt;input name="&amp;lt;#= filter.formName #&amp;gt;" type="text" value="&amp;lt;#= filter.value #&amp;gt;" size=7&amp;gt;
&lt;/display&gt;
  &lt;script&gt;return filter.value;
&lt;/script&gt;
&lt;/report-filter&gt;</layoutData>
        <description>Switches out a number</description>
        <guid>prePebbles:1466:11-25-2003 12:13:46</guid>
        <versionId>45947c03-c146-47db-b267-1deb8a546e51</versionId>
        <layoutParam name="filter-category">
            <lastModified isNull="true" />
            <lastModifiedBy isNull="true" />
            <layoutParamId>2023.6437c4f5-dcba-4a8a-8862-a67f60541904</layoutParamId>
            <layoutId>20.a5b1201a-9d43-45bf-abb0-f8cd7ff4d0fd</layoutId>
            <value>Generic</value>
            <type isNull="true" />
            <seq isNull="true" />
            <guid>guid:197d4ddc90fc5427:-1c619ffe:11def1582ed:-7e90</guid>
            <versionId>5449bdad-ab40-4556-b438-a9737f26762a</versionId>
        </layoutParam>
        <layoutParam name="filter-type">
            <lastModified isNull="true" />
            <lastModifiedBy isNull="true" />
            <layoutParamId>2023.9561ef31-95f0-48d6-b8fb-9aeb9b199cf6</layoutParamId>
            <layoutId>20.a5b1201a-9d43-45bf-abb0-f8cd7ff4d0fd</layoutId>
            <value>Text Replace</value>
            <type isNull="true" />
            <seq isNull="true" />
            <guid>guid:197d4ddc90fc5427:-1c619ffe:11def1582ed:-7e92</guid>
            <versionId>941a7e6d-3fad-4622-af43-77fe5d5d44e2</versionId>
        </layoutParam>
        <layoutParam name="filter-values">
            <lastModified isNull="true" />
            <lastModifiedBy isNull="true" />
            <layoutParamId>2023.2f292c40-3453-4d79-8195-66d2f7c9fe01</layoutParamId>
            <layoutId>20.a5b1201a-9d43-45bf-abb0-f8cd7ff4d0fd</layoutId>
            <value>500</value>
            <type isNull="true" />
            <seq isNull="true" />
            <guid>guid:197d4ddc90fc5427:-1c619ffe:11def1582ed:-7e8e</guid>
            <versionId>b16e2412-4bcc-4e23-a9f0-07575a6471a8</versionId>
        </layoutParam>
    </layout>
</teamworks>

