<?xml version="1.0" encoding="UTF-8"?>
<teamworks>
    <participant id="24.581a472b-5016-479a-b5b5-0a9701c2c42c" name="Managers">
        <lastModified>1363777206823</lastModified>
        <lastModifiedBy>Administrator</lastModifiedBy>
        <participantId>24.581a472b-5016-479a-b5b5-0a9701c2c42c</participantId>
        <participantDefinition isNull="true" />
        <simulationGroupSize>2</simulationGroupSize>
        <capacityType>1</capacityType>
        <definitionType>3</definitionType>
        <percentAvailable isNull="true" />
        <percentEfficiency isNull="true" />
        <cost>10</cost>
        <currencyCode isNull="true" />
        <image isNull="true" />
        <serviceMembersRef isNull="true" />
        <managersRef isNull="true" />
        <description isNull="true" />
        <guid>guid:2b1f1955ff9f4c27:-66763056:13d87692328:-7ffb</guid>
        <versionId>daec1e56-5f9d-48af-9fb5-5542ce63250f</versionId>
        <standardMembers>
            <standardMember>
                <type>Group</type>
                <name>tw_managers</name>
            </standardMember>
        </standardMembers>
        <teamAssignments />
    </participant>
</teamworks>

