<?xml version="1.0" encoding="UTF-8"?>
<teamworks>
    <metric id="49.0f650e6c-a9d7-4355-90bd-06530fa3eeec" name="Rework">
        <lastModified>1336850763041</lastModified>
        <lastModifiedBy>Internal TW Admin user</lastModifiedBy>
        <metricId>49.0f650e6c-a9d7-4355-90bd-06530fa3eeec</metricId>
        <rollupMetricRef isNull="true" />
        <rollupMultiplier>1</rollupMultiplier>
        <unit>8</unit>
        <description isNull="true" />
        <guid>guid:0daab08e2712fc36:160c21a:110e190354b:-7ff8</guid>
        <versionId>f7921b0d-fa43-4020-9269-3829b30e33be</versionId>
        <xmlData>
            <itemTypeConfig itemType="4" validAssignmentTypes="49" validThresholdTypes="0" autoInclude="true" parametricAssignmentUnit="4">
                <defaultSettings assignmentType="16" useDefaultAssignments="false" useDefaultThresholds="false">
                    <assignment assignmentType="16" value="1">
                        <parametricScript>tw.step.executionCount &gt; tw.metric.current.params[0]</parametricScript>
                    </assignment>
                </defaultSettings>
                <parametericAssignmentDescription>True after N traversals</parametericAssignmentDescription>
            </itemTypeConfig>
        </xmlData>
    </metric>
</teamworks>

