<?xml version="1.0" encoding="UTF-8"?>
<teamworks>
    <metric id="49.214c3608-f6bb-4f41-b545-fe1c02383a47" name="Execution Time (Calendar)">
        <lastModified>1336850763050</lastModified>
        <lastModifiedBy>Internal TW Admin user</lastModifiedBy>
        <metricId>49.214c3608-f6bb-4f41-b545-fe1c02383a47</metricId>
        <rollupMetricRef isNull="true" />
        <rollupMultiplier>1</rollupMultiplier>
        <unit>2</unit>
        <description isNull="true" />
        <guid>guid:0daab08e2712fc36:160c21a:110e190354b:-7ffd</guid>
        <versionId>4b9ac041-3abc-4945-855a-83e414a2835d</versionId>
        <xmlData>
            <itemTypeConfig itemType="4" validAssignmentTypes="0" validThresholdTypes="1" autoInclude="false" parametricAssignmentUnit="0">
                <defaultSettings assignmentType="0" useDefaultAssignments="false" useDefaultThresholds="false">
                    <threshold type="MinExpMaxThreshold" min="0" expected="1800" max="2400" />
                </defaultSettings>
            </itemTypeConfig>
        </xmlData>
    </metric>
</teamworks>

