<?xml version="1.0" encoding="UTF-8"?>
<teamworks>
    <metric id="49.8601bb6b-9c9d-4cba-936e-16350a036de3" name="Execution Time (Clock)">
        <lastModified>1336850763074</lastModified>
        <lastModifiedBy>Internal TW Admin user</lastModifiedBy>
        <metricId>49.8601bb6b-9c9d-4cba-936e-16350a036de3</metricId>
        <rollupMetricRef isNull="true" />
        <rollupMultiplier>1</rollupMultiplier>
        <unit>2</unit>
        <description isNull="true" />
        <guid>guid:0daab08e2712fc36:160c21a:110e190354b:-7ffe</guid>
        <versionId>9b800d2c-29b3-494d-bf9f-a1cc385de5b4</versionId>
        <xmlData>
            <itemTypeConfig itemType="4" validAssignmentTypes="0" validThresholdTypes="1" autoInclude="true" parametricAssignmentUnit="0">
                <defaultSettings assignmentType="0" useDefaultAssignments="false" useDefaultThresholds="false">
                    <threshold type="MinExpMaxThreshold" min="0" expected="1800" max="2400" />
                </defaultSettings>
            </itemTypeConfig>
        </xmlData>
    </metric>
</teamworks>

