<?xml version="1.0" encoding="UTF-8"?>
<teamworks>
    <metric id="49.995ba3fc-e786-45eb-b356-47acb3d3ebbc" name="Cost">
        <lastModified>1336850763083</lastModified>
        <lastModifiedBy>Internal TW Admin user</lastModifiedBy>
        <metricId>49.995ba3fc-e786-45eb-b356-47acb3d3ebbc</metricId>
        <rollupMetricRef isNull="true" />
        <rollupMultiplier>1</rollupMultiplier>
        <unit>1</unit>
        <description isNull="true" />
        <guid>guid:0daab08e2712fc36:160c21a:110e190354b:-7ffa</guid>
        <versionId>ff2ef189-05e7-4465-a3f5-b45cad7ba357</versionId>
        <xmlData>
            <itemTypeConfig itemType="4" validAssignmentTypes="47" validThresholdTypes="1" autoInclude="true" parametricAssignmentUnit="0">
                <defaultSettings assignmentType="1" useDefaultAssignments="false" useDefaultThresholds="false">
                    <assignment assignmentType="1" value="0" />
                    <threshold type="MinExpMaxThreshold" min="0" expected="100" max="1000" />
                </defaultSettings>
            </itemTypeConfig>
        </xmlData>
    </metric>
</teamworks>

