<?xml version="1.0" encoding="UTF-8"?>
<teamworks>
    <metric id="49.e30cf309-a884-4a7b-a2db-16e8a371a4c1" name="Value Add">
        <lastModified>1336850763193</lastModified>
        <lastModifiedBy>Internal TW Admin user</lastModifiedBy>
        <metricId>49.e30cf309-a884-4a7b-a2db-16e8a371a4c1</metricId>
        <rollupMetricRef isNull="true" />
        <rollupMultiplier>1</rollupMultiplier>
        <unit>8</unit>
        <description isNull="true" />
        <guid>guid:0daab08e2712fc36:160c21a:110e190354b:-7ff9</guid>
        <versionId>d4f1abc8-c875-4da7-8d11-a177c51e6889</versionId>
        <xmlData>
            <itemTypeConfig itemType="4" validAssignmentTypes="33" validThresholdTypes="0" autoInclude="true" parametricAssignmentUnit="0">
                <defaultSettings assignmentType="1" useDefaultAssignments="false" useDefaultThresholds="false">
                    <assignment assignmentType="1" value="1" />
                </defaultSettings>
            </itemTypeConfig>
        </xmlData>
    </metric>
</teamworks>

