<?xml version="1.0" encoding="UTF-8"?>
<teamworks>
    <userAttributeDefinition id="51.55ece997-dc7e-4645-978b-3dbddbcacf1b" name="Send Connections Notification On New Task">
        <lastModified>1361372673512</lastModified>
        <lastModifiedBy>Internal TW Admin user</lastModifiedBy>
        <userAttributeId>51.55ece997-dc7e-4645-978b-3dbddbcacf1b</userAttributeId>
        <classRef>/12.83ff975e-8dbc-42e5-b738-fa8bc08274a2</classRef>
        <storageProvider isNull="true" />
        <storageProviderAttribute isNull="true" />
        <storageSource>0</storageSource>
        <storageService isNull="true" />
        <valuesSource>2</valuesSource>
        <valuesService isNull="true" />
        <description isNull="true" />
        <guid>guid:d74afb6a9b7055c9:9588455:13c24bc2dba:-7ffb</guid>
        <versionId>d73ce7cd-7cf2-4f36-95ea-a6a636adf2bc</versionId>
        <userAttributeValues>
            <userAttributeValue>
                <lastModified isNull="true" />
                <lastModifiedBy isNull="true" />
                <userAttributeDefValueId>2050.95d9eb91-3179-4d6e-b80a-0f0bb6a11901</userAttributeDefValueId>
                <userAttributeDefId>51.55ece997-dc7e-4645-978b-3dbddbcacf1b</userAttributeDefId>
                <value>true</value>
                <seq>0</seq>
                <guid>guid:d74afb6a9b7055c9:9588455:13c24bc2dba:-7ffa</guid>
                <versionId>b45b93bd-b136-4547-9c34-e01e7b2a7744</versionId>
            </userAttributeValue>
            <userAttributeValue>
                <lastModified isNull="true" />
                <lastModifiedBy isNull="true" />
                <userAttributeDefValueId>2050.2e19565f-74ae-48a5-ad98-aff3f8592b32</userAttributeDefValueId>
                <userAttributeDefId>51.55ece997-dc7e-4645-978b-3dbddbcacf1b</userAttributeDefId>
                <value>false</value>
                <seq>1</seq>
                <guid>guid:d74afb6a9b7055c9:9588455:13c24bc2dba:-7ff9</guid>
                <versionId>7d06f7b0-c5d0-44e1-bf49-7aefc0bb5083</versionId>
            </userAttributeValue>
        </userAttributeValues>
    </userAttributeDefinition>
</teamworks>

