<?xml version="1.0" encoding="UTF-8"?>
<teamworks>
    <managedAsset id="61.36bf5181-1b5e-47e0-97ac-c2f1ad92d657" name="bg_content_heading_left.gif">
        <lastModified>1336850768747</lastModified>
        <lastModifiedBy>Internal TW Admin user</lastModifiedBy>
        <managedAssetId>61.36bf5181-1b5e-47e0-97ac-c2f1ad92d657</managedAssetId>
        <assetUuid>cb5f87c7-f754-4a15-be09-0901973d9171</assetUuid>
        <mimeType>image/gif</mimeType>
        <charEncoding isNull="true" />
        <assetTypeCode>W</assetTypeCode>
        <length>347</length>
        <localLastModification>1285108771043</localLastModification>
        <description isNull="true" />
        <isDocumentationFile>false</isDocumentationFile>
        <guid>guid:09fccecb508e1552:24370940:12b7ce0cf14:-7e36</guid>
        <versionId>69591c3a-8939-41c0-a1b5-ea9d50abf20b</versionId>
    </managedAsset>
</teamworks>

