<?xml version="1.0" encoding="UTF-8"?>
<teamworks>
    <managedAsset id="61.4cb68b55-4580-45a0-af83-a068dacd047d" name="l.png">
        <lastModified>1336850768775</lastModified>
        <lastModifiedBy>Internal TW Admin user</lastModifiedBy>
        <managedAssetId>61.4cb68b55-4580-45a0-af83-a068dacd047d</managedAssetId>
        <assetUuid>19645bfa-e0ad-49cb-8b6a-a314e88eb48a</assetUuid>
        <mimeType>image/png</mimeType>
        <charEncoding isNull="true" />
        <assetTypeCode>W</assetTypeCode>
        <length>2800</length>
        <localLastModification>1285108928210</localLastModification>
        <description isNull="true" />
        <isDocumentationFile>false</isDocumentationFile>
        <guid>guid:09fccecb508e1552:24370940:12b7ce0cf14:-7a40</guid>
        <versionId>d5f1c6b7-7dae-45f6-b499-48a99160ccd2</versionId>
    </managedAsset>
</teamworks>

