<?xml version="1.0" encoding="UTF-8"?>
<teamworks>
    <managedAsset id="61.5e417cca-98a9-4b91-b75d-1d165e88c4d0" name="bg_content_heading_right.gif">
        <lastModified>1336850768788</lastModified>
        <lastModifiedBy>Internal TW Admin user</lastModifiedBy>
        <managedAssetId>61.5e417cca-98a9-4b91-b75d-1d165e88c4d0</managedAssetId>
        <assetUuid>ff5f525f-6023-479a-927e-05013e6902a2</assetUuid>
        <mimeType>image/gif</mimeType>
        <charEncoding isNull="true" />
        <assetTypeCode>W</assetTypeCode>
        <length>314</length>
        <localLastModification>1285108771912</localLastModification>
        <description isNull="true" />
        <isDocumentationFile>false</isDocumentationFile>
        <guid>guid:09fccecb508e1552:24370940:12b7ce0cf14:-7de5</guid>
        <versionId>ce17dea7-dfc1-4864-9edc-c25bdf08e6ee</versionId>
    </managedAsset>
</teamworks>

