<?xml version="1.0" encoding="UTF-8"?>
<teamworks>
    <managedAsset id="61.5402832f-cd2f-4953-be79-80e5421a9d88" name="ac-left.png">
        <lastModified>1336850768782</lastModified>
        <lastModifiedBy>Internal TW Admin user</lastModifiedBy>
        <managedAssetId>61.5402832f-cd2f-4953-be79-80e5421a9d88</managedAssetId>
        <assetUuid>043796df-af52-4806-bab1-93e4c971c303</assetUuid>
        <mimeType>image/png</mimeType>
        <charEncoding isNull="true" />
        <assetTypeCode>W</assetTypeCode>
        <length>330</length>
        <localLastModification>1285108928347</localLastModification>
        <description isNull="true" />
        <isDocumentationFile>false</isDocumentationFile>
        <guid>guid:09fccecb508e1552:24370940:12b7ce0cf14:-78ba</guid>
        <versionId>4ecec272-4aed-4af9-8061-61b56e09865a</versionId>
    </managedAsset>
</teamworks>

