<?xml version="1.0" encoding="UTF-8"?>
<teamworks>
    <managedAsset id="61.61ce8eed-a609-4e20-b0d0-fecea416f1d6" name="skin1.css">
        <lastModified>1336850768803</lastModified>
        <lastModifiedBy>Internal TW Admin user</lastModifiedBy>
        <managedAssetId>61.61ce8eed-a609-4e20-b0d0-fecea416f1d6</managedAssetId>
        <assetUuid>60af11e8-ede3-4a82-a566-f85fa50c3b48</assetUuid>
        <mimeType>text/css</mimeType>
        <charEncoding isNull="true" />
        <assetTypeCode>W</assetTypeCode>
        <length>12394</length>
        <localLastModification>1286310225922</localLastModification>
        <description isNull="true" />
        <isDocumentationFile>false</isDocumentationFile>
        <guid>guid:09fccecb508e1552:24370940:12b7ce0cf14:-7782</guid>
        <versionId>7e1ab640-4bfe-42c4-9238-13e3b39f9caf</versionId>
    </managedAsset>
</teamworks>

