<?xml version="1.0" encoding="UTF-8"?>
<teamworks>
    <managedAsset id="61.600f1f1a-8ce2-4bea-a3ba-7830b58ace14" name="na-right.png">
        <lastModified>1336850768795</lastModified>
        <lastModifiedBy>Internal TW Admin user</lastModifiedBy>
        <managedAssetId>61.600f1f1a-8ce2-4bea-a3ba-7830b58ace14</managedAssetId>
        <assetUuid>c88ad3bc-7ab9-42ab-a457-b9bc80df1b7b</assetUuid>
        <mimeType>image/png</mimeType>
        <charEncoding isNull="true" />
        <assetTypeCode>W</assetTypeCode>
        <length>489</length>
        <localLastModification>1285108928344</localLastModification>
        <description isNull="true" />
        <isDocumentationFile>false</isDocumentationFile>
        <guid>guid:09fccecb508e1552:24370940:12b7ce0cf14:-7908</guid>
        <versionId>a12505a9-4bdb-4b68-a7c9-089a8f9bcbf8</versionId>
    </managedAsset>
</teamworks>

