<?xml version="1.0" encoding="UTF-8"?>
<teamworks>
    <managedAsset id="61.83235fb9-e985-46fe-a554-8097537e4df0" name="bg_body.gif">
        <lastModified>1336850768810</lastModified>
        <lastModifiedBy>Internal TW Admin user</lastModifiedBy>
        <managedAssetId>61.83235fb9-e985-46fe-a554-8097537e4df0</managedAssetId>
        <assetUuid>bbb9cb41-c686-4d19-85a6-8210b5cdb70b</assetUuid>
        <mimeType>image/gif</mimeType>
        <charEncoding>UTF-8</charEncoding>
        <assetTypeCode>W</assetTypeCode>
        <length>997</length>
        <localLastModification>1285108771578</localLastModification>
        <description isNull="true" />
        <isDocumentationFile>false</isDocumentationFile>
        <guid>guid:09fccecb508e1552:24370940:12b7ce0cf14:-7f50</guid>
        <versionId>755050e2-c6c3-4a84-90e7-cdee9c8d2a7c</versionId>
    </managedAsset>
</teamworks>

