<?xml version="1.0" encoding="UTF-8"?>
<teamworks>
    <managedAsset id="61.aabe9f91-df4b-43db-857c-41dbed4820a3" name="coach_designer.css">
        <lastModified>1336850768832</lastModified>
        <lastModifiedBy>Internal TW Admin user</lastModifiedBy>
        <managedAssetId>61.aabe9f91-df4b-43db-857c-41dbed4820a3</managedAssetId>
        <assetUuid>4c2df184-ba8b-4adb-b4c0-1e2faf263ab0</assetUuid>
        <mimeType>text/css</mimeType>
        <charEncoding isNull="true" />
        <assetTypeCode>W</assetTypeCode>
        <length>107</length>
        <localLastModification>1286310456695</localLastModification>
        <description isNull="true" />
        <isDocumentationFile>false</isDocumentationFile>
        <guid>guid:09fccecb508e1552:24370940:12b7ce0cf14:-7735</guid>
        <versionId>1400d4d1-8d67-4484-b3df-bb04d4af7d23</versionId>
    </managedAsset>
</teamworks>

