<?xml version="1.0" encoding="UTF-8"?>
<teamworks>
    <managedAsset id="61.e1ffae1f-e379-4d59-bb86-bd303215eeb5" name="na-left.png">
        <lastModified>1336850768854</lastModified>
        <lastModifiedBy>Internal TW Admin user</lastModifiedBy>
        <managedAssetId>61.e1ffae1f-e379-4d59-bb86-bd303215eeb5</managedAssetId>
        <assetUuid>248e1782-6867-4186-b8b5-b357f9d9d9b2</assetUuid>
        <mimeType>image/png</mimeType>
        <charEncoding isNull="true" />
        <assetTypeCode>W</assetTypeCode>
        <length>331</length>
        <localLastModification>1285108928295</localLastModification>
        <description isNull="true" />
        <isDocumentationFile>false</isDocumentationFile>
        <guid>guid:09fccecb508e1552:24370940:12b7ce0cf14:-79a4</guid>
        <versionId>00c0c902-340b-4ca7-8727-e5a577712327</versionId>
    </managedAsset>
</teamworks>

