<?xml version="1.0" encoding="UTF-8"?>
<teamworks>
    <managedAsset id="61.ee849d86-2c59-4fef-912d-37e026150706" name="sk_bg_content_heading_left.gif">
        <lastModified>1336850768869</lastModified>
        <lastModifiedBy>Internal TW Admin user</lastModifiedBy>
        <managedAssetId>61.ee849d86-2c59-4fef-912d-37e026150706</managedAssetId>
        <assetUuid>800dd2c9-2b57-49c1-ad57-3983a97cd0f2</assetUuid>
        <mimeType>image/gif</mimeType>
        <charEncoding isNull="true" />
        <assetTypeCode>W</assetTypeCode>
        <length>357</length>
        <localLastModification>1285108823130</localLastModification>
        <description isNull="true" />
        <isDocumentationFile>false</isDocumentationFile>
        <guid>guid:09fccecb508e1552:24370940:12b7ce0cf14:-7adc</guid>
        <versionId>07285cf4-fca4-4fe7-8a71-8e8732121a00</versionId>
    </managedAsset>
</teamworks>

