<?xml version="1.0" encoding="UTF-8"?>
<teamworks>
    <process id="1.af91df95-3cd7-3441-93a7-15a5b764b3bf" name="Default Selection Service">
        <lastModified>1439765346777</lastModified>
        <lastModifiedBy>Deepak</lastModifiedBy>
        <processId>1.af91df95-3cd7-3441-93a7-15a5b764b3bf</processId>
        <image isNull="true" />
        <tabGroup isNull="true" />
        <startingProcessItemId>2025.d2884f77-2a6c-3005-be82-17454fbc071d</startingProcessItemId>
        <isRootProcess>false</isRootProcess>
        <processType>2</processType>
        <isErrorHandlerEnabled>false</isErrorHandlerEnabled>
        <errorHandlerItemId isNull="true" />
        <isLoggingVariables>false</isLoggingVariables>
        <isTransactional>false</isTransactional>
        <processTimingLevel isNull="true" />
        <participantRef isNull="true" />
        <exposedType isNull="true" />
        <isTrackingEnabled>true</isTrackingEnabled>
        <xmlData isNull="true" />
        <cachingType>false</cachingType>
        <itemLabel isNull="true" />
        <cacheLength>43200</cacheLength>
        <mobileReady>false</mobileReady>
        <sboSyncEnabled>false</sboSyncEnabled>
        <externalId isNull="true" />
        <isSecured>false</isSecured>
        <description isNull="true" />
        <guid>guid:0000000af91df953:cd734419:3a715a5b764:-b3bf</guid>
        <versionId>3fd66dbc-1823-3343-a48d-65dbf4ab6de2</versionId>
        <dependencySummary isNull="true" />
        <processParameter name="text">
            <lastModified isNull="true" />
            <lastModifiedBy isNull="true" />
            <processParameterId>2055.65c5a64d-6f25-34d9-aa98-e3d8e5e11513</processParameterId>
            <processId>1.af91df95-3cd7-3441-93a7-15a5b764b3bf</processId>
            <parameterType>1</parameterType>
            <isArrayOf>false</isArrayOf>
            <classId>c6353c54-3d3a-41ac-8ca7-4d0469d35681/12.db884a3c-c533-44b7-bb2d-47bec8ad4022</classId>
            <seq>1</seq>
            <hasDefault>false</hasDefault>
            <defaultValue isNull="true" />
            <isLocked>false</isLocked>
            <description isNull="true" />
            <guid>guid:000000065c5a64d6:f2534d9a:a98e3d8e5e1:-1513</guid>
            <versionId>38dd61aa-e37b-4566-ac74-49c5e2170314</versionId>
        </processParameter>
        <processParameter name="results">
            <lastModified isNull="true" />
            <lastModifiedBy isNull="true" />
            <processParameterId>2055.5f71fdbf-7f42-3862-8389-cc9101dc1c53</processParameterId>
            <processId>1.af91df95-3cd7-3441-93a7-15a5b764b3bf</processId>
            <parameterType>2</parameterType>
            <isArrayOf>true</isArrayOf>
            <classId>c6353c54-3d3a-41ac-8ca7-4d0469d35681/12.c09c9b6e-aabd-4897-bef2-ed61db106297</classId>
            <seq>2</seq>
            <hasDefault>false</hasDefault>
            <defaultValue isNull="true" />
            <isLocked>false</isLocked>
            <description isNull="true" />
            <guid>guid:00000005f71fdbf7:f4238628:389cc9101dc:-1c53</guid>
            <versionId>8ae72e2b-e2b9-493b-a2a3-6927c6b9d58a</versionId>
        </processParameter>
        <item>
            <lastModified isNull="true" />
            <lastModifiedBy isNull="true" />
            <processItemId>2025.d2884f77-2a6c-3005-be82-17454fbc071d</processItemId>
            <processId>1.af91df95-3cd7-3441-93a7-15a5b764b3bf</processId>
            <name>End</name>
            <tWComponentName>ExitPoint</tWComponentName>
            <tWComponentId>3008.2c0b72ea-b67b-4158-a730-00273cb77de9</tWComponentId>
            <isLogEnabled>false</isLogEnabled>
            <isTraceEnabled>false</isTraceEnabled>
            <traceCategory isNull="true" />
            <traceLevel isNull="true" />
            <traceMessage isNull="true" />
            <traceSymbolTable isNull="true" />
            <isExecutionContextTraced>false</isExecutionContextTraced>
            <saveExecutionContext>true</saveExecutionContext>
            <documentation isNull="true" />
            <isErrorHandlerEnabled>false</isErrorHandlerEnabled>
            <errorHandlerItemId isNull="true" />
            <guid>guid:0000000d2884f772:a6c3005b:e8217454fbc:-071d</guid>
            <versionId>a0996d46-2e57-4c5c-a6a3-21208a2c75a8</versionId>
            <layoutData x="700" y="100">
                <errorLink>
                    <controlPoints />
                    <showEndState>false</showEndState>
                    <showName>false</showName>
                </errorLink>
            </layoutData>
            <TWComponent>
                <lastModified isNull="true" />
                <lastModifiedBy isNull="true" />
                <exitPointId>3008.2c0b72ea-b67b-4158-a730-00273cb77de9</exitPointId>
                <haltProcess>false</haltProcess>
                <guid>guid:0000000ae1aa595c:588399db:6def5b20cdd:-c6b4</guid>
                <versionId>af70ddc2-0307-464a-97cf-ff5fedce0ed1</versionId>
            </TWComponent>
        </item>
        <startingProcessItemId>2025.d2884f77-2a6c-3005-be82-17454fbc071d</startingProcessItemId>
        <errorHandlerItemId isNull="true" />
        <layoutData noConversion="true">
            <errorLink>
                <controlPoints />
                <showEndState>false</showEndState>
                <showName>false</showName>
            </errorLink>
        </layoutData>
        <startPoint>
            <layoutData x="20" y="100">
                <errorLink>
                    <controlPoints />
                    <showEndState>false</showEndState>
                    <showName>false</showName>
                </errorLink>
            </layoutData>
        </startPoint>
        <startLink>
            <fromPort locationId="rightCenter" portType="1" />
            <toPort locationId="leftCenter" portType="2" />
            <layoutData>
                <controlPoints />
                <showEndState>false</showEndState>
                <showName>false</showName>
            </layoutData>
        </startLink>
    </process>
</teamworks>

