<?xml version="1.0" encoding="UTF-8"?>
<teamworks>
    <twClass id="12.36f59e58-3183-3588-aad5-bccd2a71746a" name="RadioButtonsOrientation">
        <lastModified>1439765346418</lastModified>
        <lastModifiedBy>Deepak</lastModifiedBy>
        <classId>12.36f59e58-3183-3588-aad5-bccd2a71746a</classId>
        <type>0</type>
        <isSystem>false</isSystem>
        <shared>false</shared>
        <isShadow>false</isShadow>
        <globalLifetime>false</globalLifetime>
        <internalName isNull="true" />
        <extensionType isNull="true" />
        <saveServiceRef isNull="true" />
        <bpmn2Data isNull="true" />
        <externalId isNull="true" />
        <dependencySummary isNull="true" />
        <description>Business object that provides selection options for radio button layout.</description>
        <guid>guid:000000036f59e583:1833588a:ad5bccd2a71:-746a</guid>
        <versionId>6f1213b9-a9af-3e95-9f88-ce7bde6d53b5</versionId>
        <definition>
            <validator>
                <className isNull="true" />
                <errorMessage isNull="true" />
                <webWidgetJavaClass isNull="true" />
                <configData>
                    <schema>
                        <simpleType name="RadioButtonsOrientation">
                            <restriction base="Selection">
                                <option value="vertical" display="Vertical" />
                                <option value="horizontal" display="Horizontal" />
                            </restriction>
                        </simpleType>
                    </schema>
                </configData>
            </validator>
            <annotation type="com.lombardisoftware.core.xml.XMLTypeAnnotation" version="2.0">
                <exclude isNull="true" />
                <anonymous isNull="true" />
                <name isNull="true" />
                <namespace isNull="true" />
                <elementName isNull="true" />
                <elementNamespace isNull="true" />
                <protoTypeName isNull="true" />
                <baseTypeName isNull="true" />
                <specialType isNull="true" />
                <contentTypeVariety isNull="true" />
                <xscRef isNull="true" />
            </annotation>
        </definition>
    </twClass>
</teamworks>

