<?xml version="1.0" encoding="UTF-8"?>
<teamworks>
    <twClass id="12.a77cf9a8-a438-35e7-857b-ec11c4a4998e" name="CaptionHorizontalPositionSelection">
        <lastModified>1439765346418</lastModified>
        <lastModifiedBy>Deepak</lastModifiedBy>
        <classId>12.a77cf9a8-a438-35e7-857b-ec11c4a4998e</classId>
        <type>0</type>
        <isSystem>false</isSystem>
        <shared>false</shared>
        <isShadow>false</isShadow>
        <globalLifetime>false</globalLifetime>
        <internalName isNull="true" />
        <extensionType isNull="true" />
        <saveServiceRef isNull="true" />
        <bpmn2Data isNull="true" />
        <externalId isNull="true" />
        <dependencySummary isNull="true" />
        <description>Business object that provides selection options for the image caption horizontal position.</description>
        <guid>guid:0000000a77cf9a8a:43835e78:57bec11c4a4:-998e</guid>
        <versionId>f0a77740-b4c3-340e-8b0a-8c73ef185e79</versionId>
        <definition>
            <validator>
                <className isNull="true" />
                <errorMessage isNull="true" />
                <webWidgetJavaClass isNull="true" />
                <configData>
                    <schema>
                        <simpleType name="CaptionHorizontalPositionSelection">
                            <restriction base="Selection">
                                <option value="left" display="Left" />
                                <option value="right" display="Right" />
                                <option value="center" display="Center" />
                            </restriction>
                        </simpleType>
                    </schema>
                </configData>
            </validator>
            <annotation type="com.lombardisoftware.core.xml.XMLTypeAnnotation" version="2.0">
                <exclude isNull="true" />
                <anonymous isNull="true" />
                <name isNull="true" />
                <namespace isNull="true" />
                <elementName isNull="true" />
                <elementNamespace isNull="true" />
                <protoTypeName isNull="true" />
                <baseTypeName isNull="true" />
                <specialType isNull="true" />
                <contentTypeVariety isNull="true" />
                <xscRef isNull="true" />
            </annotation>
        </definition>
    </twClass>
</teamworks>

