<?xml version="1.0" encoding="UTF-8"?>
<teamworks>
    <managedAsset id="61.014ae28f-cd84-36ff-a823-3d31e8e2f37a" name="tabs.html">
        <lastModified>1460959176108</lastModified>
        <lastModifiedBy>admin</lastModifiedBy>
        <managedAssetId>61.014ae28f-cd84-36ff-a823-3d31e8e2f37a</managedAssetId>
        <assetUuid>3bb04ada-4ace-49af-a94f-e0afec78c2c4</assetUuid>
        <mimeType>text/html</mimeType>
        <charEncoding isNull="true" />
        <assetTypeCode>W</assetTypeCode>
        <length>1326</length>
        <localLastModification>1456862567618</localLastModification>
        <description isNull="true" />
        <isDocumentationFile>false</isDocumentationFile>
        <guid>guid:0000000014ae28fc:d8436ffa:8233d31e8e2:-f37a</guid>
        <versionId>fbe6d610-fb49-33f4-911f-b137fb29ffa3</versionId>
    </managedAsset>
</teamworks>

