<?xml version="1.0" encoding="UTF-8"?>
<teamworks>
    <managedAsset id="61.10c4d01d-239e-3684-bf1e-a18360e3e084" name="section.html">
        <lastModified>1460959176108</lastModified>
        <lastModifiedBy>admin</lastModifiedBy>
        <managedAssetId>61.10c4d01d-239e-3684-bf1e-a18360e3e084</managedAssetId>
        <assetUuid>92ba24fb-cc8d-4f04-9579-8a0e2719d0ba</assetUuid>
        <mimeType>text/html</mimeType>
        <charEncoding isNull="true" />
        <assetTypeCode>W</assetTypeCode>
        <length>1438</length>
        <localLastModification>1456862567633</localLastModification>
        <description isNull="true" />
        <isDocumentationFile>false</isDocumentationFile>
        <guid>guid:000000010c4d01d2:39e3684b:f1ea18360e3:-e084</guid>
        <versionId>be052fa5-14c2-3e48-a93f-4c13dab0677a</versionId>
    </managedAsset>
</teamworks>

