<?xml version="1.0" encoding="UTF-8"?>
<teamworks>
    <managedAsset id="61.1b616b83-fed9-3233-a7ae-0ac0a6c225aa" name="dataGrid_palette.png">
        <lastModified>1439765349406</lastModified>
        <lastModifiedBy>Deepak</lastModifiedBy>
        <managedAssetId>61.1b616b83-fed9-3233-a7ae-0ac0a6c225aa</managedAssetId>
        <assetUuid>c5986930-74f2-4aa1-92c7-0a35270d3127</assetUuid>
        <mimeType>image/png</mimeType>
        <charEncoding isNull="true" />
        <assetTypeCode>W</assetTypeCode>
        <length>15936</length>
        <localLastModification>1424371960939</localLastModification>
        <description isNull="true" />
        <isDocumentationFile>false</isDocumentationFile>
        <guid>guid:00000001b616b83f:ed93233a:7ae0ac0a6c2:-25aa</guid>
        <versionId>45ee6259-f45f-32d7-985b-972d077e4c9e</versionId>
    </managedAsset>
</teamworks>

