<?xml version="1.0" encoding="UTF-8"?>
<teamworks>
    <managedAsset id="61.21f9b3d4-0176-3464-974a-4fc58dfee58b" name="integer.html">
        <lastModified>1460959176108</lastModified>
        <lastModifiedBy>admin</lastModifiedBy>
        <managedAssetId>61.21f9b3d4-0176-3464-974a-4fc58dfee58b</managedAssetId>
        <assetUuid>a875219f-a182-4646-97cf-265775381552</assetUuid>
        <mimeType>text/html</mimeType>
        <charEncoding isNull="true" />
        <assetTypeCode>W</assetTypeCode>
        <length>1952</length>
        <localLastModification>1456862567615</localLastModification>
        <description isNull="true" />
        <isDocumentationFile>false</isDocumentationFile>
        <guid>guid:000000021f9b3d40:17634649:74a4fc58dfe:-e58b</guid>
        <versionId>9052233f-b8a8-3ea5-a4cc-54d3fbd6e63c</versionId>
    </managedAsset>
</teamworks>

