<?xml version="1.0" encoding="UTF-8"?>
<teamworks>
    <managedAsset id="61.27ca5a53-c4c5-3540-a002-6cf2e24f118b" name="e77f2a7e-10b4-45ee-90eb-e5b1546cc743.zip">
        <lastModified>1460959176108</lastModified>
        <lastModifiedBy>admin</lastModifiedBy>
        <managedAssetId>61.27ca5a53-c4c5-3540-a002-6cf2e24f118b</managedAssetId>
        <assetUuid>e321c544-1d0f-4a0f-9658-2bf77a068db1</assetUuid>
        <mimeType>application/zip</mimeType>
        <charEncoding isNull="true" />
        <assetTypeCode>T</assetTypeCode>
        <length>28695</length>
        <localLastModification>1456862567628</localLastModification>
        <description isNull="true" />
        <isDocumentationFile>false</isDocumentationFile>
        <guid>guid:000000027ca5a53c:4c53540a:0026cf2e24f:-118b</guid>
        <versionId>fe927313-7f91-37cb-9309-8d4efcb9b2d1</versionId>
    </managedAsset>
</teamworks>

