<?xml version="1.0" encoding="UTF-8"?>
<teamworks>
    <managedAsset id="61.3623680d-cb30-3bb2-bda1-a0d6deb01e00" name="controls.debug.zip">
        <lastModified>1460959176108</lastModified>
        <lastModifiedBy>admin</lastModifiedBy>
        <managedAssetId>61.3623680d-cb30-3bb2-bda1-a0d6deb01e00</managedAssetId>
        <assetUuid>7ee887f0-0c1d-4d9e-8986-1b5208aa77c5</assetUuid>
        <mimeType>application/zip</mimeType>
        <charEncoding isNull="true" />
        <assetTypeCode>W</assetTypeCode>
        <length>842494</length>
        <localLastModification>1456862567619</localLastModification>
        <description isNull="true" />
        <isDocumentationFile>false</isDocumentationFile>
        <guid>guid:00000003623680dc:b303bb2b:da1a0d6deb0:-1e00</guid>
        <versionId>0bba8207-fab7-3f54-8543-7a66a61dd581</versionId>
    </managedAsset>
</teamworks>

