<?xml version="1.0" encoding="UTF-8"?>
<teamworks>
    <managedAsset id="61.3b1424a2-b053-3d27-9238-554243ce8bff" name="checkbox.html">
        <lastModified>1460959176108</lastModified>
        <lastModifiedBy>admin</lastModifiedBy>
        <managedAssetId>61.3b1424a2-b053-3d27-9238-554243ce8bff</managedAssetId>
        <assetUuid>1e0233a7-ac17-46a4-9eba-0acad3f03efa</assetUuid>
        <mimeType>text/html</mimeType>
        <charEncoding isNull="true" />
        <assetTypeCode>W</assetTypeCode>
        <length>3671</length>
        <localLastModification>1456862567620</localLastModification>
        <description isNull="true" />
        <isDocumentationFile>false</isDocumentationFile>
        <guid>guid:00000003b1424a2b:0533d279:238554243ce:-8bff</guid>
        <versionId>42877f0e-408d-36fe-af8e-ee302a9a3f60</versionId>
    </managedAsset>
</teamworks>

