<?xml version="1.0" encoding="UTF-8"?>
<teamworks>
    <managedAsset id="61.426c224b-553b-3416-ba4a-09cd00c8da97" name="radioButtons.html">
        <lastModified>1460959176108</lastModified>
        <lastModifiedBy>admin</lastModifiedBy>
        <managedAssetId>61.426c224b-553b-3416-ba4a-09cd00c8da97</managedAssetId>
        <assetUuid>9746c9be-3323-4c13-8d64-5e1f7cb65825</assetUuid>
        <mimeType>text/html</mimeType>
        <charEncoding isNull="true" />
        <assetTypeCode>W</assetTypeCode>
        <length>1379</length>
        <localLastModification>1456862567632</localLastModification>
        <description isNull="true" />
        <isDocumentationFile>false</isDocumentationFile>
        <guid>guid:0000000426c224b5:53b3416b:a4a09cd00c8:-da97</guid>
        <versionId>4adcb462-1431-3a26-8bec-3c88cd39b6fb</versionId>
    </managedAsset>
</teamworks>

