<?xml version="1.0" encoding="UTF-8"?>
<teamworks>
    <managedAsset id="61.4708564d-eb36-3622-b171-9bc7ec9c2238" name="editorIconsEnabled.png">
        <lastModified>1439765349406</lastModified>
        <lastModifiedBy>Deepak</lastModifiedBy>
        <managedAssetId>61.4708564d-eb36-3622-b171-9bc7ec9c2238</managedAssetId>
        <assetUuid>928b3510-9f11-4457-9ab4-e49c8ff393c0</assetUuid>
        <mimeType>image/png</mimeType>
        <charEncoding isNull="true" />
        <assetTypeCode>W</assetTypeCode>
        <length>3790</length>
        <localLastModification>1424371960892</localLastModification>
        <description isNull="true" />
        <isDocumentationFile>false</isDocumentationFile>
        <guid>guid:00000004708564de:b363622b:1719bc7ec9c:-2238</guid>
        <versionId>bf644ebc-5880-3f1c-a837-2a297de4b52a</versionId>
    </managedAsset>
</teamworks>

