<?xml version="1.0" encoding="UTF-8"?>
<teamworks>
    <managedAsset id="61.40040a11-eeba-3c8b-a79d-3f3c78841563" name="bootstrap.zip">
        <lastModified>1460959176108</lastModified>
        <lastModifiedBy>admin</lastModifiedBy>
        <managedAssetId>61.40040a11-eeba-3c8b-a79d-3f3c78841563</managedAssetId>
        <assetUuid>4c548e5d-396b-401a-8783-563d18decf8a</assetUuid>
        <mimeType>application/zip</mimeType>
        <charEncoding isNull="true" />
        <assetTypeCode>W</assetTypeCode>
        <length>324791</length>
        <localLastModification>1456862567631</localLastModification>
        <description isNull="true" />
        <isDocumentationFile>false</isDocumentationFile>
        <guid>guid:000000040040a11e:eba3c8ba:79d3f3c7884:-1563</guid>
        <versionId>2bcc3439-31a9-3872-907a-2150806121d9</versionId>
    </managedAsset>
</teamworks>

