<?xml version="1.0" encoding="UTF-8"?>
<teamworks>
    <managedAsset id="61.59232915-ea8e-3e33-88ad-125713ec813b" name="tabs_palette.png">
        <lastModified>1439765349406</lastModified>
        <lastModifiedBy>Deepak</lastModifiedBy>
        <managedAssetId>61.59232915-ea8e-3e33-88ad-125713ec813b</managedAssetId>
        <assetUuid>54b5896a-ded1-4ff0-8bdd-e3f72bb5e681</assetUuid>
        <mimeType>image/png</mimeType>
        <charEncoding isNull="true" />
        <assetTypeCode>W</assetTypeCode>
        <length>15328</length>
        <localLastModification>1424371961032</localLastModification>
        <description isNull="true" />
        <isDocumentationFile>false</isDocumentationFile>
        <guid>guid:000000059232915e:a8e3e338:8ad125713ec:-813b</guid>
        <versionId>0f7752ff-947f-38fc-bcf8-12ab0624ffeb</versionId>
    </managedAsset>
</teamworks>

