<?xml version="1.0" encoding="UTF-8"?>
<teamworks>
    <managedAsset id="61.53823d72-37cb-3da9-811f-0dd3501ad367" name="section_palette.png">
        <lastModified>1439765349406</lastModified>
        <lastModifiedBy>Deepak</lastModifiedBy>
        <managedAssetId>61.53823d72-37cb-3da9-811f-0dd3501ad367</managedAssetId>
        <assetUuid>963d81c7-75b5-4b7b-8259-c556a66ed7cb</assetUuid>
        <mimeType>image/png</mimeType>
        <charEncoding isNull="true" />
        <assetTypeCode>W</assetTypeCode>
        <length>1784</length>
        <localLastModification>1424371961048</localLastModification>
        <description isNull="true" />
        <isDocumentationFile>false</isDocumentationFile>
        <guid>guid:000000053823d723:7cb3da98:11f0dd3501a:-d367</guid>
        <versionId>542ac977-f8f7-3ef8-b024-95df5df01284</versionId>
    </managedAsset>
</teamworks>

