<?xml version="1.0" encoding="UTF-8"?>
<teamworks>
    <managedAsset id="61.5ea2a700-201f-3247-9bcc-bea7075f5630" name="button_preview.png">
        <lastModified>1439765349406</lastModified>
        <lastModifiedBy>Deepak</lastModifiedBy>
        <managedAssetId>61.5ea2a700-201f-3247-9bcc-bea7075f5630</managedAssetId>
        <assetUuid>2ef01021-b90a-4ecd-a53a-8844a4283505</assetUuid>
        <mimeType>image/png</mimeType>
        <charEncoding isNull="true" />
        <assetTypeCode>W</assetTypeCode>
        <length>545</length>
        <localLastModification>1424371961048</localLastModification>
        <description isNull="true" />
        <isDocumentationFile>false</isDocumentationFile>
        <guid>guid:00000005ea2a7002:01f32479:bccbea7075f:-5630</guid>
        <versionId>c929a829-8d2c-37a2-814a-328a5bf6f728</versionId>
    </managedAsset>
</teamworks>

