<?xml version="1.0" encoding="UTF-8"?>
<teamworks>
    <managedAsset id="61.5c2a4e4f-6924-33ae-b258-b5690aa31035" name="dateTimePicker.html">
        <lastModified>1460959176108</lastModified>
        <lastModifiedBy>admin</lastModifiedBy>
        <managedAssetId>61.5c2a4e4f-6924-33ae-b258-b5690aa31035</managedAssetId>
        <assetUuid>0327852b-0d8e-4f8c-950a-49686fbf4188</assetUuid>
        <mimeType>text/html</mimeType>
        <charEncoding isNull="true" />
        <assetTypeCode>W</assetTypeCode>
        <length>4442</length>
        <localLastModification>1456862567638</localLastModification>
        <description isNull="true" />
        <isDocumentationFile>false</isDocumentationFile>
        <guid>guid:00000005c2a4e4f6:92433aeb:258b5690aa3:-1035</guid>
        <versionId>f7fcab59-4a2a-34a6-a977-b0452a48851a</versionId>
    </managedAsset>
</teamworks>

