<?xml version="1.0" encoding="UTF-8"?>
<teamworks>
    <managedAsset id="61.6174df45-5018-33c8-a2c4-5077c8a92546" name="textArea_palette.png">
        <lastModified>1439765349406</lastModified>
        <lastModifiedBy>Deepak</lastModifiedBy>
        <managedAssetId>61.6174df45-5018-33c8-a2c4-5077c8a92546</managedAssetId>
        <assetUuid>2249d168-3cf3-4b79-9f8c-917f4ccadbf4</assetUuid>
        <mimeType>image/png</mimeType>
        <charEncoding isNull="true" />
        <assetTypeCode>W</assetTypeCode>
        <length>17880</length>
        <localLastModification>1424371961048</localLastModification>
        <description isNull="true" />
        <isDocumentationFile>false</isDocumentationFile>
        <guid>guid:00000006174df455:01833c8a:2c45077c8a9:-2546</guid>
        <versionId>c9c8c100-c3f6-30d2-ad61-c74ba89fbaaf</versionId>
    </managedAsset>
</teamworks>

