<?xml version="1.0" encoding="UTF-8"?>
<teamworks>
    <managedAsset id="61.6eea3a5e-f821-3342-9632-9a6fa98a6bd7" name="coachview.helper.debug.zip">
        <lastModified>1460959176108</lastModified>
        <lastModifiedBy>admin</lastModifiedBy>
        <managedAssetId>61.6eea3a5e-f821-3342-9632-9a6fa98a6bd7</managedAssetId>
        <assetUuid>714582d3-7bab-4b4e-9876-e08410038369</assetUuid>
        <mimeType>application/zip</mimeType>
        <charEncoding isNull="true" />
        <assetTypeCode>W</assetTypeCode>
        <length>1763</length>
        <localLastModification>1456862567637</localLastModification>
        <description isNull="true" />
        <isDocumentationFile>false</isDocumentationFile>
        <guid>guid:00000006eea3a5ef:82133429:6329a6fa98a:-6bd7</guid>
        <versionId>f248d0ad-e9d5-3180-acbf-f6ee69a4029a</versionId>
    </managedAsset>
</teamworks>

