<?xml version="1.0" encoding="UTF-8"?>
<teamworks>
    <managedAsset id="61.6e8c6901-c556-390f-af8f-94d2a92e7eea" name="dateTimePicker_preview.png">
        <lastModified>1439765349406</lastModified>
        <lastModifiedBy>Deepak</lastModifiedBy>
        <managedAssetId>61.6e8c6901-c556-390f-af8f-94d2a92e7eea</managedAssetId>
        <assetUuid>044ddd8e-54b0-4574-b426-ba1436dc3a61</assetUuid>
        <mimeType>image/png</mimeType>
        <charEncoding isNull="true" />
        <assetTypeCode>W</assetTypeCode>
        <length>4578</length>
        <localLastModification>1424371961001</localLastModification>
        <description isNull="true" />
        <isDocumentationFile>false</isDocumentationFile>
        <guid>guid:00000006e8c6901c:556390fa:f8f94d2a92e:-7eea</guid>
        <versionId>ed62a1fa-1c14-36b7-8d63-015690718cb7</versionId>
    </managedAsset>
</teamworks>

