<?xml version="1.0" encoding="UTF-8"?>
<teamworks>
    <managedAsset id="61.60b9b411-a6ce-39a6-8532-94f34a1e7e8f" name="coachview.helper.min.zip">
        <lastModified>1460959176108</lastModified>
        <lastModifiedBy>admin</lastModifiedBy>
        <managedAssetId>61.60b9b411-a6ce-39a6-8532-94f34a1e7e8f</managedAssetId>
        <assetUuid>9156443d-3f23-4595-bfeb-2978b2db9ff7</assetUuid>
        <mimeType>application/zip</mimeType>
        <charEncoding isNull="true" />
        <assetTypeCode>W</assetTypeCode>
        <length>1181</length>
        <localLastModification>1456862567635</localLastModification>
        <description isNull="true" />
        <isDocumentationFile>false</isDocumentationFile>
        <guid>guid:000000060b9b411a:6ce39a68:53294f34a1e:-7e8f</guid>
        <versionId>41f55d38-9819-3de3-8c55-7b88d15b78c1</versionId>
    </managedAsset>
</teamworks>

