<?xml version="1.0" encoding="UTF-8"?>
<teamworks>
    <managedAsset id="61.79defc37-f8af-3e6f-8368-9b08df724f0f" name="table_preview.png">
        <lastModified>1439765349406</lastModified>
        <lastModifiedBy>Deepak</lastModifiedBy>
        <managedAssetId>61.79defc37-f8af-3e6f-8368-9b08df724f0f</managedAssetId>
        <assetUuid>678770b6-ccbe-4867-8fe7-5d587fa0353b</assetUuid>
        <mimeType>image/png</mimeType>
        <charEncoding isNull="true" />
        <assetTypeCode>W</assetTypeCode>
        <length>107</length>
        <localLastModification>1424371960907</localLastModification>
        <description isNull="true" />
        <isDocumentationFile>false</isDocumentationFile>
        <guid>guid:000000079defc37f:8af3e6f8:3689b08df72:-4f0f</guid>
        <versionId>2e415ecc-910c-315a-a84c-7491a32eb47c</versionId>
    </managedAsset>
</teamworks>

