<?xml version="1.0" encoding="UTF-8"?>
<teamworks>
    <managedAsset id="61.7d44c136-0ed9-3ea0-b32c-4e077bea2613" name="section.preview.min.js">
        <lastModified>1460959176108</lastModified>
        <lastModifiedBy>admin</lastModifiedBy>
        <managedAssetId>61.7d44c136-0ed9-3ea0-b32c-4e077bea2613</managedAssetId>
        <assetUuid>74e71e27-1b9a-401b-99cb-ce5e34d58b8c</assetUuid>
        <mimeType>application/javascript</mimeType>
        <charEncoding isNull="true" />
        <assetTypeCode>W</assetTypeCode>
        <length>1617</length>
        <localLastModification>1456862567634</localLastModification>
        <description isNull="true" />
        <isDocumentationFile>false</isDocumentationFile>
        <guid>guid:00000007d44c1360:ed93ea0b:32c4e077bea:-2613</guid>
        <versionId>3ba0ea3f-496b-3089-90d8-5adc32c8ccd3</versionId>
    </managedAsset>
</teamworks>

