<?xml version="1.0" encoding="UTF-8"?>
<teamworks>
    <managedAsset id="61.753ec599-e014-3ac0-9251-63c6aa962a34" name="controls.min.zip">
        <lastModified>1460959176108</lastModified>
        <lastModifiedBy>admin</lastModifiedBy>
        <managedAssetId>61.753ec599-e014-3ac0-9251-63c6aa962a34</managedAssetId>
        <assetUuid>00436e1b-300d-45cd-bee6-275150a4009a</assetUuid>
        <mimeType>application/zip</mimeType>
        <charEncoding isNull="true" />
        <assetTypeCode>W</assetTypeCode>
        <length>3753939</length>
        <localLastModification>1456862567629</localLastModification>
        <description isNull="true" />
        <isDocumentationFile>false</isDocumentationFile>
        <guid>guid:0000000753ec599e:0143ac09:25163c6aa96:-2a34</guid>
        <versionId>1d04067b-9199-35d8-acbf-d286cab9c551</versionId>
    </managedAsset>
</teamworks>

