<?xml version="1.0" encoding="UTF-8"?>
<teamworks>
    <managedAsset id="61.72d74f52-059f-39f6-a6a4-7fe061be560d" name="image_preview.png">
        <lastModified>1439765349406</lastModified>
        <lastModifiedBy>Deepak</lastModifiedBy>
        <managedAssetId>61.72d74f52-059f-39f6-a6a4-7fe061be560d</managedAssetId>
        <assetUuid>c8fe6974-1bf2-43b6-8818-f169297caa71</assetUuid>
        <mimeType>image/png</mimeType>
        <charEncoding isNull="true" />
        <assetTypeCode>W</assetTypeCode>
        <length>8427</length>
        <localLastModification>1424371960892</localLastModification>
        <description isNull="true" />
        <isDocumentationFile>false</isDocumentationFile>
        <guid>guid:000000072d74f520:59f39f6a:6a47fe061be:-560d</guid>
        <versionId>d5336bf8-eda4-385a-ab5c-7aab1a813c32</versionId>
    </managedAsset>
</teamworks>

