<?xml version="1.0" encoding="UTF-8"?>
<teamworks>
    <managedAsset id="61.9ecb050f-8146-3584-b87e-45025d38d93f" name="tabs.preview.min.js">
        <lastModified>1460959176108</lastModified>
        <lastModifiedBy>admin</lastModifiedBy>
        <managedAssetId>61.9ecb050f-8146-3584-b87e-45025d38d93f</managedAssetId>
        <assetUuid>d3944f65-3ea0-407b-841c-2689d1f076d2</assetUuid>
        <mimeType>application/javascript</mimeType>
        <charEncoding isNull="true" />
        <assetTypeCode>W</assetTypeCode>
        <length>1900</length>
        <localLastModification>1456862567638</localLastModification>
        <description isNull="true" />
        <isDocumentationFile>false</isDocumentationFile>
        <guid>guid:00000009ecb050f8:1463584b:87e45025d38:-d93f</guid>
        <versionId>d256b4a7-79a9-32c3-b900-21678cb3bd98</versionId>
    </managedAsset>
</teamworks>

