<?xml version="1.0" encoding="UTF-8"?>
<teamworks>
    <managedAsset id="61.947198ba-9816-3cef-885b-93df1c8990ae" name="dateTimePicker.preview.min.js">
        <lastModified>1460959176108</lastModified>
        <lastModifiedBy>admin</lastModifiedBy>
        <managedAssetId>61.947198ba-9816-3cef-885b-93df1c8990ae</managedAssetId>
        <assetUuid>c817d2c8-2a6c-4810-bc7d-c75a4f863ba2</assetUuid>
        <mimeType>application/javascript</mimeType>
        <charEncoding isNull="true" />
        <assetTypeCode>W</assetTypeCode>
        <length>1631</length>
        <localLastModification>1456862567636</localLastModification>
        <description isNull="true" />
        <isDocumentationFile>false</isDocumentationFile>
        <guid>guid:0000000947198ba9:8163cef8:85b93df1c89:-90ae</guid>
        <versionId>963fe612-b3ea-336e-af7a-039852bdeaaf</versionId>
    </managedAsset>
</teamworks>

