<?xml version="1.0" encoding="UTF-8"?>
<teamworks>
    <managedAsset id="61.99c1806e-d42c-32fc-9c55-4f0e01f8d238" name="checkbox_preview.png">
        <lastModified>1439765349406</lastModified>
        <lastModifiedBy>Deepak</lastModifiedBy>
        <managedAssetId>61.99c1806e-d42c-32fc-9c55-4f0e01f8d238</managedAssetId>
        <assetUuid>f0889aef-650f-4b40-86ab-c52fa51bcd41</assetUuid>
        <mimeType>image/png</mimeType>
        <charEncoding isNull="true" />
        <assetTypeCode>W</assetTypeCode>
        <length>420</length>
        <localLastModification>1424371960986</localLastModification>
        <description isNull="true" />
        <isDocumentationFile>false</isDocumentationFile>
        <guid>guid:000000099c1806ed:42c32fc9:c554f0e01f8:-d238</guid>
        <versionId>0ab9f234-7b7b-3d7d-a9ce-396febfa0871</versionId>
    </managedAsset>
</teamworks>

