<?xml version="1.0" encoding="UTF-8"?>
<teamworks>
    <managedAsset id="61.a6e5ad7a-dc97-3f5f-9b7a-593dcfbeda1b" name="multipleSelect.html">
        <lastModified>1460959176108</lastModified>
        <lastModifiedBy>admin</lastModifiedBy>
        <managedAssetId>61.a6e5ad7a-dc97-3f5f-9b7a-593dcfbeda1b</managedAssetId>
        <assetUuid>10238d10-6048-43df-8c65-9dae3921ec0f</assetUuid>
        <mimeType>text/html</mimeType>
        <charEncoding isNull="true" />
        <assetTypeCode>W</assetTypeCode>
        <length>1680</length>
        <localLastModification>1456862567630</localLastModification>
        <description isNull="true" />
        <isDocumentationFile>false</isDocumentationFile>
        <guid>guid:0000000a6e5ad7ad:c973f5f9:b7a593dcfbe:-da1b</guid>
        <versionId>3217468d-3a83-34ef-997c-601613c3dffa</versionId>
    </managedAsset>
</teamworks>

