<?xml version="1.0" encoding="UTF-8"?>
<teamworks>
    <managedAsset id="61.a2c084e4-c37b-3339-925e-e46b8a5769bf" name="button.html">
        <lastModified>1460959176108</lastModified>
        <lastModifiedBy>admin</lastModifiedBy>
        <managedAssetId>61.a2c084e4-c37b-3339-925e-e46b8a5769bf</managedAssetId>
        <assetUuid>92c7dd10-9e59-46d5-b22e-075ff45ffeb1</assetUuid>
        <mimeType>text/html</mimeType>
        <charEncoding isNull="true" />
        <assetTypeCode>W</assetTypeCode>
        <length>389</length>
        <localLastModification>1456862567636</localLastModification>
        <description isNull="true" />
        <isDocumentationFile>false</isDocumentationFile>
        <guid>guid:0000000a2c084e4c:37b33399:25ee46b8a57:-69bf</guid>
        <versionId>33776b3e-3c57-308b-af88-828ff20f05b0</versionId>
    </managedAsset>
</teamworks>

