<?xml version="1.0" encoding="UTF-8"?>
<teamworks>
    <managedAsset id="61.ae01f481-0844-3f50-b8eb-af557a7edc13" name="text_palette.png">
        <lastModified>1439765349406</lastModified>
        <lastModifiedBy>Deepak</lastModifiedBy>
        <managedAssetId>61.ae01f481-0844-3f50-b8eb-af557a7edc13</managedAssetId>
        <assetUuid>8bd153c6-e429-47de-af17-a39c83ff3076</assetUuid>
        <mimeType>image/png</mimeType>
        <charEncoding isNull="true" />
        <assetTypeCode>W</assetTypeCode>
        <length>15817</length>
        <localLastModification>1424371960892</localLastModification>
        <description isNull="true" />
        <isDocumentationFile>false</isDocumentationFile>
        <guid>guid:0000000ae01f4810:8443f50b:8ebaf557a7e:-dc13</guid>
        <versionId>98a05bad-3e1b-336c-939c-77e225510cca</versionId>
    </managedAsset>
</teamworks>

