<?xml version="1.0" encoding="UTF-8"?>
<teamworks>
    <managedAsset id="61.b5fb63c7-ed72-3e98-a867-9e4be9edeb19" name="select_palette.png">
        <lastModified>1439765349406</lastModified>
        <lastModifiedBy>Deepak</lastModifiedBy>
        <managedAssetId>61.b5fb63c7-ed72-3e98-a867-9e4be9edeb19</managedAssetId>
        <assetUuid>7fe81497-c380-4386-8aa2-674aff05a642</assetUuid>
        <mimeType>image/png</mimeType>
        <charEncoding isNull="true" />
        <assetTypeCode>W</assetTypeCode>
        <length>15951</length>
        <localLastModification>1424371960876</localLastModification>
        <description isNull="true" />
        <isDocumentationFile>false</isDocumentationFile>
        <guid>guid:0000000b5fb63c7e:d723e98a:8679e4be9ed:-eb19</guid>
        <versionId>a3c72fa1-25a8-3002-9d74-319c20721347</versionId>
    </managedAsset>
</teamworks>

