<?xml version="1.0" encoding="UTF-8"?>
<teamworks>
    <managedAsset id="61.bac79b93-0384-3bb4-ab3f-c2d0ce361cb6" name="table.preview.min.js">
        <lastModified>1460959176108</lastModified>
        <lastModifiedBy>admin</lastModifiedBy>
        <managedAssetId>61.bac79b93-0384-3bb4-ab3f-c2d0ce361cb6</managedAssetId>
        <assetUuid>17ca8800-7cba-4f9e-93fd-a246adfa5a34</assetUuid>
        <mimeType>application/javascript</mimeType>
        <charEncoding isNull="true" />
        <assetTypeCode>W</assetTypeCode>
        <length>1939</length>
        <localLastModification>1456862567632</localLastModification>
        <description isNull="true" />
        <isDocumentationFile>false</isDocumentationFile>
        <guid>guid:0000000bac79b930:3843bb4a:b3fc2d0ce36:-1cb6</guid>
        <versionId>e98282a9-b695-3be2-a73b-5caa122c2db2</versionId>
    </managedAsset>
</teamworks>

