<?xml version="1.0" encoding="UTF-8"?>
<teamworks>
    <managedAsset id="61.c039bba1-0f82-372b-b94a-bbe129311573" name="select_preview.png">
        <lastModified>1439765349406</lastModified>
        <lastModifiedBy>Deepak</lastModifiedBy>
        <managedAssetId>61.c039bba1-0f82-372b-b94a-bbe129311573</managedAssetId>
        <assetUuid>cf742b1a-78c3-4092-ad6d-e2bd8c0fe7cf</assetUuid>
        <mimeType>image/png</mimeType>
        <charEncoding isNull="true" />
        <assetTypeCode>W</assetTypeCode>
        <length>863</length>
        <localLastModification>1424371960939</localLastModification>
        <description isNull="true" />
        <isDocumentationFile>false</isDocumentationFile>
        <guid>guid:0000000c039bba10:f82372bb:94abbe12931:-1573</guid>
        <versionId>8cae83a2-9b48-30dd-b54d-fd0b8a9cc1cd</versionId>
    </managedAsset>
</teamworks>

