<?xml version="1.0" encoding="UTF-8"?>
<teamworks>
    <managedAsset id="61.de03df21-6676-31dc-aac4-ba5a11554c9d" name="textArea.preview.min.js">
        <lastModified>1460959176108</lastModified>
        <lastModifiedBy>admin</lastModifiedBy>
        <managedAssetId>61.de03df21-6676-31dc-aac4-ba5a11554c9d</managedAssetId>
        <assetUuid>3cff2b81-d970-48e9-a915-25743192e716</assetUuid>
        <mimeType>application/javascript</mimeType>
        <charEncoding isNull="true" />
        <assetTypeCode>W</assetTypeCode>
        <length>2151</length>
        <localLastModification>1456862567627</localLastModification>
        <description isNull="true" />
        <isDocumentationFile>false</isDocumentationFile>
        <guid>guid:0000000de03df216:67631dca:ac4ba5a1155:-4c9d</guid>
        <versionId>251eb8e3-1dfb-32ef-990f-108e557366a1</versionId>
    </managedAsset>
</teamworks>

