<?xml version="1.0" encoding="UTF-8"?>
<teamworks>
    <managedAsset id="61.d5b8d12d-031d-3a48-b49c-a930cd38042a" name="loading-gears-animation.gif">
        <lastModified>1460959176108</lastModified>
        <lastModifiedBy>admin</lastModifiedBy>
        <managedAssetId>61.d5b8d12d-031d-3a48-b49c-a930cd38042a</managedAssetId>
        <assetUuid>bbe5a9ab-42bd-47c3-9a97-74ffa4083a8d</assetUuid>
        <mimeType>image/gif</mimeType>
        <charEncoding isNull="true" />
        <assetTypeCode>W</assetTypeCode>
        <length>3024</length>
        <localLastModification>1456862567634</localLastModification>
        <description isNull="true" />
        <isDocumentationFile>false</isDocumentationFile>
        <guid>guid:0000000d5b8d12d0:31d3a48b:49ca930cd38:-042a</guid>
        <versionId>bd7d84dc-80dd-33f5-8894-1d110d77b295</versionId>
    </managedAsset>
</teamworks>

