<?xml version="1.0" encoding="UTF-8"?>
<teamworks>
    <managedAsset id="61.d17c108e-8ff8-3c2f-8f2c-58da7a59e9cc" name="checkbox_palette.png">
        <lastModified>1439765349406</lastModified>
        <lastModifiedBy>Deepak</lastModifiedBy>
        <managedAssetId>61.d17c108e-8ff8-3c2f-8f2c-58da7a59e9cc</managedAssetId>
        <assetUuid>c65b4b58-4653-4cdd-87cb-23ab373cda56</assetUuid>
        <mimeType>image/png</mimeType>
        <charEncoding isNull="true" />
        <assetTypeCode>W</assetTypeCode>
        <length>15384</length>
        <localLastModification>1424371960892</localLastModification>
        <description isNull="true" />
        <isDocumentationFile>false</isDocumentationFile>
        <guid>guid:0000000d17c108e8:ff83c2f8:f2c58da7a59:-e9cc</guid>
        <versionId>a97a323c-40e2-3e02-b85d-0184a887b9e1</versionId>
    </managedAsset>
</teamworks>

