<?xml version="1.0" encoding="UTF-8"?>
<teamworks>
    <managedAsset id="61.e0a27735-410a-3b44-9a21-9a68c121a6bd" name="table.html">
        <lastModified>1460959176108</lastModified>
        <lastModifiedBy>admin</lastModifiedBy>
        <managedAssetId>61.e0a27735-410a-3b44-9a21-9a68c121a6bd</managedAssetId>
        <assetUuid>8d0892bb-707f-4bf4-aacc-096d711dddf4</assetUuid>
        <mimeType>text/html</mimeType>
        <charEncoding isNull="true" />
        <assetTypeCode>W</assetTypeCode>
        <length>7592</length>
        <localLastModification>1456862567639</localLastModification>
        <description isNull="true" />
        <isDocumentationFile>false</isDocumentationFile>
        <guid>guid:0000000e0a277354:10a3b449:a219a68c121:-a6bd</guid>
        <versionId>d4e87a91-4963-3900-8c56-efc7f4486a98</versionId>
    </managedAsset>
</teamworks>

