<?xml version="1.0" encoding="UTF-8"?>
<teamworks>
    <managedAsset id="61.f62e4dfa-e362-3fc1-8c74-9941af2142f7" name="text.html">
        <lastModified>1460959176108</lastModified>
        <lastModifiedBy>admin</lastModifiedBy>
        <managedAssetId>61.f62e4dfa-e362-3fc1-8c74-9941af2142f7</managedAssetId>
        <assetUuid>0d950d09-1e46-4ccd-a47a-101a6a5df94c</assetUuid>
        <mimeType>text/html</mimeType>
        <charEncoding isNull="true" />
        <assetTypeCode>W</assetTypeCode>
        <length>1275</length>
        <localLastModification>1456862567624</localLastModification>
        <description isNull="true" />
        <isDocumentationFile>false</isDocumentationFile>
        <guid>guid:0000000f62e4dfae:3623fc18:c749941af21:-42f7</guid>
        <versionId>3cca0862-4f7f-3f2d-b2d4-281f2a6e4497</versionId>
    </managedAsset>
</teamworks>

