<?xml version="1.0" encoding="UTF-8"?>
<teamworks>
    <managedAsset id="61.fac2d29e-a32f-30fc-a48c-7a2c7c15956a" name="button.preview.min.js">
        <lastModified>1460959176108</lastModified>
        <lastModifiedBy>admin</lastModifiedBy>
        <managedAssetId>61.fac2d29e-a32f-30fc-a48c-7a2c7c15956a</managedAssetId>
        <assetUuid>6e80d08e-107a-44ed-b6ad-6724b9664438</assetUuid>
        <mimeType>application/javascript</mimeType>
        <charEncoding isNull="true" />
        <assetTypeCode>W</assetTypeCode>
        <length>1794</length>
        <localLastModification>1456862567621</localLastModification>
        <description isNull="true" />
        <isDocumentationFile>false</isDocumentationFile>
        <guid>guid:0000000fac2d29ea:32f30fca:48c7a2c7c15:-956a</guid>
        <versionId>873d0d1a-2e55-30e6-9b55-0a53a1576d77</versionId>
    </managedAsset>
</teamworks>

