<?xml version="1.0" encoding="UTF-8"?>
<teamworks>
    <coachView id="64.6bef2bb7-9c2a-3cac-97ab-a881b5e6798e" name="Text Area">
        <lastModified>1460959176327</lastModified>
        <lastModifiedBy>admin</lastModifiedBy>
        <coachViewId>64.6bef2bb7-9c2a-3cac-97ab-a881b5e6798e</coachViewId>
        <isTemplate>false</isTemplate>
        <layout>&lt;?xml version="1.0" encoding="UTF-8"?&gt;
&lt;layout xmlns:xsi="http://www.w3.org/2001/XMLSchema-instance" xmlns="http://www.ibm.com/bpm/CoachDesignerNG"&gt;
&lt;layoutItem xsi:type="CustomHTML"&gt;
&lt;layoutItemId&gt;CustomHTML1&lt;/layoutItemId&gt;
&lt;configData&gt;
&lt;optionName&gt;@customHTML.contentType&lt;/optionName&gt;
&lt;value&gt;ASSET&lt;/value&gt;
&lt;/configData&gt;
&lt;configData&gt;
&lt;optionName&gt;@customHTML.textContent&lt;/optionName&gt;
&lt;/configData&gt;
&lt;configData&gt;
&lt;optionName&gt;@customHTML.variableContent&lt;/optionName&gt;
&lt;/configData&gt;
&lt;configData&gt;
&lt;optionName&gt;@customHTML.assetContent&lt;/optionName&gt;
&lt;value&gt;61.69fbc47b-ad3f-3d20-8350-966a7170c452&lt;/value&gt;
&lt;/configData&gt;
&lt;/layoutItem&gt;
&lt;layoutItem xsi:type="CustomHTML"&gt;
&lt;layoutItemId&gt;ValidationAlert&lt;/layoutItemId&gt;
&lt;configData&gt;
&lt;optionName&gt;@customHTML.contentType&lt;/optionName&gt;
&lt;value&gt;ASSET&lt;/value&gt;
&lt;/configData&gt;
&lt;configData&gt;
&lt;optionName&gt;@customHTML.textContent&lt;/optionName&gt;
&lt;/configData&gt;
&lt;configData&gt;
&lt;optionName&gt;@customHTML.variableContent&lt;/optionName&gt;
&lt;/configData&gt;
&lt;configData&gt;
&lt;optionName&gt;@customHTML.assetContent&lt;/optionName&gt;
&lt;value&gt;61.e37c8eaa-0cd4-3b24-a7d5-c0cdcdd58eb2&lt;/value&gt;
&lt;/configData&gt;
&lt;/layoutItem&gt;
&lt;/layout&gt;
</layout>
        <paletteIcon>/61.6174df45-5018-33c8-a2c4-5077c8a92546</paletteIcon>
        <previewImage>/61.737432dd-e78c-36ba-a455-88a550dac768</previewImage>
        <hasLabel>true</hasLabel>
        <labelPosition>0</labelPosition>
        <nineSliceX1Coord isNull="true" />
        <nineSliceX2Coord isNull="true" />
        <nineSliceY1Coord isNull="true" />
        <nineSliceY2Coord isNull="true" />
        <emitBoundary>false</emitBoundary>
        <isPrototypeFunc>true</isPrototypeFunc>
        <enableDevMode>false</enableDevMode>
        <isMobileReady>true</isMobileReady>
        <loadJsFunction>coachViewHelper.bootstrap(this, "responsive.coaches", "textArea", {Explorer: 9});</loadJsFunction>
        <unloadJsFunction isNull="true" />
        <viewJsFunction>coachViewHelper.init();</viewJsFunction>
        <changeJsFunction>coachViewHelper.notify(this);</changeJsFunction>
        <collaborationJsFunction isNull="true" />
        <description>&lt;p&gt;This control is a field instance in which users can view or enter multiple lines of text. The field is suitable for mobile and desktop platforms.&lt;/p&gt;</description>
        <validateJsFunction>coachViewHelper.validate(this, event);</validateJsFunction>
        <previewAdvHtml>/61.69fbc47b-ad3f-3d20-8350-966a7170c452</previewAdvHtml>
        <previewAdvJs>/61.de03df21-6676-31dc-aac4-ba5a11554c9d</previewAdvJs>
        <useUrlBinding>false</useUrlBinding>
        <guid>guid:00000006bef2bb79:c2a3cac9:7aba881b5e6:-798e</guid>
        <versionId>1eff61c1-ca20-344d-9258-441a2b856b32</versionId>
        <bindingType name="textValue">
            <lastModified isNull="true" />
            <lastModifiedBy isNull="true" />
            <coachViewBindingTypeId>65.e30ed725-3e6c-386d-aeeb-3afe2ac6b022</coachViewBindingTypeId>
            <coachViewId>64.6bef2bb7-9c2a-3cac-97ab-a881b5e6798e</coachViewId>
            <isList>false</isList>
            <classId>c6353c54-3d3a-41ac-8ca7-4d0469d35681/12.db884a3c-c533-44b7-bb2d-47bec8ad4022</classId>
            <seq isNull="true" />
            <description isNull="true" />
            <guid>guid:0000000e30ed7253:e6c386da:eeb3afe2ac6:-b022</guid>
            <versionId>8c201305-ad6d-4638-a95f-9f29edb96b08</versionId>
        </bindingType>
        <configOption name="placeholder">
            <lastModified isNull="true" />
            <lastModifiedBy isNull="true" />
            <coachViewConfigOptionId>66.6b1ef6fd-963b-35e3-98ed-9d42c16ea412</coachViewConfigOptionId>
            <coachViewId>64.6bef2bb7-9c2a-3cac-97ab-a881b5e6798e</coachViewId>
            <isList>false</isList>
            <propertyType>OBJECT</propertyType>
            <label>tw.resource.messages.responsive.coaches.placeholder</label>
            <classId>c6353c54-3d3a-41ac-8ca7-4d0469d35681/12.db884a3c-c533-44b7-bb2d-47bec8ad4022</classId>
            <processId isNull="true" />
            <isAdaptive>false</isAdaptive>
            <seq>1</seq>
            <description>tw.resource.messages.responsive.coaches.placeholder.description</description>
            <groupName isNull="true" />
            <guid>guid:00000006b1ef6fd9:63b35e39:8ed9d42c16e:-a412</guid>
            <versionId>fabc016a-4d0f-4ef9-9dfe-b7ff5a433c7b</versionId>
        </configOption>
        <configOption name="textAreaType">
            <lastModified isNull="true" />
            <lastModifiedBy isNull="true" />
            <coachViewConfigOptionId>66.27604489-558c-32f1-9585-2a3836871149</coachViewConfigOptionId>
            <coachViewId>64.6bef2bb7-9c2a-3cac-97ab-a881b5e6798e</coachViewId>
            <isList>false</isList>
            <propertyType>OBJECT</propertyType>
            <label>tw.resource.messages.responsive.coaches.textarea.textAreaType</label>
            <classId>/12.d33988e3-8698-36d8-99f5-0ea3f295a6e2</classId>
            <processId isNull="true" />
            <isAdaptive>false</isAdaptive>
            <seq>2</seq>
            <description>tw.resource.messages.responsive.coaches.textarea.textAreaType.description</description>
            <groupName isNull="true" />
            <guid>guid:0000000276044895:58c32f19:5852a383687:-1149</guid>
            <versionId>ff1e23c2-5619-49df-a8a2-0bb6ae21b3fa</versionId>
        </configOption>
        <configOption name="disableEncoding">
            <lastModified isNull="true" />
            <lastModifiedBy isNull="true" />
            <coachViewConfigOptionId>66.1d3c7cc6-3f25-341e-a8b9-25cb8c6d4a1f</coachViewConfigOptionId>
            <coachViewId>64.6bef2bb7-9c2a-3cac-97ab-a881b5e6798e</coachViewId>
            <isList>false</isList>
            <propertyType>OBJECT</propertyType>
            <label>tw.resource.messages.responsive.coaches.disableEncoding</label>
            <classId>c6353c54-3d3a-41ac-8ca7-4d0469d35681/12.83ff975e-8dbc-42e5-b738-fa8bc08274a2</classId>
            <processId isNull="true" />
            <isAdaptive>false</isAdaptive>
            <seq>3</seq>
            <description>tw.resource.messages.responsive.coaches.disableEncoding.description</description>
            <groupName isNull="true" />
            <guid>guid:00000001d3c7cc63:f25341ea:8b925cb8c6d:-4a1f</guid>
            <versionId>b0b0c449-27ed-44dc-a2dd-79d650156e9c</versionId>
        </configOption>
        <dynamicStyle>
            <lastModified isNull="true" />
            <lastModifiedBy isNull="true" />
            <coachViewDynamicStyleId>73.8baa8bed-ce8f-3209-aa13-fa0aa87b69de</coachViewDynamicStyleId>
            <coachViewId>64.6bef2bb7-9c2a-3cac-97ab-a881b5e6798e</coachViewId>
            <filePath>scripts/controls.less</filePath>
            <assetUuid>/61.753ec599-e014-3ac0-9251-63c6aa962a34</assetUuid>
            <seq>0</seq>
            <guid>guid:00000008baa8bedc:e8f3209a:a13fa0aa87b:-69de</guid>
            <versionId>fa3651d5-32a4-43a3-93e5-c6ca82433000</versionId>
        </dynamicStyle>
        <inlineScript name="Inline CSS">
            <lastModified isNull="true" />
            <lastModifiedBy isNull="true" />
            <coachViewInlineScriptId>68.ca8afd35-890a-3553-8f12-e8f78cfffe0d</coachViewInlineScriptId>
            <coachViewId>64.6bef2bb7-9c2a-3cac-97ab-a881b5e6798e</coachViewId>
            <scriptType>CSS</scriptType>
            <scriptBlock isNull="true" />
            <seq>0</seq>
            <description isNull="true" />
            <guid>guid:0000000ca8afd358:90a35538:f12e8f78cff:-fe0d</guid>
            <versionId>dd318b9e-89a7-4fea-a446-ba6d75673df5</versionId>
        </inlineScript>
        <inlineScript name="Inline Javascript">
            <lastModified isNull="true" />
            <lastModifiedBy isNull="true" />
            <coachViewInlineScriptId>68.2772b691-91d9-37d8-a7d2-a22c6a93a2a0</coachViewInlineScriptId>
            <coachViewId>64.6bef2bb7-9c2a-3cac-97ab-a881b5e6798e</coachViewId>
            <scriptType>JS</scriptType>
            <scriptBlock>
/*
@dojoConfigUpdateStart
dojoConfig.packages.push({
name: 'com.ibm.bpm.coach.angular',
location: dojoConfig.isDebug ?
com_ibm_bpm_coach.getManagedAssetUrl('coachview.helper.debug.zip', com_ibm_bpm_coach.assetType_WEB, 'SYSRC')
: com_ibm_bpm_coach.getManagedAssetUrl('coachview.helper.min.zip', com_ibm_bpm_coach.assetType_WEB, 'SYSRC')
});
@dojoConfigUpdateEnd
*/
</scriptBlock>
            <seq>1</seq>
            <description isNull="true" />
            <guid>guid:00000002772b6919:1d937d8a:7d2a22c6a93:-a2a0</guid>
            <versionId>e4625f9e-d844-4de7-8165-7d07f5cea158</versionId>
        </inlineScript>
        <inlineScript name="Header HTML">
            <lastModified isNull="true" />
            <lastModifiedBy isNull="true" />
            <coachViewInlineScriptId>68.0d2cd529-5862-3097-a0a5-d59663876bd5</coachViewInlineScriptId>
            <coachViewId>64.6bef2bb7-9c2a-3cac-97ab-a881b5e6798e</coachViewId>
            <scriptType>HTML</scriptType>
            <scriptBlock isNull="true" />
            <seq>2</seq>
            <description isNull="true" />
            <guid>guid:00000000d2cd5295:8623097a:0a5d5966387:-6bd5</guid>
            <versionId>ceff3253-ed03-4088-bf5d-11f3a82f12ec</versionId>
        </inlineScript>
        <localization>
            <lastModified isNull="true" />
            <lastModifiedBy isNull="true" />
            <coachViewLocalResId>69.95932f4b-7b51-3d52-b759-0e1aac496a02</coachViewLocalResId>
            <coachViewId>64.6bef2bb7-9c2a-3cac-97ab-a881b5e6798e</coachViewId>
            <resourceBundleGroupId>/50.b17076cd-8a20-376f-9c7d-379adea7aabc</resourceBundleGroupId>
            <seq>1</seq>
            <guid>guid:000000095932f4b7:b513d52b:7590e1aac49:-6a02</guid>
            <versionId>7d1f9cbc-7f16-4902-be37-91680e4cf317</versionId>
        </localization>
        <amdDependency>
            <lastModified isNull="true" />
            <lastModifiedBy isNull="true" />
            <coachViewAmdDepId>70.fee01995-fa19-4e4f-8e34-074aa68c076e</coachViewAmdDepId>
            <coachViewId>64.6bef2bb7-9c2a-3cac-97ab-a881b5e6798e</coachViewId>
            <moduleId>com.ibm.bpm.coach.angular/scripts/coachViewHelper</moduleId>
            <functionArgument>coachViewHelper</functionArgument>
            <seq>0</seq>
            <guid>guid:0000000f3af6faff:2113f138:7b6f0bec156:-2aab</guid>
            <versionId>08b85a83-d091-4510-8eed-ff7355c1cbab</versionId>
        </amdDependency>
    </coachView>
</teamworks>

