<?xml version="1.0" encoding="UTF-8"?>
<teamworks>
    <coachView id="64.b92c2ce7-5334-38ef-893c-75a415dea1f4" name="Tabs">
        <lastModified>1460959176327</lastModified>
        <lastModifiedBy>admin</lastModifiedBy>
        <coachViewId>64.b92c2ce7-5334-38ef-893c-75a415dea1f4</coachViewId>
        <isTemplate>false</isTemplate>
        <layout>&lt;?xml version="1.0" encoding="UTF-8"?&gt;
&lt;layout xmlns:xsi="http://www.w3.org/2001/XMLSchema-instance" xmlns="http://www.ibm.com/bpm/CoachDesignerNG"&gt;
&lt;layoutItem xsi:type="CustomHTML"&gt;
&lt;layoutItemId&gt;ValidationAlert&lt;/layoutItemId&gt;
&lt;configData&gt;
&lt;optionName&gt;@customHTML.contentType&lt;/optionName&gt;
&lt;value&gt;ASSET&lt;/value&gt;
&lt;/configData&gt;
&lt;configData&gt;
&lt;optionName&gt;@customHTML.textContent&lt;/optionName&gt;
&lt;/configData&gt;
&lt;configData&gt;
&lt;optionName&gt;@customHTML.variableContent&lt;/optionName&gt;
&lt;/configData&gt;
&lt;configData&gt;
&lt;optionName&gt;@customHTML.assetContent&lt;/optionName&gt;
&lt;value&gt;61.e37c8eaa-0cd4-3b24-a7d5-c0cdcdd58eb2&lt;/value&gt;
&lt;/configData&gt;
&lt;/layoutItem&gt;
&lt;layoutItem xsi:type="CustomHTML"&gt;
&lt;layoutItemId&gt;CustomHTML1&lt;/layoutItemId&gt;
&lt;configData&gt;
&lt;optionName&gt;@customHTML.contentType&lt;/optionName&gt;
&lt;value&gt;ASSET&lt;/value&gt;
&lt;/configData&gt;
&lt;configData&gt;
&lt;optionName&gt;@customHTML.textContent&lt;/optionName&gt;
&lt;/configData&gt;
&lt;configData&gt;
&lt;optionName&gt;@customHTML.variableContent&lt;/optionName&gt;
&lt;/configData&gt;
&lt;configData&gt;
&lt;optionName&gt;@customHTML.assetContent&lt;/optionName&gt;
&lt;value&gt;61.014ae28f-cd84-36ff-a823-3d31e8e2f37a&lt;/value&gt;
&lt;/configData&gt;
&lt;/layoutItem&gt;
&lt;layoutItem xsi:type="ContentBox"&gt;
&lt;layoutItemId&gt;LAYOUT_ITEM_ID_2&lt;/layoutItemId&gt;
&lt;configData&gt;
&lt;optionName&gt;@contentBox.repeatingContentManagedByView&lt;/optionName&gt;
&lt;value&gt;true&lt;/value&gt;
&lt;/configData&gt;
&lt;configData&gt;
&lt;optionName&gt;@contentBox.layoutPreview&lt;/optionName&gt;
&lt;value&gt;ONE_AT_A_TIME&lt;/value&gt;
&lt;/configData&gt;
&lt;/layoutItem&gt;
&lt;/layout&gt;
</layout>
        <paletteIcon>/61.59232915-ea8e-3e33-88ad-125713ec813b</paletteIcon>
        <previewImage isNull="true" />
        <hasLabel>true</hasLabel>
        <labelPosition>0</labelPosition>
        <nineSliceX1Coord isNull="true" />
        <nineSliceX2Coord isNull="true" />
        <nineSliceY1Coord isNull="true" />
        <nineSliceY2Coord isNull="true" />
        <emitBoundary>false</emitBoundary>
        <isPrototypeFunc>true</isPrototypeFunc>
        <enableDevMode>false</enableDevMode>
        <isMobileReady>true</isMobileReady>
        <loadJsFunction>// set the ng-non-bindable directive to stop compilation of the ContentBoxTemplate
var contentBoxNode = angular.element(this.context.element.querySelector(' .ContentBox'));
contentBoxNode.attr('ng-non-bindable', 'ng-non-bindable');
coachViewHelper.bootstrap(this, "responsive.coaches", "tabs", {Explorer: 9});</loadJsFunction>
        <unloadJsFunction>if (this.context._bindingHandles) {
var x;
for (x=0; x&lt;this.context._bindingHandles.length; x++) {
this.context._bindingHandles[x].unbind();
}
}
this.context.unsubscribeValidation();</unloadJsFunction>
        <viewJsFunction>coachViewHelper.init();</viewJsFunction>
        <changeJsFunction>coachViewHelper.notify(this);</changeJsFunction>
        <collaborationJsFunction>if (event.type == 'custom') {
//call the coach view's specific collab handler
coachViewHelper.collaborate(this, event);
} else {
//call the super class view to handle the collab event
CoachView.prototype.collaboration.apply(this, arguments);
}</collaborationJsFunction>
        <description>&lt;p&gt;This control is a set of tabbed pages that are suitable for mobile and desktop platforms. Each element that you add results in a new tab and content area. &lt;/p&gt;</description>
        <validateJsFunction>coachViewHelper.validate(this, event);</validateJsFunction>
        <previewAdvHtml>/61.014ae28f-cd84-36ff-a823-3d31e8e2f37a</previewAdvHtml>
        <previewAdvJs>/61.9ecb050f-8146-3584-b87e-45025d38d93f</previewAdvJs>
        <useUrlBinding>false</useUrlBinding>
        <guid>guid:0000000b92c2ce75:33438ef8:93c75a415de:-a1f4</guid>
        <versionId>a33aa378-c028-3ea0-8638-fd89f0491eae</versionId>
        <configOption name="showBorder">
            <lastModified isNull="true" />
            <lastModifiedBy isNull="true" />
            <coachViewConfigOptionId>66.efe96b49-a355-379b-8cd3-acb468513704</coachViewConfigOptionId>
            <coachViewId>64.b92c2ce7-5334-38ef-893c-75a415dea1f4</coachViewId>
            <isList>false</isList>
            <propertyType>OBJECT</propertyType>
            <label>tw.resource.messages.responsive.coaches.showBorder</label>
            <classId>c6353c54-3d3a-41ac-8ca7-4d0469d35681/12.83ff975e-8dbc-42e5-b738-fa8bc08274a2</classId>
            <processId isNull="true" />
            <isAdaptive>false</isAdaptive>
            <seq>1</seq>
            <description>tw.resource.messages.responsive.coaches.showBorder.description</description>
            <groupName>tw.resource.messages.responsive.coaches.style</groupName>
            <guid>guid:0000000efe96b49a:355379b8:cd3acb46851:-3704</guid>
            <versionId>df47794b-d6a1-49a2-95b5-7419b3aab5d3</versionId>
        </configOption>
        <configOption name="tabActiveColor">
            <lastModified isNull="true" />
            <lastModifiedBy isNull="true" />
            <coachViewConfigOptionId>66.245486c9-a0f2-3d1e-9883-0cfe798c5747</coachViewConfigOptionId>
            <coachViewId>64.b92c2ce7-5334-38ef-893c-75a415dea1f4</coachViewId>
            <isList>false</isList>
            <propertyType>OBJECT</propertyType>
            <label>tw.resource.messages.responsive.coaches.tabActiveColors</label>
            <classId>/12.31957116-b4d2-3e59-a7a0-3102368d1930</classId>
            <processId isNull="true" />
            <isAdaptive>false</isAdaptive>
            <seq>2</seq>
            <description>tw.resource.messages.responsive.coaches.tabActiveColors.description</description>
            <groupName>tw.resource.messages.responsive.coaches.style</groupName>
            <guid>guid:0000000245486c9a:0f23d1e9:8830cfe798c:-5747</guid>
            <versionId>65ee7e01-5d24-435f-979f-ff70e9eec68c</versionId>
        </configOption>
        <configOption name="tabInactiveColor">
            <lastModified isNull="true" />
            <lastModifiedBy isNull="true" />
            <coachViewConfigOptionId>66.3d16227d-96ae-31cf-946f-85d45f77a0aa</coachViewConfigOptionId>
            <coachViewId>64.b92c2ce7-5334-38ef-893c-75a415dea1f4</coachViewId>
            <isList>false</isList>
            <propertyType>OBJECT</propertyType>
            <label>tw.resource.messages.responsive.coaches.tabInactiveColors</label>
            <classId>/12.7a925484-4087-3d92-94ef-b2f2f9d4975c</classId>
            <processId isNull="true" />
            <isAdaptive>false</isAdaptive>
            <seq>3</seq>
            <description>tw.resource.messages.responsive.coaches.tabInactiveColors.description</description>
            <groupName>tw.resource.messages.responsive.coaches.style</groupName>
            <guid>guid:00000003d16227d9:6ae31cf9:46f85d45f77:-a0aa</guid>
            <versionId>a267f81d-18f9-4eda-a701-85dca4573641</versionId>
        </configOption>
        <dynamicStyle>
            <lastModified isNull="true" />
            <lastModifiedBy isNull="true" />
            <coachViewDynamicStyleId>73.345b3b3d-c220-3430-93ab-9e52d87fcfe1</coachViewDynamicStyleId>
            <coachViewId>64.b92c2ce7-5334-38ef-893c-75a415dea1f4</coachViewId>
            <filePath>scripts/controls.less</filePath>
            <assetUuid>/61.753ec599-e014-3ac0-9251-63c6aa962a34</assetUuid>
            <seq>0</seq>
            <guid>guid:0000000345b3b3dc:22034309:3ab9e52d87f:-cfe1</guid>
            <versionId>0ee33f3b-4490-4dd4-ace0-c52da33e589c</versionId>
        </dynamicStyle>
        <inlineScript name="Inline CSS">
            <lastModified isNull="true" />
            <lastModifiedBy isNull="true" />
            <coachViewInlineScriptId>68.708715e9-fbe6-3b11-ad05-68b9cd015378</coachViewInlineScriptId>
            <coachViewId>64.b92c2ce7-5334-38ef-893c-75a415dea1f4</coachViewId>
            <scriptType>CSS</scriptType>
            <scriptBlock isNull="true" />
            <seq>0</seq>
            <description isNull="true" />
            <guid>guid:0000000708715e9f:be63b11a:d0568b9cd01:-5378</guid>
            <versionId>17c06997-a333-4069-9dc4-de218379c61d</versionId>
        </inlineScript>
        <inlineScript name="Inline Javascript">
            <lastModified isNull="true" />
            <lastModifiedBy isNull="true" />
            <coachViewInlineScriptId>68.05b63854-da7d-3fa9-a98c-9f35df962011</coachViewInlineScriptId>
            <coachViewId>64.b92c2ce7-5334-38ef-893c-75a415dea1f4</coachViewId>
            <scriptType>JS</scriptType>
            <scriptBlock>
/*
@dojoConfigUpdateStart
dojoConfig.packages.push({
name: 'com.ibm.bpm.coach.angular',
location: dojoConfig.isDebug ?
com_ibm_bpm_coach.getManagedAssetUrl('coachview.helper.debug.zip', com_ibm_bpm_coach.assetType_WEB, 'SYSRC')
: com_ibm_bpm_coach.getManagedAssetUrl('coachview.helper.min.zip', com_ibm_bpm_coach.assetType_WEB, 'SYSRC')
});
@dojoConfigUpdateEnd
*/
</scriptBlock>
            <seq>1</seq>
            <description isNull="true" />
            <guid>guid:000000005b63854d:a7d3fa9a:98c9f35df96:-2011</guid>
            <versionId>a05275d4-41c1-455f-ad13-de2fb0231117</versionId>
        </inlineScript>
        <inlineScript name="Header HTML">
            <lastModified isNull="true" />
            <lastModifiedBy isNull="true" />
            <coachViewInlineScriptId>68.5071c07f-8fbd-36f3-b99e-40982238e16a</coachViewInlineScriptId>
            <coachViewId>64.b92c2ce7-5334-38ef-893c-75a415dea1f4</coachViewId>
            <scriptType>HTML</scriptType>
            <scriptBlock isNull="true" />
            <seq>2</seq>
            <description isNull="true" />
            <guid>guid:00000005071c07f8:fbd36f3b:99e40982238:-e16a</guid>
            <versionId>d875574b-f209-46d4-ac8a-44d2ea421a1c</versionId>
        </inlineScript>
        <localization>
            <lastModified isNull="true" />
            <lastModifiedBy isNull="true" />
            <coachViewLocalResId>69.f4e2311f-1435-3bf8-b742-2000430c4712</coachViewLocalResId>
            <coachViewId>64.b92c2ce7-5334-38ef-893c-75a415dea1f4</coachViewId>
            <resourceBundleGroupId>/50.b17076cd-8a20-376f-9c7d-379adea7aabc</resourceBundleGroupId>
            <seq>1</seq>
            <guid>guid:0000000f4e2311f1:4353bf8b:7422000430c:-4712</guid>
            <versionId>fb4df4f1-34ac-4dc1-9d79-870150fe0343</versionId>
        </localization>
        <amdDependency>
            <lastModified isNull="true" />
            <lastModifiedBy isNull="true" />
            <coachViewAmdDepId>70.53488a5d-734d-47d4-a5ad-b5251bc4743f</coachViewAmdDepId>
            <coachViewId>64.b92c2ce7-5334-38ef-893c-75a415dea1f4</coachViewId>
            <moduleId>com.ibm.bpm.coach.angular/scripts/coachViewHelper</moduleId>
            <functionArgument>coachViewHelper</functionArgument>
            <seq>0</seq>
            <guid>guid:00000004cc68ca2e:5183e8b9:7646c012bbc:-2592</guid>
            <versionId>497d617b-6abd-468e-95d8-4098022adbec</versionId>
        </amdDependency>
    </coachView>
</teamworks>

