<?xml version="1.0" encoding="UTF-8"?>
<teamworks>
    <coachView id="64.e44c5617-c1ca-31f8-a810-ce1138fb1c99" name="Section">
        <lastModified>1460959176327</lastModified>
        <lastModifiedBy>admin</lastModifiedBy>
        <coachViewId>64.e44c5617-c1ca-31f8-a810-ce1138fb1c99</coachViewId>
        <isTemplate>false</isTemplate>
        <layout>&lt;?xml version="1.0" encoding="UTF-8"?&gt;
&lt;layout xmlns:xsi="http://www.w3.org/2001/XMLSchema-instance" xmlns="http://www.ibm.com/bpm/CoachDesignerNG"&gt;
&lt;layoutItem xsi:type="CustomHTML"&gt;
&lt;layoutItemId&gt;ValidationAlert&lt;/layoutItemId&gt;
&lt;configData&gt;
&lt;optionName&gt;@customHTML.contentType&lt;/optionName&gt;
&lt;value&gt;ASSET&lt;/value&gt;
&lt;/configData&gt;
&lt;configData&gt;
&lt;optionName&gt;@customHTML.textContent&lt;/optionName&gt;
&lt;/configData&gt;
&lt;configData&gt;
&lt;optionName&gt;@customHTML.variableContent&lt;/optionName&gt;
&lt;/configData&gt;
&lt;configData&gt;
&lt;optionName&gt;@customHTML.assetContent&lt;/optionName&gt;
&lt;value&gt;61.e37c8eaa-0cd4-3b24-a7d5-c0cdcdd58eb2&lt;/value&gt;
&lt;/configData&gt;
&lt;/layoutItem&gt;
&lt;layoutItem xsi:type="CustomHTML"&gt;
&lt;layoutItemId&gt;CustomHTML1&lt;/layoutItemId&gt;
&lt;configData&gt;
&lt;optionName&gt;@customHTML.contentType&lt;/optionName&gt;
&lt;value&gt;ASSET&lt;/value&gt;
&lt;/configData&gt;
&lt;configData&gt;
&lt;optionName&gt;@customHTML.textContent&lt;/optionName&gt;
&lt;/configData&gt;
&lt;configData&gt;
&lt;optionName&gt;@customHTML.variableContent&lt;/optionName&gt;
&lt;/configData&gt;
&lt;configData&gt;
&lt;optionName&gt;@customHTML.assetContent&lt;/optionName&gt;
&lt;value&gt;61.10c4d01d-239e-3684-bf1e-a18360e3e084&lt;/value&gt;
&lt;/configData&gt;
&lt;/layoutItem&gt;
&lt;layoutItem xsi:type="ContentBox"&gt;
&lt;layoutItemId&gt;LAYOUT_ITEM_ID_1&lt;/layoutItemId&gt;
&lt;configData&gt;
&lt;optionName&gt;@contentBox.repeatingContentManagedByView&lt;/optionName&gt;
&lt;value&gt;false&lt;/value&gt;
&lt;/configData&gt;
&lt;configData&gt;
&lt;optionName&gt;@contentBox.layoutPreview&lt;/optionName&gt;
&lt;value&gt;VERTICAL&lt;/value&gt;
&lt;/configData&gt;
&lt;/layoutItem&gt;
&lt;/layout&gt;
</layout>
        <paletteIcon>/61.53823d72-37cb-3da9-811f-0dd3501ad367</paletteIcon>
        <previewImage isNull="true" />
        <hasLabel>true</hasLabel>
        <labelPosition>5</labelPosition>
        <nineSliceX1Coord isNull="true" />
        <nineSliceX2Coord isNull="true" />
        <nineSliceY1Coord isNull="true" />
        <nineSliceY2Coord isNull="true" />
        <emitBoundary>false</emitBoundary>
        <isPrototypeFunc>true</isPrototypeFunc>
        <enableDevMode>false</enableDevMode>
        <isMobileReady>true</isMobileReady>
        <loadJsFunction>//remove the design-time content box as it is not needed at runtime
var designerBox = this.context.element.querySelector(' .DesignContentBox');
designerBox.parentNode.removeChild(designerBox);
this.updateBinding();
this.updateContentBoxes(true);
coachViewHelper.bootstrap(this, "responsive.coaches", "section", {Explorer: 9});</loadJsFunction>
        <unloadJsFunction>if(!!this.bindingHandle) {
this.bindingHandle.unbind();
}</unloadJsFunction>
        <viewJsFunction>coachViewHelper.init();</viewJsFunction>
        <changeJsFunction>if(event.type != "config") {
this.updateBinding();
this.updateContentBoxes();
}
coachViewHelper.notify(this);</changeJsFunction>
        <collaborationJsFunction>if (event.type == 'custom') {
//call the coach view's specific collab handler
coachViewHelper.collaborate(this, event);
} else {
//call the super class view to handle the collab event
CoachView.prototype.collaboration.apply(this, arguments);
}</collaborationJsFunction>
        <description>&lt;p&gt;This control is an area that arranges its contents vertically or horizontally. The area is suitable for mobile and desktop platforms.&lt;/p&gt;</description>
        <validateJsFunction isNull="true" />
        <previewAdvHtml>/61.10c4d01d-239e-3684-bf1e-a18360e3e084</previewAdvHtml>
        <previewAdvJs>/61.7d44c136-0ed9-3ea0-b32c-4e077bea2613</previewAdvJs>
        <useUrlBinding>false</useUrlBinding>
        <guid>guid:0000000e44c5617c:1ca31f8a:810ce1138fb:-1c99</guid>
        <versionId>2cff1589-3675-3fc2-a0fa-991fb51ff5d2</versionId>
        <bindingType name="list">
            <lastModified isNull="true" />
            <lastModifiedBy isNull="true" />
            <coachViewBindingTypeId>65.94b6092e-f375-32c0-8302-4e160004cd85</coachViewBindingTypeId>
            <coachViewId>64.e44c5617-c1ca-31f8-a810-ce1138fb1c99</coachViewId>
            <isList>true</isList>
            <classId>c6353c54-3d3a-41ac-8ca7-4d0469d35681/12.c09c9b6e-aabd-4897-bef2-ed61db106297</classId>
            <seq isNull="true" />
            <description isNull="true" />
            <guid>guid:000000094b6092ef:37532c08:3024e160004:-cd85</guid>
            <versionId>5b9b3602-c71a-44de-a3ba-1b5a6efc079d</versionId>
        </bindingType>
        <configOption name="layout">
            <lastModified isNull="true" />
            <lastModifiedBy isNull="true" />
            <coachViewConfigOptionId>66.a9f2b029-9f4d-37c0-b365-14d94b491ffc</coachViewConfigOptionId>
            <coachViewId>64.e44c5617-c1ca-31f8-a810-ce1138fb1c99</coachViewId>
            <isList>false</isList>
            <propertyType>OBJECT</propertyType>
            <label>tw.resource.messages.responsive.coaches.layout</label>
            <classId>/12.e68b5451-0943-378c-8f03-59dc26f8fed3</classId>
            <processId isNull="true" />
            <isAdaptive>true</isAdaptive>
            <seq>1</seq>
            <description>tw.resource.messages.responsive.coaches.layout.description</description>
            <groupName isNull="true" />
            <guid>guid:0000000a9f2b0299:f4d37c0b:36514d94b49:-1ffc</guid>
            <versionId>c4a5b316-9ea3-4e6d-b730-75690c1d9518</versionId>
        </configOption>
        <configOption name="autoWrap">
            <lastModified isNull="true" />
            <lastModifiedBy isNull="true" />
            <coachViewConfigOptionId>66.8ec82e78-a1c8-35e4-bab4-4ebec0b5d1c9</coachViewConfigOptionId>
            <coachViewId>64.e44c5617-c1ca-31f8-a810-ce1138fb1c99</coachViewId>
            <isList>false</isList>
            <propertyType>OBJECT</propertyType>
            <label>tw.resource.messages.responsive.coaches.autoWrap</label>
            <classId>c6353c54-3d3a-41ac-8ca7-4d0469d35681/12.83ff975e-8dbc-42e5-b738-fa8bc08274a2</classId>
            <processId isNull="true" />
            <isAdaptive>true</isAdaptive>
            <seq>2</seq>
            <description>tw.resource.messages.responsive.coaches.autoWrap.description</description>
            <groupName isNull="true" />
            <guid>guid:00000008ec82e78a:1c835e4b:ab44ebec0b5:-d1c9</guid>
            <versionId>1f8539a4-30d1-442b-b427-2546901c6081</versionId>
        </configOption>
        <configOption name="collapsible">
            <lastModified isNull="true" />
            <lastModifiedBy isNull="true" />
            <coachViewConfigOptionId>66.22f89413-1112-36a9-a8b1-08e67fb16391</coachViewConfigOptionId>
            <coachViewId>64.e44c5617-c1ca-31f8-a810-ce1138fb1c99</coachViewId>
            <isList>false</isList>
            <propertyType>OBJECT</propertyType>
            <label>tw.resource.messages.responsive.coaches.collapsible</label>
            <classId>c6353c54-3d3a-41ac-8ca7-4d0469d35681/12.83ff975e-8dbc-42e5-b738-fa8bc08274a2</classId>
            <processId isNull="true" />
            <isAdaptive>true</isAdaptive>
            <seq>3</seq>
            <description>tw.resource.messages.responsive.coaches.collapsible.description</description>
            <groupName isNull="true" />
            <guid>guid:000000022f894131:11236a9a:8b108e67fb1:-6391</guid>
            <versionId>d132e1fa-68a8-4cac-b4f3-ec91e9a99123</versionId>
        </configOption>
        <configOption name="initiallyClosed">
            <lastModified isNull="true" />
            <lastModifiedBy isNull="true" />
            <coachViewConfigOptionId>66.8b97089d-6cd5-3e4d-b8c3-9f37f7125da2</coachViewConfigOptionId>
            <coachViewId>64.e44c5617-c1ca-31f8-a810-ce1138fb1c99</coachViewId>
            <isList>false</isList>
            <propertyType>OBJECT</propertyType>
            <label>tw.resource.messages.responsive.coaches.collapsed</label>
            <classId>c6353c54-3d3a-41ac-8ca7-4d0469d35681/12.83ff975e-8dbc-42e5-b738-fa8bc08274a2</classId>
            <processId isNull="true" />
            <isAdaptive>true</isAdaptive>
            <seq>4</seq>
            <description>tw.resource.messages.responsive.coaches.collapsed.description</description>
            <groupName isNull="true" />
            <guid>guid:00000008b97089d6:cd53e4db:8c39f37f712:-5da2</guid>
            <versionId>d9cbee75-6c19-49ad-a121-26e1bd7d0a21</versionId>
        </configOption>
        <configOption name="sectionColor">
            <lastModified isNull="true" />
            <lastModifiedBy isNull="true" />
            <coachViewConfigOptionId>66.7604c68d-9950-3520-bd90-c4bc0a7dbcd0</coachViewConfigOptionId>
            <coachViewId>64.e44c5617-c1ca-31f8-a810-ce1138fb1c99</coachViewId>
            <isList>false</isList>
            <propertyType>OBJECT</propertyType>
            <label>tw.resource.messages.responsive.coaches.sectionColors</label>
            <classId>/12.31957116-b4d2-3e59-a7a0-3102368d1930</classId>
            <processId isNull="true" />
            <isAdaptive>false</isAdaptive>
            <seq>5</seq>
            <description>tw.resource.messages.responsive.coaches.sectionColors.description</description>
            <groupName>tw.resource.messages.responsive.coaches.style</groupName>
            <guid>guid:00000007604c68d9:9503520b:d90c4bc0a7d:-bcd0</guid>
            <versionId>8f14eeb7-cb9b-4a46-9d1c-cb82f36c06b1</versionId>
        </configOption>
        <configOption name="align">
            <lastModified isNull="true" />
            <lastModifiedBy isNull="true" />
            <coachViewConfigOptionId>66.fc9dc625-b919-3e5b-b8a9-a8451bef40c2</coachViewConfigOptionId>
            <coachViewId>64.e44c5617-c1ca-31f8-a810-ce1138fb1c99</coachViewId>
            <isList>false</isList>
            <propertyType>OBJECT</propertyType>
            <label>tw.resource.messages.responsive.coaches.align</label>
            <classId>/12.ddcd57b0-e8ff-3536-81d0-7d64f7fa49f1</classId>
            <processId isNull="true" />
            <isAdaptive>true</isAdaptive>
            <seq>6</seq>
            <description>tw.resource.messages.responsive.coaches.align.description</description>
            <groupName>tw.resource.messages.responsive.coaches.style</groupName>
            <guid>guid:0000000fc9dc625b:9193e5bb:8a9a8451bef:-40c2</guid>
            <versionId>f0d9384b-18f6-420e-9223-ecd9fb38b9a9</versionId>
        </configOption>
        <configOption name="textSize">
            <lastModified isNull="true" />
            <lastModifiedBy isNull="true" />
            <coachViewConfigOptionId>66.2e520eb4-095f-319c-b8d7-1eb7d6d05e5c</coachViewConfigOptionId>
            <coachViewId>64.e44c5617-c1ca-31f8-a810-ce1138fb1c99</coachViewId>
            <isList>false</isList>
            <propertyType>OBJECT</propertyType>
            <label>tw.resource.messages.responsive.coaches.section.headerSize</label>
            <classId>/12.0b2df65b-a634-34b8-96f8-7da0de513dde</classId>
            <processId isNull="true" />
            <isAdaptive>true</isAdaptive>
            <seq>7</seq>
            <description>tw.resource.messages.responsive.coaches.section.headerSize.description</description>
            <groupName>tw.resource.messages.responsive.coaches.style</groupName>
            <guid>guid:00000002e520eb40:95f319cb:8d71eb7d6d0:-5e5c</guid>
            <versionId>289579f1-207e-43f1-bb5f-de5d94117112</versionId>
        </configOption>
        <configOption name="showBorder">
            <lastModified isNull="true" />
            <lastModifiedBy isNull="true" />
            <coachViewConfigOptionId>66.c57dfec8-629b-376e-83c6-77baacb1c3fe</coachViewConfigOptionId>
            <coachViewId>64.e44c5617-c1ca-31f8-a810-ce1138fb1c99</coachViewId>
            <isList>false</isList>
            <propertyType>OBJECT</propertyType>
            <label>tw.resource.messages.responsive.coaches.showBorder</label>
            <classId>c6353c54-3d3a-41ac-8ca7-4d0469d35681/12.83ff975e-8dbc-42e5-b738-fa8bc08274a2</classId>
            <processId isNull="true" />
            <isAdaptive>true</isAdaptive>
            <seq>8</seq>
            <description>tw.resource.messages.responsive.coaches.showBorder.description</description>
            <groupName>tw.resource.messages.responsive.coaches.style</groupName>
            <guid>guid:0000000c57dfec86:29b376e8:3c677baacb1:-c3fe</guid>
            <versionId>ef3218aa-a652-43b0-8913-df6fcddb656d</versionId>
        </configOption>
        <dynamicStyle>
            <lastModified isNull="true" />
            <lastModifiedBy isNull="true" />
            <coachViewDynamicStyleId>73.f24f46f8-5220-3396-aae9-483bef97f96b</coachViewDynamicStyleId>
            <coachViewId>64.e44c5617-c1ca-31f8-a810-ce1138fb1c99</coachViewId>
            <filePath>scripts/controls.less</filePath>
            <assetUuid>/61.753ec599-e014-3ac0-9251-63c6aa962a34</assetUuid>
            <seq>0</seq>
            <guid>guid:0000000f24f46f85:2203396a:ae9483bef97:-f96b</guid>
            <versionId>4e2bb22d-9a65-4582-aa12-31f684bffafd</versionId>
        </dynamicStyle>
        <inlineScript name="Inline CSS">
            <lastModified isNull="true" />
            <lastModifiedBy isNull="true" />
            <coachViewInlineScriptId>68.526f3ec4-1589-3b0d-b850-ca470936dc25</coachViewInlineScriptId>
            <coachViewId>64.e44c5617-c1ca-31f8-a810-ce1138fb1c99</coachViewId>
            <scriptType>CSS</scriptType>
            <scriptBlock isNull="true" />
            <seq>0</seq>
            <description isNull="true" />
            <guid>guid:0000000526f3ec41:5893b0db:850ca470936:-dc25</guid>
            <versionId>04ba4483-72ce-4167-8a54-077869dff5a0</versionId>
        </inlineScript>
        <inlineScript name="Inline Javascript">
            <lastModified isNull="true" />
            <lastModifiedBy isNull="true" />
            <coachViewInlineScriptId>68.cf997cdf-ad1a-38d7-abb6-030ef5159f33</coachViewInlineScriptId>
            <coachViewId>64.e44c5617-c1ca-31f8-a810-ce1138fb1c99</coachViewId>
            <scriptType>JS</scriptType>
            <scriptBlock>
/*
@dojoConfigUpdateStart
dojoConfig.packages.push({
name: 'com.ibm.bpm.coach.angular',
location: dojoConfig.isDebug ?
com_ibm_bpm_coach.getManagedAssetUrl('coachview.helper.debug.zip', com_ibm_bpm_coach.assetType_WEB, 'SYSRC')
: com_ibm_bpm_coach.getManagedAssetUrl('coachview.helper.min.zip', com_ibm_bpm_coach.assetType_WEB, 'SYSRC')
});
@dojoConfigUpdateEnd
*/
this.constructor.prototype.updateContentBoxes = function(isPreBootstrap) {
var selectorPrefix = '#' + this.context.element.getAttribute('id') + (!!isPreBootstrap ? '' : ' &gt; div.coach-wrapper');
// set the ng-non-bindable directive to stop compilation of the ContentBoxTemplate
var contentBoxTemplate = angular.element(this.context.element.querySelector(selectorPrefix + ' &gt; div.ContentBoxTemplate'));
contentBoxTemplate.attr('ng-non-bindable', 'ng-non-bindable');
// loop through the content boxes
var contentBoxes = angular.element(this.context.element.querySelectorAll(selectorPrefix + ' &gt; div.ContentBox'));
var uncompiledCboxes = angular.element();
for(var i = 0; i &lt; contentBoxes.length; i++) {
var cbox = contentBoxes.eq(i);
// set the ng-class and collapse directives
cbox.attr('collapse', 'collapsed');
cbox.attr('ng-class', 'layout');
if (this.context.options.collapsible &amp;&amp; this.context.options.collapsible.get("value")) {
cbox.attr('bpm-scroll-section-into-view', 'collapsed');
}
if (isPreBootstrap) {
//performance: if the section is initially closed, defere the Angular compile until it is opened
if (this.context.options.collapsible &amp;&amp; this.context.options.collapsible.get("value") &amp;&amp;
this.context.options.initiallyClosed &amp;&amp; this.context.options.initiallyClosed.get("value")) {
cbox.attr('ng-non-bindable', 'true');
cbox.attr('cbox-defer-compile', 'true');
cbox.addClass("collapsedContentBox");
}
} else {
// if the content box was created late (i.e. from the ContentBoxTemplate) add it to the uncompiled list
if(!!cbox.attr('ng-non-bindable')) {
cbox.removeAttr('ng-non-bindable');
uncompiledCboxes.push(cbox[0]);
}
}
}
// send off any uncompiled content boxes to be compiled
if(uncompiledCboxes.length &gt; 0) {
coachViewHelper.compileContentBoxes(uncompiledCboxes);
}
};
this.constructor.prototype.updateBinding = function() {
var bindingValue = !!this.context.binding ? this.context.binding.get('value') : null;
// check if the bound object reference has changed
if(this.bindingValue !== bindingValue) {
this.bindingValue = bindingValue;
// unbind from old object
if(!!this.bindingHandle) {
this.bindingHandle.unbind();
this.bindingHandle = null;
}
// bind to all changes on the new object
if(!!this.bindingValue &amp;&amp; !!this.bindingValue.bindAll) {
this.bindingHandle = this.bindingValue.bindAll(this.change, this);
}
}
};
</scriptBlock>
            <seq>1</seq>
            <description isNull="true" />
            <guid>guid:0000000cf997cdfa:d1a38d7a:bb6030ef515:-9f33</guid>
            <versionId>b7220794-436d-4cb6-85d1-5658ce923dd5</versionId>
        </inlineScript>
        <inlineScript name="Header HTML">
            <lastModified isNull="true" />
            <lastModifiedBy isNull="true" />
            <coachViewInlineScriptId>68.580ef132-6771-359a-8773-d7c79cfff6ea</coachViewInlineScriptId>
            <coachViewId>64.e44c5617-c1ca-31f8-a810-ce1138fb1c99</coachViewId>
            <scriptType>HTML</scriptType>
            <scriptBlock isNull="true" />
            <seq>2</seq>
            <description isNull="true" />
            <guid>guid:0000000580ef1326:771359a8:773d7c79cff:-f6ea</guid>
            <versionId>3c19f8ab-1841-4054-95e6-dff9d1a99024</versionId>
        </inlineScript>
        <localization>
            <lastModified isNull="true" />
            <lastModifiedBy isNull="true" />
            <coachViewLocalResId>69.5e42e4b8-1f1a-3ddc-8c44-aaec6a7f6866</coachViewLocalResId>
            <coachViewId>64.e44c5617-c1ca-31f8-a810-ce1138fb1c99</coachViewId>
            <resourceBundleGroupId>/50.b17076cd-8a20-376f-9c7d-379adea7aabc</resourceBundleGroupId>
            <seq>1</seq>
            <guid>guid:00000005e42e4b81:f1a3ddc8:c44aaec6a7f:-6866</guid>
            <versionId>cf805b93-e1c1-47d6-98e6-764407cdace5</versionId>
        </localization>
        <amdDependency>
            <lastModified isNull="true" />
            <lastModifiedBy isNull="true" />
            <coachViewAmdDepId>70.2aa9775f-1057-4f36-a89a-a8eebfc8d636</coachViewAmdDepId>
            <coachViewId>64.e44c5617-c1ca-31f8-a810-ce1138fb1c99</coachViewId>
            <moduleId>com.ibm.bpm.coach.angular/scripts/coachViewHelper</moduleId>
            <functionArgument>coachViewHelper</functionArgument>
            <seq>0</seq>
            <guid>guid:0000000bbeab01ca:f5e32318:621cc39b1d6:-b74d</guid>
            <versionId>e0799997-f77e-436a-8029-ba49cc0dffe3</versionId>
        </amdDependency>
    </coachView>
</teamworks>

