<?xml version="1.0" encoding="UTF-8"?>
<teamworks>
    <process id="1.02232697-b934-4197-9a91-bc4f5ac4e2f3" name="ECM Create Folder Service">
        <lastModified>1385961669297</lastModified>
        <lastModifiedBy>tw_admin</lastModifiedBy>
        <processId>1.02232697-b934-4197-9a91-bc4f5ac4e2f3</processId>
        <image isNull="true" />
        <tabGroup isNull="true" />
        <startingProcessItemId>2025.5d588190-8a4a-4981-a008-22a9cb5d1961</startingProcessItemId>
        <isRootProcess>false</isRootProcess>
        <processType>2</processType>
        <isErrorHandlerEnabled>false</isErrorHandlerEnabled>
        <errorHandlerItemId isNull="true" />
        <isLoggingVariables>false</isLoggingVariables>
        <isTransactional>false</isTransactional>
        <processTimingLevel isNull="true" />
        <participantRef isNull="true" />
        <exposedType isNull="true" />
        <isTrackingEnabled>true</isTrackingEnabled>
        <xmlData isNull="true" />
        <cachingType>false</cachingType>
        <itemLabel isNull="true" />
        <cacheLength>43200</cacheLength>
        <mobileReady>false</mobileReady>
        <sboSyncEnabled>true</sboSyncEnabled>
        <externalId isNull="true" />
        <isSecured>false</isSecured>
        <description isNull="true" />
        <guid>guid:ef684a57aac69c97:-253d4c22:142a463d90b:-7ffb</guid>
        <versionId>13b9aa43-f232-4b27-ac15-e5c2e12e5d7e</versionId>
        <dependencySummary isNull="true" />
        <processParameter name="ECMError">
            <lastModified isNull="true" />
            <lastModifiedBy isNull="true" />
            <processParameterId>2055.7f5c2124-94f8-4143-b2fb-1d4e7c7bd286</processParameterId>
            <processId>1.02232697-b934-4197-9a91-bc4f5ac4e2f3</processId>
            <parameterType>3</parameterType>
            <isArrayOf>false</isArrayOf>
            <classId>/12.bfb48b9b-8247-49fb-8f78-82b738b817a6</classId>
            <seq>1</seq>
            <hasDefault>false</hasDefault>
            <defaultValue>ECMError</defaultValue>
            <isLocked>false</isLocked>
            <description isNull="true" />
            <guid>a07144b3-7741-4711-8fbb-5e5e798e1343</guid>
            <versionId>f5ea4a60-dee6-4625-8beb-4f9d296d9771</versionId>
        </processParameter>
        <processParameter name="objectTypeId">
            <lastModified isNull="true" />
            <lastModifiedBy isNull="true" />
            <processParameterId>2055.e49109b9-566c-422d-9a0d-36c3b61dad75</processParameterId>
            <processId>1.02232697-b934-4197-9a91-bc4f5ac4e2f3</processId>
            <parameterType>1</parameterType>
            <isArrayOf>false</isArrayOf>
            <classId>/12.3212d5b3-f692-41b3-a893-343dc5c3df01</classId>
            <seq>2</seq>
            <hasDefault>false</hasDefault>
            <defaultValue isNull="true" />
            <isLocked>false</isLocked>
            <description isNull="true" />
            <guid>5f61ef2f-47b3-43b4-a31a-a39f8d7da41b</guid>
            <versionId>4f120c7f-2d74-4c5c-be05-bf14cde2b2e0</versionId>
        </processParameter>
        <processParameter name="parentFolderId">
            <lastModified isNull="true" />
            <lastModifiedBy isNull="true" />
            <processParameterId>2055.d34421c6-73a7-43f6-bfb5-8cb0ad37819a</processParameterId>
            <processId>1.02232697-b934-4197-9a91-bc4f5ac4e2f3</processId>
            <parameterType>1</parameterType>
            <isArrayOf>false</isArrayOf>
            <classId>/12.3212d5b3-f692-41b3-a893-343dc5c3df01</classId>
            <seq>3</seq>
            <hasDefault>false</hasDefault>
            <defaultValue isNull="true" />
            <isLocked>false</isLocked>
            <description isNull="true" />
            <guid>7596afe4-0a6f-4913-bfc2-cdc15131c710</guid>
            <versionId>72203099-d992-4817-b6cd-c44e91d69d98</versionId>
        </processParameter>
        <processParameter name="folderName">
            <lastModified isNull="true" />
            <lastModifiedBy isNull="true" />
            <processParameterId>2055.376bac90-1ce1-4bbc-b0dc-929a0fb278ef</processParameterId>
            <processId>1.02232697-b934-4197-9a91-bc4f5ac4e2f3</processId>
            <parameterType>1</parameterType>
            <isArrayOf>false</isArrayOf>
            <classId>f1e96cc6-5fd9-4002-8b04-107d4ddae78a/12.db884a3c-c533-44b7-bb2d-47bec8ad4022</classId>
            <seq>4</seq>
            <hasDefault>false</hasDefault>
            <defaultValue isNull="true" />
            <isLocked>false</isLocked>
            <description isNull="true" />
            <guid>3e2f653d-fde7-46de-b95c-b81abe2e3c8b</guid>
            <versionId>d4004eb7-75ac-444b-b05c-40f90cd7b0fe</versionId>
        </processParameter>
        <processParameter name="newFolderId">
            <lastModified isNull="true" />
            <lastModifiedBy isNull="true" />
            <processParameterId>2055.6c4d5967-c46e-4e23-8005-f6833f2ed60f</processParameterId>
            <processId>1.02232697-b934-4197-9a91-bc4f5ac4e2f3</processId>
            <parameterType>2</parameterType>
            <isArrayOf>false</isArrayOf>
            <classId>/12.3212d5b3-f692-41b3-a893-343dc5c3df01</classId>
            <seq>6</seq>
            <hasDefault>false</hasDefault>
            <defaultValue isNull="true" />
            <isLocked>false</isLocked>
            <description isNull="true" />
            <guid>5bcb80fe-3385-48f1-848c-92a26da6c51f</guid>
            <versionId>f9c3569b-bb83-4204-b9d1-fd3aa0ce23e1</versionId>
        </processParameter>
        <processParameter name="serverName">
            <lastModified isNull="true" />
            <lastModifiedBy isNull="true" />
            <processParameterId>2055.2502689e-a7ea-4893-b541-ce86716996f8</processParameterId>
            <processId>1.02232697-b934-4197-9a91-bc4f5ac4e2f3</processId>
            <parameterType>1</parameterType>
            <isArrayOf>false</isArrayOf>
            <classId>f1e96cc6-5fd9-4002-8b04-107d4ddae78a/12.db884a3c-c533-44b7-bb2d-47bec8ad4022</classId>
            <seq>7</seq>
            <hasDefault>false</hasDefault>
            <defaultValue isNull="true" />
            <isLocked>false</isLocked>
            <description isNull="true" />
            <guid>02f87f73-931e-4492-832a-c6b3fc1b216f</guid>
            <versionId>6f091622-47c8-4e27-94d8-ebcfafcdb490</versionId>
        </processParameter>
        <item>
            <lastModified isNull="true" />
            <lastModifiedBy isNull="true" />
            <processItemId>2025.105764da-66b6-4ec1-891c-a64dd64b2d8c</processItemId>
            <processId>1.02232697-b934-4197-9a91-bc4f5ac4e2f3</processId>
            <name>End</name>
            <tWComponentName>ExitPoint</tWComponentName>
            <tWComponentId>3008.664b6061-9f42-4f3e-bee3-f2f056f010f9</tWComponentId>
            <isLogEnabled>false</isLogEnabled>
            <isTraceEnabled>false</isTraceEnabled>
            <traceCategory isNull="true" />
            <traceLevel isNull="true" />
            <traceMessage isNull="true" />
            <traceSymbolTable isNull="true" />
            <isExecutionContextTraced>false</isExecutionContextTraced>
            <saveExecutionContext>true</saveExecutionContext>
            <documentation isNull="true" />
            <isErrorHandlerEnabled>false</isErrorHandlerEnabled>
            <errorHandlerItemId isNull="true" />
            <guid>guid:ef684a57aac69c97:-253d4c22:142a463d90b:-7ffa</guid>
            <versionId>76c06315-774f-44a4-9683-289c0ea91006</versionId>
            <layoutData x="700" y="100">
                <errorLink>
                    <controlPoints />
                    <showEndState>false</showEndState>
                    <showName>false</showName>
                </errorLink>
            </layoutData>
            <TWComponent>
                <lastModified isNull="true" />
                <lastModifiedBy isNull="true" />
                <exitPointId>3008.664b6061-9f42-4f3e-bee3-f2f056f010f9</exitPointId>
                <haltProcess>false</haltProcess>
                <guid>cbe6ff50-1a11-420d-8c82-fab8a9e37752</guid>
                <versionId>40e14a89-2cb2-4f37-a009-34c31aa920e9</versionId>
            </TWComponent>
        </item>
        <item>
            <lastModified isNull="true" />
            <lastModifiedBy isNull="true" />
            <processItemId>2025.5d588190-8a4a-4981-a008-22a9cb5d1961</processItemId>
            <processId>1.02232697-b934-4197-9a91-bc4f5ac4e2f3</processId>
            <name>Create Folder</name>
            <tWComponentName>ECMConnector</tWComponentName>
            <tWComponentId>3030.ed775238-0dfa-4468-ba9e-ca63fcfe7ece</tWComponentId>
            <isLogEnabled>false</isLogEnabled>
            <isTraceEnabled>false</isTraceEnabled>
            <traceCategory isNull="true" />
            <traceLevel isNull="true" />
            <traceMessage isNull="true" />
            <traceSymbolTable isNull="true" />
            <isExecutionContextTraced>false</isExecutionContextTraced>
            <saveExecutionContext>false</saveExecutionContext>
            <documentation isNull="true" />
            <isErrorHandlerEnabled>false</isErrorHandlerEnabled>
            <errorHandlerItemId isNull="true" />
            <guid>568a3444-4df7-4395-b732-077a22769ae3</guid>
            <versionId>fb9da020-4a4a-440f-bfb9-12f092aeb52e</versionId>
            <layoutData x="368" y="120">
                <errorLink>
                    <controlPoints />
                    <showEndState>false</showEndState>
                    <showName>false</showName>
                </errorLink>
            </layoutData>
            <TWComponent>
                <lastModified isNull="true" />
                <lastModifiedBy isNull="true" />
                <ecmConnectorId>3030.ed775238-0dfa-4468-ba9e-ca63fcfe7ece</ecmConnectorId>
                <definition>&lt;config type="com.lombardisoftware.client.persistence.ECMConnectorConfiguration"&gt;&#xD;
  &lt;inputParameters&gt;&#xD;
    &lt;parameter&gt;&#xD;
      &lt;name&gt;objectTypeId&lt;/name&gt;&#xD;
      &lt;type&gt;ECMID&lt;/type&gt;&#xD;
      &lt;description&gt;Object type ID&lt;/description&gt;&#xD;
      &lt;defaultValue /&gt;&#xD;
      &lt;argumentVariable&gt;tw.local.objectTypeId&lt;/argumentVariable&gt;&#xD;
      &lt;isArray&gt;&lt;/isArray&gt;&#xD;
      &lt;isList&gt;false&lt;/isList&gt;&#xD;
    &lt;/parameter&gt;&#xD;
    &lt;parameter&gt;&#xD;
      &lt;name&gt;parentFolderId&lt;/name&gt;&#xD;
      &lt;type&gt;ECMID&lt;/type&gt;&#xD;
      &lt;description&gt;Parent folder ID&lt;/description&gt;&#xD;
      &lt;defaultValue /&gt;&#xD;
      &lt;argumentVariable&gt;tw.local.parentFolderId&lt;/argumentVariable&gt;&#xD;
      &lt;isArray&gt;&lt;/isArray&gt;&#xD;
      &lt;isList&gt;false&lt;/isList&gt;&#xD;
    &lt;/parameter&gt;&#xD;
    &lt;parameter&gt;&#xD;
      &lt;name&gt;name&lt;/name&gt;&#xD;
      &lt;type&gt;String&lt;/type&gt;&#xD;
      &lt;description&gt;Name&lt;/description&gt;&#xD;
      &lt;defaultValue /&gt;&#xD;
      &lt;argumentVariable&gt;tw.local.folderName&lt;/argumentVariable&gt;&#xD;
      &lt;isArray&gt;&lt;/isArray&gt;&#xD;
      &lt;isList&gt;false&lt;/isList&gt;&#xD;
    &lt;/parameter&gt;&#xD;
    &lt;parameter&gt;&#xD;
      &lt;name&gt;properties&lt;/name&gt;&#xD;
      &lt;type&gt;ECMProperty&lt;/type&gt;&#xD;
      &lt;description&gt;Properties&lt;/description&gt;&#xD;
      &lt;defaultValue /&gt;&#xD;
      &lt;argumentVariable&gt;&lt;/argumentVariable&gt;&#xD;
      &lt;isArray&gt;&lt;/isArray&gt;&#xD;
      &lt;isList&gt;true&lt;/isList&gt;&#xD;
    &lt;/parameter&gt;&#xD;
    &lt;parameter&gt;&#xD;
      &lt;name&gt;serverName&lt;/name&gt;&#xD;
      &lt;type&gt;String&lt;/type&gt;&#xD;
      &lt;description&gt;Server name&lt;/description&gt;&#xD;
      &lt;defaultValue /&gt;&#xD;
      &lt;argumentVariable&gt;tw.local.serverName&lt;/argumentVariable&gt;&#xD;
      &lt;isArray&gt;&lt;/isArray&gt;&#xD;
      &lt;isList&gt;false&lt;/isList&gt;&#xD;
    &lt;/parameter&gt;&#xD;
  &lt;/inputParameters&gt;&#xD;
  &lt;outputParameters&gt;&#xD;
    &lt;parameter&gt;&#xD;
      &lt;name&gt;folderId&lt;/name&gt;&#xD;
      &lt;type&gt;ECMID&lt;/type&gt;&#xD;
      &lt;description&gt;Folder ID&lt;/description&gt;&#xD;
      &lt;defaultValue /&gt;&#xD;
      &lt;argumentVariable&gt;tw.local.newFolderId&lt;/argumentVariable&gt;&#xD;
      &lt;isArray&gt;&lt;/isArray&gt;&#xD;
      &lt;isList&gt;false&lt;/isList&gt;&#xD;
    &lt;/parameter&gt;&#xD;
  &lt;/outputParameters&gt;&#xD;
  &lt;matchAllSearchCriteria&gt;true&lt;/matchAllSearchCriteria&gt;&#xD;
  &lt;searchParameters /&gt;&#xD;
  &lt;selectParameters /&gt;&#xD;
  &lt;orderOverride&gt;false&lt;/orderOverride&gt;&#xD;
  &lt;orderOverrideValue&gt;&lt;/orderOverrideValue&gt;&#xD;
  &lt;operationType&gt;FOLDER_OP_CREATE_FOLDER&lt;/operationType&gt;&#xD;
  &lt;server&gt;useMappingServer&lt;/server&gt;&#xD;
  &lt;objectTypeSelection&gt;DOCUMENT&lt;/objectTypeSelection&gt;&#xD;
  &lt;useMappedVariable&gt;false&lt;/useMappedVariable&gt;&#xD;
  &lt;faultParameterId&gt;2055.7f5c2124-94f8-4143-b2fb-1d4e7c7bd286&lt;/faultParameterId&gt;&#xD;
&lt;/config&gt;</definition>
                <guid>976cdf7d-a19e-42f7-916b-b7e0ab10d91a</guid>
                <versionId>f8d90455-706f-4bb6-8a2a-bcd0e525453f</versionId>
            </TWComponent>
        </item>
        <startingProcessItemId>2025.5d588190-8a4a-4981-a008-22a9cb5d1961</startingProcessItemId>
        <errorHandlerItemId isNull="true" />
        <layoutData noConversion="true">
            <errorLink>
                <controlPoints />
                <showEndState>false</showEndState>
                <showName>false</showName>
            </errorLink>
        </layoutData>
        <startPoint>
            <layoutData x="20" y="100">
                <errorLink>
                    <controlPoints />
                    <showEndState>false</showEndState>
                    <showName>false</showName>
                </errorLink>
            </layoutData>
        </startPoint>
        <startLink>
            <fromPort locationId="rightCenter" portType="1" />
            <toPort locationId="leftCenter" portType="2" />
            <layoutData>
                <controlPoints />
                <showEndState>false</showEndState>
                <showName>false</showName>
            </layoutData>
        </startLink>
        <link name="Untitled">
            <lastModified isNull="true" />
            <lastModifiedBy isNull="true" />
            <processLinkId>2027.17b5f1b0-af19-4fa7-9f40-b2d2f76ecc1e</processLinkId>
            <processId>1.02232697-b934-4197-9a91-bc4f5ac4e2f3</processId>
            <description isNull="true" />
            <fromProcessItemId>2025.5d588190-8a4a-4981-a008-22a9cb5d1961</fromProcessItemId>
            <endStateId>Out</endStateId>
            <toProcessItemId>2025.105764da-66b6-4ec1-891c-a64dd64b2d8c</toProcessItemId>
            <guid>a55cc59d-392e-4eb6-a2f2-18653afee640</guid>
            <versionId>b2a76af5-5fed-4fc9-968a-2c73e3e267b9</versionId>
            <layoutData>
                <controlPoints />
                <showEndState>false</showEndState>
                <showName>false</showName>
            </layoutData>
            <fromItemPort locationId="rightCenter" portType="1" />
            <toItemPort locationId="leftCenter" portType="2" />
            <fromProcessItemId>2025.5d588190-8a4a-4981-a008-22a9cb5d1961</fromProcessItemId>
            <toProcessItemId>2025.105764da-66b6-4ec1-891c-a64dd64b2d8c</toProcessItemId>
        </link>
    </process>
</teamworks>

