<?xml version="1.0" encoding="UTF-8"?>
<teamworks>
    <process id="1.10aa0395-daf6-4ea8-abf9-6b6090cfb125" name="ECM CheckIn Service">
        <lastModified>1387219635697</lastModified>
        <lastModifiedBy>tw_admin</lastModifiedBy>
        <processId>1.10aa0395-daf6-4ea8-abf9-6b6090cfb125</processId>
        <image isNull="true" />
        <tabGroup isNull="true" />
        <startingProcessItemId>2025.160b8465-bff8-48f9-b5f0-ccea5e29a36e</startingProcessItemId>
        <isRootProcess>false</isRootProcess>
        <processType>2</processType>
        <isErrorHandlerEnabled>false</isErrorHandlerEnabled>
        <errorHandlerItemId isNull="true" />
        <isLoggingVariables>false</isLoggingVariables>
        <isTransactional>false</isTransactional>
        <processTimingLevel isNull="true" />
        <participantRef isNull="true" />
        <exposedType isNull="true" />
        <isTrackingEnabled>true</isTrackingEnabled>
        <xmlData isNull="true" />
        <cachingType>false</cachingType>
        <itemLabel isNull="true" />
        <cacheLength>43200</cacheLength>
        <mobileReady>false</mobileReady>
        <sboSyncEnabled>true</sboSyncEnabled>
        <externalId isNull="true" />
        <isSecured>false</isSecured>
        <description isNull="true" />
        <guid>guid:72623eb2fbb55c99:-3af3d93:142e50fb32f:-7ff8</guid>
        <versionId>333e7edf-32f2-469f-b164-4e02ceb8c0ce</versionId>
        <dependencySummary isNull="true" />
        <processParameter name="ECMError">
            <lastModified isNull="true" />
            <lastModifiedBy isNull="true" />
            <processParameterId>2055.cb7ed325-ffa6-462b-a486-9d606cc735fd</processParameterId>
            <processId>1.10aa0395-daf6-4ea8-abf9-6b6090cfb125</processId>
            <parameterType>3</parameterType>
            <isArrayOf>false</isArrayOf>
            <classId>/12.bfb48b9b-8247-49fb-8f78-82b738b817a6</classId>
            <seq>1</seq>
            <hasDefault>false</hasDefault>
            <defaultValue>ECMError</defaultValue>
            <isLocked>false</isLocked>
            <description isNull="true" />
            <guid>066a5dc0-6bc2-4f56-a40e-108864941870</guid>
            <versionId>35f2450c-b5ac-439d-ba42-93500f1c549b</versionId>
        </processParameter>
        <processParameter name="checkedOutId">
            <lastModified isNull="true" />
            <lastModifiedBy isNull="true" />
            <processParameterId>2055.1ed282d6-d4d5-4308-b3d8-a289bf97222e</processParameterId>
            <processId>1.10aa0395-daf6-4ea8-abf9-6b6090cfb125</processId>
            <parameterType>1</parameterType>
            <isArrayOf>false</isArrayOf>
            <classId>/12.3212d5b3-f692-41b3-a893-343dc5c3df01</classId>
            <seq>2</seq>
            <hasDefault>false</hasDefault>
            <defaultValue isNull="true" />
            <isLocked>false</isLocked>
            <description isNull="true" />
            <guid>1a8ac99a-097f-4110-b629-b3c21d70591f</guid>
            <versionId>a2d249fe-8b56-4add-aeda-1902f671f918</versionId>
        </processParameter>
        <processParameter name="serverName">
            <lastModified isNull="true" />
            <lastModifiedBy isNull="true" />
            <processParameterId>2055.1ab758e7-9aab-476f-9063-32e42f3063ab</processParameterId>
            <processId>1.10aa0395-daf6-4ea8-abf9-6b6090cfb125</processId>
            <parameterType>1</parameterType>
            <isArrayOf>false</isArrayOf>
            <classId>f1e96cc6-5fd9-4002-8b04-107d4ddae78a/12.db884a3c-c533-44b7-bb2d-47bec8ad4022</classId>
            <seq>5</seq>
            <hasDefault>false</hasDefault>
            <defaultValue isNull="true" />
            <isLocked>false</isLocked>
            <description isNull="true" />
            <guid>dc6685c7-40e9-43eb-b93f-22bfc518ae15</guid>
            <versionId>c5c3f8da-19ec-4e47-902a-2a8036db25a6</versionId>
        </processParameter>
        <processParameter name="documentId">
            <lastModified isNull="true" />
            <lastModifiedBy isNull="true" />
            <processParameterId>2055.fe346eec-5f60-4c7f-92f2-ffd6d11f4e6d</processParameterId>
            <processId>1.10aa0395-daf6-4ea8-abf9-6b6090cfb125</processId>
            <parameterType>2</parameterType>
            <isArrayOf>false</isArrayOf>
            <classId>/12.3212d5b3-f692-41b3-a893-343dc5c3df01</classId>
            <seq>6</seq>
            <hasDefault>false</hasDefault>
            <defaultValue isNull="true" />
            <isLocked>false</isLocked>
            <description isNull="true" />
            <guid>e3fdb190-c499-4c5a-9e21-7ed8a2db341d</guid>
            <versionId>f4846f58-b802-4f7d-a73f-c6df00f5f3ab</versionId>
        </processParameter>
        <processParameter name="properties">
            <lastModified isNull="true" />
            <lastModifiedBy isNull="true" />
            <processParameterId>2055.02245601-5370-4e5f-bed9-418f98ad5a2e</processParameterId>
            <processId>1.10aa0395-daf6-4ea8-abf9-6b6090cfb125</processId>
            <parameterType>1</parameterType>
            <isArrayOf>true</isArrayOf>
            <classId>/12.a4275847-1a37-4d3c-9289-0462d5afbca9</classId>
            <seq>7</seq>
            <hasDefault>false</hasDefault>
            <defaultValue isNull="true" />
            <isLocked>false</isLocked>
            <description isNull="true" />
            <guid>e568efcc-0197-45e1-8bde-053afa5d59a2</guid>
            <versionId>0327b648-0dfd-4ba7-961f-604427839cc0</versionId>
        </processParameter>
        <item>
            <lastModified isNull="true" />
            <lastModifiedBy isNull="true" />
            <processItemId>2025.160b8465-bff8-48f9-b5f0-ccea5e29a36e</processItemId>
            <processId>1.10aa0395-daf6-4ea8-abf9-6b6090cfb125</processId>
            <name>Check In Service</name>
            <tWComponentName>ECMConnector</tWComponentName>
            <tWComponentId>3030.6ff23f1a-2076-4ca7-8d77-4d8c9a52f77f</tWComponentId>
            <isLogEnabled>false</isLogEnabled>
            <isTraceEnabled>false</isTraceEnabled>
            <traceCategory isNull="true" />
            <traceLevel isNull="true" />
            <traceMessage isNull="true" />
            <traceSymbolTable isNull="true" />
            <isExecutionContextTraced>false</isExecutionContextTraced>
            <saveExecutionContext>false</saveExecutionContext>
            <documentation isNull="true" />
            <isErrorHandlerEnabled>false</isErrorHandlerEnabled>
            <errorHandlerItemId isNull="true" />
            <guid>e4fb1ec3-81f7-4950-a2db-b3002f79c687</guid>
            <versionId>69bf4224-b385-4d1e-b76b-e69b96855488</versionId>
            <layoutData x="309" y="99">
                <errorLink>
                    <controlPoints />
                    <showEndState>false</showEndState>
                    <showName>false</showName>
                </errorLink>
            </layoutData>
            <TWComponent>
                <lastModified isNull="true" />
                <lastModifiedBy isNull="true" />
                <ecmConnectorId>3030.6ff23f1a-2076-4ca7-8d77-4d8c9a52f77f</ecmConnectorId>
                <definition>&lt;config type="com.lombardisoftware.client.persistence.ECMConnectorConfiguration"&gt;&#xD;
  &lt;inputParameters&gt;&#xD;
    &lt;parameter&gt;&#xD;
      &lt;name&gt;pwcDocumentId&lt;/name&gt;&#xD;
      &lt;type&gt;ECMID&lt;/type&gt;&#xD;
      &lt;description&gt;Private working copy document ID&lt;/description&gt;&#xD;
      &lt;defaultValue&gt;&lt;/defaultValue&gt;&#xD;
      &lt;argumentVariable&gt;tw.local.checkedOutId&lt;/argumentVariable&gt;&#xD;
      &lt;isArray&gt;&lt;/isArray&gt;&#xD;
      &lt;isList&gt;false&lt;/isList&gt;&#xD;
    &lt;/parameter&gt;&#xD;
    &lt;parameter&gt;&#xD;
      &lt;name&gt;major&lt;/name&gt;&#xD;
      &lt;type&gt;Boolean&lt;/type&gt;&#xD;
      &lt;description&gt;Major&lt;/description&gt;&#xD;
      &lt;defaultValue&gt;&lt;/defaultValue&gt;&#xD;
      &lt;argumentVariable&gt;&lt;/argumentVariable&gt;&#xD;
      &lt;isArray&gt;&lt;/isArray&gt;&#xD;
      &lt;isList&gt;false&lt;/isList&gt;&#xD;
    &lt;/parameter&gt;&#xD;
    &lt;parameter&gt;&#xD;
      &lt;name&gt;contentStream&lt;/name&gt;&#xD;
      &lt;type&gt;ECMContentStream&lt;/type&gt;&#xD;
      &lt;description&gt;Content stream&lt;/description&gt;&#xD;
      &lt;defaultValue&gt;&lt;/defaultValue&gt;&#xD;
      &lt;argumentVariable&gt;&lt;/argumentVariable&gt;&#xD;
      &lt;isArray&gt;&lt;/isArray&gt;&#xD;
      &lt;isList&gt;false&lt;/isList&gt;&#xD;
    &lt;/parameter&gt;&#xD;
    &lt;parameter&gt;&#xD;
      &lt;name&gt;checkinComment&lt;/name&gt;&#xD;
      &lt;type&gt;String&lt;/type&gt;&#xD;
      &lt;description&gt;Check-in comment&lt;/description&gt;&#xD;
      &lt;defaultValue&gt;&lt;/defaultValue&gt;&#xD;
      &lt;argumentVariable&gt;&lt;/argumentVariable&gt;&#xD;
      &lt;isArray&gt;&lt;/isArray&gt;&#xD;
      &lt;isList&gt;false&lt;/isList&gt;&#xD;
    &lt;/parameter&gt;&#xD;
    &lt;parameter&gt;&#xD;
      &lt;name&gt;properties&lt;/name&gt;&#xD;
      &lt;type&gt;ECMProperty&lt;/type&gt;&#xD;
      &lt;description&gt;Properties&lt;/description&gt;&#xD;
      &lt;defaultValue&gt;&lt;/defaultValue&gt;&#xD;
      &lt;argumentVariable&gt;tw.local.properties&lt;/argumentVariable&gt;&#xD;
      &lt;isArray&gt;&lt;/isArray&gt;&#xD;
      &lt;isList&gt;true&lt;/isList&gt;&#xD;
    &lt;/parameter&gt;&#xD;
    &lt;parameter&gt;&#xD;
      &lt;name&gt;serverName&lt;/name&gt;&#xD;
      &lt;type&gt;String&lt;/type&gt;&#xD;
      &lt;description&gt;Server name&lt;/description&gt;&#xD;
      &lt;defaultValue&gt;&lt;/defaultValue&gt;&#xD;
      &lt;argumentVariable&gt;tw.local.serverName&lt;/argumentVariable&gt;&#xD;
      &lt;isArray&gt;&lt;/isArray&gt;&#xD;
      &lt;isList&gt;false&lt;/isList&gt;&#xD;
    &lt;/parameter&gt;&#xD;
  &lt;/inputParameters&gt;&#xD;
  &lt;outputParameters&gt;&#xD;
    &lt;parameter&gt;&#xD;
      &lt;name&gt;documentId&lt;/name&gt;&#xD;
      &lt;type&gt;ECMID&lt;/type&gt;&#xD;
      &lt;description&gt;Document ID&lt;/description&gt;&#xD;
      &lt;defaultValue&gt;&lt;/defaultValue&gt;&#xD;
      &lt;argumentVariable&gt;tw.local.documentId&lt;/argumentVariable&gt;&#xD;
      &lt;isArray&gt;&lt;/isArray&gt;&#xD;
      &lt;isList&gt;false&lt;/isList&gt;&#xD;
    &lt;/parameter&gt;&#xD;
  &lt;/outputParameters&gt;&#xD;
  &lt;matchAllSearchCriteria&gt;true&lt;/matchAllSearchCriteria&gt;&#xD;
  &lt;orderOverride&gt;false&lt;/orderOverride&gt;&#xD;
  &lt;orderOverrideValue&gt;&lt;/orderOverrideValue&gt;&#xD;
  &lt;operationType&gt;DOC_OP_CHECK_IN_DOCUMENT&lt;/operationType&gt;&#xD;
  &lt;objectTypeSelection&gt;DOCUMENT&lt;/objectTypeSelection&gt;&#xD;
  &lt;useMappedVariable&gt;false&lt;/useMappedVariable&gt;&#xD;
  &lt;faultParameterId&gt;2055.cb7ed325-ffa6-462b-a486-9d606cc735fd&lt;/faultParameterId&gt;&#xD;
&lt;/config&gt;</definition>
                <guid>ad081769-4611-4e22-8857-2c9c6346f6ee</guid>
                <versionId>b9848df1-7e59-45cb-8882-1f769122bab9</versionId>
            </TWComponent>
        </item>
        <item>
            <lastModified isNull="true" />
            <lastModifiedBy isNull="true" />
            <processItemId>2025.7cc092d2-4bfc-4d5e-80fd-dce078e256b6</processItemId>
            <processId>1.10aa0395-daf6-4ea8-abf9-6b6090cfb125</processId>
            <name>End</name>
            <tWComponentName>ExitPoint</tWComponentName>
            <tWComponentId>3008.a35c3d53-0f89-4c00-93bc-4cf3399c36e0</tWComponentId>
            <isLogEnabled>false</isLogEnabled>
            <isTraceEnabled>false</isTraceEnabled>
            <traceCategory isNull="true" />
            <traceLevel isNull="true" />
            <traceMessage isNull="true" />
            <traceSymbolTable isNull="true" />
            <isExecutionContextTraced>false</isExecutionContextTraced>
            <saveExecutionContext>true</saveExecutionContext>
            <documentation isNull="true" />
            <isErrorHandlerEnabled>false</isErrorHandlerEnabled>
            <errorHandlerItemId isNull="true" />
            <guid>guid:72623eb2fbb55c99:-3af3d93:142e50fb32f:-7ff7</guid>
            <versionId>eced86ad-e2ac-4497-b6c6-6b48858b56cc</versionId>
            <layoutData x="700" y="100">
                <errorLink>
                    <controlPoints />
                    <showEndState>false</showEndState>
                    <showName>false</showName>
                </errorLink>
            </layoutData>
            <TWComponent>
                <lastModified isNull="true" />
                <lastModifiedBy isNull="true" />
                <exitPointId>3008.a35c3d53-0f89-4c00-93bc-4cf3399c36e0</exitPointId>
                <haltProcess>false</haltProcess>
                <guid>d8219e82-be92-4f0d-a063-67d795387a11</guid>
                <versionId>e26b5d6f-43eb-4c9b-86c9-a20c331f6bdb</versionId>
            </TWComponent>
        </item>
        <startingProcessItemId>2025.160b8465-bff8-48f9-b5f0-ccea5e29a36e</startingProcessItemId>
        <errorHandlerItemId isNull="true" />
        <layoutData noConversion="true">
            <errorLink>
                <controlPoints />
                <showEndState>false</showEndState>
                <showName>false</showName>
            </errorLink>
        </layoutData>
        <startPoint>
            <layoutData x="20" y="100">
                <errorLink>
                    <controlPoints />
                    <showEndState>false</showEndState>
                    <showName>false</showName>
                </errorLink>
            </layoutData>
        </startPoint>
        <startLink>
            <fromPort locationId="rightCenter" portType="1" />
            <toPort locationId="leftCenter" portType="2" />
            <layoutData>
                <controlPoints />
                <showEndState>false</showEndState>
                <showName>false</showName>
            </layoutData>
        </startLink>
        <link name="Untitled">
            <lastModified isNull="true" />
            <lastModifiedBy isNull="true" />
            <processLinkId>2027.cd733baa-7056-4809-8f6b-b1b3fb71459b</processLinkId>
            <processId>1.10aa0395-daf6-4ea8-abf9-6b6090cfb125</processId>
            <description isNull="true" />
            <fromProcessItemId>2025.160b8465-bff8-48f9-b5f0-ccea5e29a36e</fromProcessItemId>
            <endStateId>Out</endStateId>
            <toProcessItemId>2025.7cc092d2-4bfc-4d5e-80fd-dce078e256b6</toProcessItemId>
            <guid>64fed7c3-028c-4cf6-bccc-535c671daf9b</guid>
            <versionId>15953fb1-d723-4159-bc48-7a9618499626</versionId>
            <layoutData>
                <controlPoints />
                <showEndState>false</showEndState>
                <showName>false</showName>
            </layoutData>
            <fromItemPort locationId="rightCenter" portType="1" />
            <toItemPort locationId="leftCenter" portType="2" />
            <fromProcessItemId>2025.160b8465-bff8-48f9-b5f0-ccea5e29a36e</fromProcessItemId>
            <toProcessItemId>2025.7cc092d2-4bfc-4d5e-80fd-dce078e256b6</toProcessItemId>
        </link>
    </process>
</teamworks>

