<?xml version="1.0" encoding="UTF-8"?>
<teamworks>
    <process id="1.1a8f7cb9-f6aa-456f-a13d-ad860965cdf0" name="Default Get Related ECM Folders Service">
        <lastModified>1443041058181</lastModified>
        <lastModifiedBy>tw_admin</lastModifiedBy>
        <processId>1.1a8f7cb9-f6aa-456f-a13d-ad860965cdf0</processId>
        <image isNull="true" />
        <tabGroup isNull="true" />
        <startingProcessItemId>2025.b50224ff-2deb-4ab0-9172-3a09c434e8c7</startingProcessItemId>
        <isRootProcess>false</isRootProcess>
        <processType>2</processType>
        <isErrorHandlerEnabled>false</isErrorHandlerEnabled>
        <errorHandlerItemId isNull="true" />
        <isLoggingVariables>false</isLoggingVariables>
        <isTransactional>false</isTransactional>
        <processTimingLevel isNull="true" />
        <participantRef isNull="true" />
        <exposedType isNull="true" />
        <isTrackingEnabled>true</isTrackingEnabled>
        <xmlData isNull="true" />
        <cachingType>false</cachingType>
        <itemLabel isNull="true" />
        <cacheLength>43200</cacheLength>
        <mobileReady>false</mobileReady>
        <sboSyncEnabled>false</sboSyncEnabled>
        <externalId isNull="true" />
        <isSecured>false</isSecured>
        <description isNull="true" />
        <guid>6088c48a-f909-4bcc-a799-cd14a4381ce0</guid>
        <versionId>c7203899-f9cd-4d8a-80ea-0acc6a207ac7</versionId>
        <dependencySummary isNull="true" />
        <processParameter name="processInstanceId">
            <lastModified isNull="true" />
            <lastModifiedBy isNull="true" />
            <processParameterId>2055.4ae621c4-614e-48e1-ab8b-4d6b3f04b003</processParameterId>
            <processId>1.1a8f7cb9-f6aa-456f-a13d-ad860965cdf0</processId>
            <parameterType>1</parameterType>
            <isArrayOf>false</isArrayOf>
            <classId>f1e96cc6-5fd9-4002-8b04-107d4ddae78a/12.db884a3c-c533-44b7-bb2d-47bec8ad4022</classId>
            <seq>1</seq>
            <hasDefault>false</hasDefault>
            <defaultValue isNull="true" />
            <isLocked>false</isLocked>
            <description isNull="true" />
            <guid>b77b889a-bd1f-4061-9163-0e25ed12f2a4</guid>
            <versionId>f4145e5b-39fa-4b99-b93b-b4bb364ad226</versionId>
        </processParameter>
        <processParameter name="folderInfos">
            <lastModified isNull="true" />
            <lastModifiedBy isNull="true" />
            <processParameterId>2055.079ce959-e729-44bb-855f-f3ab74712873</processParameterId>
            <processId>1.1a8f7cb9-f6aa-456f-a13d-ad860965cdf0</processId>
            <parameterType>2</parameterType>
            <isArrayOf>true</isArrayOf>
            <classId>/12.53c9f8c1-cb49-41a4-b946-258a86220bf3</classId>
            <seq>2</seq>
            <hasDefault>false</hasDefault>
            <defaultValue isNull="true" />
            <isLocked>false</isLocked>
            <description isNull="true" />
            <guid>399c9e57-67c5-4801-80ab-5f57c2702898</guid>
            <versionId>53e68de4-92b3-45d3-9bc1-14155c320e80</versionId>
        </processParameter>
        <item>
            <lastModified isNull="true" />
            <lastModifiedBy isNull="true" />
            <processItemId>2025.e6bc8149-c023-4524-8f6b-0d774507174b</processItemId>
            <processId>1.1a8f7cb9-f6aa-456f-a13d-ad860965cdf0</processId>
            <name>End</name>
            <tWComponentName>ExitPoint</tWComponentName>
            <tWComponentId>3008.1db538a7-43f0-40c3-965d-c4991aee57a2</tWComponentId>
            <isLogEnabled>false</isLogEnabled>
            <isTraceEnabled>false</isTraceEnabled>
            <traceCategory isNull="true" />
            <traceLevel isNull="true" />
            <traceMessage isNull="true" />
            <traceSymbolTable isNull="true" />
            <isExecutionContextTraced>false</isExecutionContextTraced>
            <saveExecutionContext>true</saveExecutionContext>
            <documentation isNull="true" />
            <isErrorHandlerEnabled>false</isErrorHandlerEnabled>
            <errorHandlerItemId isNull="true" />
            <guid>guid:9d5e5b1057292d17:-164f28cd:14ffbdfda17:-7fd0</guid>
            <versionId>05023064-a15e-4e56-8cb7-94b60b2ac536</versionId>
            <layoutData x="700" y="100">
                <errorLink>
                    <controlPoints />
                    <showEndState>false</showEndState>
                    <showName>false</showName>
                </errorLink>
            </layoutData>
            <TWComponent>
                <lastModified isNull="true" />
                <lastModifiedBy isNull="true" />
                <exitPointId>3008.1db538a7-43f0-40c3-965d-c4991aee57a2</exitPointId>
                <haltProcess>false</haltProcess>
                <guid>32f18d31-7ba3-43d6-982c-7de323e66a4e</guid>
                <versionId>c6885d32-940c-41cd-af9d-66aea50d7ea8</versionId>
            </TWComponent>
        </item>
        <item>
            <lastModified isNull="true" />
            <lastModifiedBy isNull="true" />
            <processItemId>2025.b50224ff-2deb-4ab0-9172-3a09c434e8c7</processItemId>
            <processId>1.1a8f7cb9-f6aa-456f-a13d-ad860965cdf0</processId>
            <name>Get Related ECM Folders</name>
            <tWComponentName>Script</tWComponentName>
            <tWComponentId>3011.fdb632c4-ba29-4c32-be44-6398bab56a62</tWComponentId>
            <isLogEnabled>false</isLogEnabled>
            <isTraceEnabled>false</isTraceEnabled>
            <traceCategory isNull="true" />
            <traceLevel isNull="true" />
            <traceMessage isNull="true" />
            <traceSymbolTable isNull="true" />
            <isExecutionContextTraced>false</isExecutionContextTraced>
            <saveExecutionContext>false</saveExecutionContext>
            <documentation isNull="true" />
            <isErrorHandlerEnabled>false</isErrorHandlerEnabled>
            <errorHandlerItemId isNull="true" />
            <guid>guid:9d5e5b1057292d17:-164f28cd:14ffbdfda17:-7fd1</guid>
            <versionId>84a5d73d-3b4e-4928-9473-94c7bc822b91</versionId>
            <layoutData x="325" y="84">
                <errorLink>
                    <controlPoints />
                    <showEndState>false</showEndState>
                    <showName>false</showName>
                </errorLink>
            </layoutData>
            <TWComponent>
                <lastModified isNull="true" />
                <lastModifiedBy isNull="true" />
                <scriptId>3011.fdb632c4-ba29-4c32-be44-6398bab56a62</scriptId>
                <scriptTypeId>2</scriptTypeId>
                <isActive>true</isActive>
                <script>if(tw.local.processInstanceId) {
    var instance = tw.system.findProcessInstanceByID(tw.local.processInstanceId);
    if(instance) {
        var servers = instance.snapshot.getECMServers();
        tw.local.folderInfos = new tw.object.listOf.ECMFolderInfo()
        for (var i = 0; i &lt; servers.length; i++) {
            var server = servers[i];
            // ignore the server if it has no root folder ID, then it is currently unavailable
            if(typeof server.rootFolderID == "string") {
                var folderInfo = new tw.object.ECMFolderInfo();
                var firstAt = server.name.indexOf("@");
                if(firstAt &gt; -1) {
                    folderInfo.displayName = server.name.substr(0, firstAt);
                } else {
                    folderInfo.displayName = server.name;
                }
                folderInfo.serverName = server.name;
                folderInfo.objectId = server.rootFolderID;
                tw.local.folderInfos[tw.local.folderInfos.listLength] = folderInfo;
            }
        }
    }
}</script>
                <isRule>false</isRule>
                <guid>f5f8cad6-1e41-4395-8f94-ba83bb998847</guid>
                <versionId>55fab0e4-5147-45d1-b3c6-0c621a71dfbb</versionId>
            </TWComponent>
        </item>
        <startingProcessItemId>2025.b50224ff-2deb-4ab0-9172-3a09c434e8c7</startingProcessItemId>
        <errorHandlerItemId isNull="true" />
        <layoutData noConversion="true">
            <errorLink>
                <controlPoints />
                <showEndState>false</showEndState>
                <showName>false</showName>
            </errorLink>
        </layoutData>
        <startPoint>
            <layoutData x="20" y="100">
                <errorLink>
                    <controlPoints />
                    <showEndState>false</showEndState>
                    <showName>false</showName>
                </errorLink>
            </layoutData>
        </startPoint>
        <startLink>
            <fromPort locationId="rightCenter" portType="1" />
            <toPort locationId="leftCenter" portType="2" />
            <layoutData>
                <controlPoints />
                <showEndState>false</showEndState>
                <showName>false</showName>
            </layoutData>
        </startLink>
        <link name="Untitled">
            <lastModified isNull="true" />
            <lastModifiedBy isNull="true" />
            <processLinkId>2027.bd7e3828-19f4-4dd4-9e9c-23d02e7a1003</processLinkId>
            <processId>1.1a8f7cb9-f6aa-456f-a13d-ad860965cdf0</processId>
            <description isNull="true" />
            <fromProcessItemId>2025.b50224ff-2deb-4ab0-9172-3a09c434e8c7</fromProcessItemId>
            <endStateId>Out</endStateId>
            <toProcessItemId>2025.e6bc8149-c023-4524-8f6b-0d774507174b</toProcessItemId>
            <guid>2f600bef-9666-4aa0-81ba-fce654271ebc</guid>
            <versionId>0bf83108-eb15-4624-b144-ccbbe8804490</versionId>
            <layoutData>
                <controlPoints />
                <showEndState>false</showEndState>
                <showName>false</showName>
            </layoutData>
            <fromItemPort locationId="rightCenter" portType="1" />
            <toItemPort locationId="leftCenter" portType="2" />
            <fromProcessItemId>2025.b50224ff-2deb-4ab0-9172-3a09c434e8c7</fromProcessItemId>
            <toProcessItemId>2025.e6bc8149-c023-4524-8f6b-0d774507174b</toProcessItemId>
        </link>
    </process>
</teamworks>

