<?xml version="1.0" encoding="UTF-8"?>
<teamworks>
    <process id="1.1f60baf5-c9af-4be7-a3e3-89c49265d9ad" name="ECM Get Type Definition Service">
        <lastModified>1413543221067</lastModified>
        <lastModifiedBy>tw_admin</lastModifiedBy>
        <processId>1.1f60baf5-c9af-4be7-a3e3-89c49265d9ad</processId>
        <image isNull="true" />
        <tabGroup isNull="true" />
        <startingProcessItemId>2025.c7688313-cd02-40ca-9033-3761f42857a5</startingProcessItemId>
        <isRootProcess>false</isRootProcess>
        <processType>2</processType>
        <isErrorHandlerEnabled>false</isErrorHandlerEnabled>
        <errorHandlerItemId isNull="true" />
        <isLoggingVariables>false</isLoggingVariables>
        <isTransactional>false</isTransactional>
        <processTimingLevel isNull="true" />
        <participantRef isNull="true" />
        <exposedType isNull="true" />
        <isTrackingEnabled>true</isTrackingEnabled>
        <xmlData isNull="true" />
        <cachingType>false</cachingType>
        <itemLabel isNull="true" />
        <cacheLength>43200</cacheLength>
        <mobileReady>false</mobileReady>
        <sboSyncEnabled>false</sboSyncEnabled>
        <externalId isNull="true" />
        <isSecured>false</isSecured>
        <description isNull="true" />
        <guid>guid:d5b59e2cf13bea07:4e41f3cf:13530095222:-7fd6</guid>
        <versionId>532313de-dfc7-4e52-ab0d-2675e4365363</versionId>
        <dependencySummary isNull="true" />
        <processParameter name="objectTypeId">
            <lastModified isNull="true" />
            <lastModifiedBy isNull="true" />
            <processParameterId>2055.e9e440d3-4c1c-4f01-8667-4d4a23b6a746</processParameterId>
            <processId>1.1f60baf5-c9af-4be7-a3e3-89c49265d9ad</processId>
            <parameterType>1</parameterType>
            <isArrayOf>false</isArrayOf>
            <classId>/12.3212d5b3-f692-41b3-a893-343dc5c3df01</classId>
            <seq>1</seq>
            <hasDefault>true</hasDefault>
            <defaultValue>"cmis:document"</defaultValue>
            <isLocked>false</isLocked>
            <description isNull="true" />
            <guid>guid:d5b59e2cf13bea07:4e41f3cf:13530095222:-7fd2</guid>
            <versionId>b2637ee7-34d4-4e4c-9089-439f1eb1776c</versionId>
        </processParameter>
        <processParameter name="serverName">
            <lastModified isNull="true" />
            <lastModifiedBy isNull="true" />
            <processParameterId>2055.b1a4e92f-d3d4-4bfe-ad81-1083fa51bb42</processParameterId>
            <processId>1.1f60baf5-c9af-4be7-a3e3-89c49265d9ad</processId>
            <parameterType>1</parameterType>
            <isArrayOf>false</isArrayOf>
            <classId>f1e96cc6-5fd9-4002-8b04-107d4ddae78a/12.db884a3c-c533-44b7-bb2d-47bec8ad4022</classId>
            <seq>2</seq>
            <hasDefault>false</hasDefault>
            <defaultValue isNull="true" />
            <isLocked>false</isLocked>
            <description isNull="true" />
            <guid>guid:d5b59e2cf13bea07:4e41f3cf:13530095222:-7fd1</guid>
            <versionId>93de83f2-10dd-4e7d-adf2-11157c6401d7</versionId>
        </processParameter>
        <processParameter name="typeDefinition">
            <lastModified isNull="true" />
            <lastModifiedBy isNull="true" />
            <processParameterId>2055.98b7e33b-06c7-44de-9e59-097b5d65572a</processParameterId>
            <processId>1.1f60baf5-c9af-4be7-a3e3-89c49265d9ad</processId>
            <parameterType>2</parameterType>
            <isArrayOf>false</isArrayOf>
            <classId>/12.d090937d-b509-4407-829c-b74dfb856888</classId>
            <seq>3</seq>
            <hasDefault>false</hasDefault>
            <defaultValue isNull="true" />
            <isLocked>false</isLocked>
            <description isNull="true" />
            <guid>guid:d5b59e2cf13bea07:4e41f3cf:13530095222:-7fcf</guid>
            <versionId>775855c4-0714-4843-8a7e-769947cb9b45</versionId>
        </processParameter>
        <processParameter name="ECMError">
            <lastModified isNull="true" />
            <lastModifiedBy isNull="true" />
            <processParameterId>2055.5bdf02f6-1c33-406b-a8ed-368c1e85080d</processParameterId>
            <processId>1.1f60baf5-c9af-4be7-a3e3-89c49265d9ad</processId>
            <parameterType>3</parameterType>
            <isArrayOf>false</isArrayOf>
            <classId>/12.bfb48b9b-8247-49fb-8f78-82b738b817a6</classId>
            <seq>4</seq>
            <hasDefault>false</hasDefault>
            <defaultValue>ECMError</defaultValue>
            <isLocked>false</isLocked>
            <description isNull="true" />
            <guid>guid:d5b59e2cf13bea07:4e41f3cf:13530095222:-7fcb</guid>
            <versionId>40286544-9b6a-4806-9737-525abe536e82</versionId>
        </processParameter>
        <processParameter name="maxFileSizeUpload">
            <lastModified isNull="true" />
            <lastModifiedBy isNull="true" />
            <processParameterId>2055.8b82a39e-b54b-43c9-a810-c20285616bab</processParameterId>
            <processId>1.1f60baf5-c9af-4be7-a3e3-89c49265d9ad</processId>
            <parameterType>2</parameterType>
            <isArrayOf>false</isArrayOf>
            <classId>f1e96cc6-5fd9-4002-8b04-107d4ddae78a/12.db884a3c-c533-44b7-bb2d-47bec8ad4022</classId>
            <seq>5</seq>
            <hasDefault>false</hasDefault>
            <defaultValue isNull="true" />
            <isLocked>false</isLocked>
            <description isNull="true" />
            <guid>9c8a421a-9842-4ce1-8d90-62b58ec52b07</guid>
            <versionId>b47b30eb-526c-4e0e-a3da-61a431ef8f00</versionId>
        </processParameter>
        <item>
            <lastModified isNull="true" />
            <lastModifiedBy isNull="true" />
            <processItemId>2025.c7688313-cd02-40ca-9033-3761f42857a5</processItemId>
            <processId>1.1f60baf5-c9af-4be7-a3e3-89c49265d9ad</processId>
            <name>Deploy type definition if needed</name>
            <tWComponentName>Script</tWComponentName>
            <tWComponentId>3011.2e1d01d2-a125-47ef-8465-a8f20b8ae84f</tWComponentId>
            <isLogEnabled>false</isLogEnabled>
            <isTraceEnabled>false</isTraceEnabled>
            <traceCategory isNull="true" />
            <traceLevel isNull="true" />
            <traceMessage isNull="true" />
            <traceSymbolTable isNull="true" />
            <isExecutionContextTraced>false</isExecutionContextTraced>
            <saveExecutionContext>false</saveExecutionContext>
            <documentation isNull="true" />
            <isErrorHandlerEnabled>false</isErrorHandlerEnabled>
            <errorHandlerItemId isNull="true" />
            <guid>guid:acf29ccaae861560:d167b8d:144807fc6d0:-7ffe</guid>
            <versionId>1bf41ed2-4dce-4d25-86b5-8ce26f6697d2</versionId>
            <layoutData x="203" y="97">
                <errorLink>
                    <controlPoints />
                    <showEndState>false</showEndState>
                    <showName>false</showName>
                </errorLink>
            </layoutData>
            <TWComponent>
                <lastModified isNull="true" />
                <lastModifiedBy isNull="true" />
                <scriptId>3011.2e1d01d2-a125-47ef-8465-a8f20b8ae84f</scriptId>
                <scriptTypeId>2</scriptTypeId>
                <isActive>true</isActive>
                <script>if(tw.local.serverName == "IBM_BPM_ContentStore") {
  tw.system["deployDocumentTypes"](tw.local.objectTypeId);
}</script>
                <isRule>false</isRule>
                <guid>b549ca4b-5edc-4f63-9a99-673be48c3d41</guid>
                <versionId>0a7b2719-3b34-42c7-af53-da94c540493e</versionId>
            </TWComponent>
        </item>
        <item>
            <lastModified isNull="true" />
            <lastModifiedBy isNull="true" />
            <processItemId>2025.85bd6347-419f-443b-b1cf-4fc71b0b0bae</processItemId>
            <processId>1.1f60baf5-c9af-4be7-a3e3-89c49265d9ad</processId>
            <name>Get Max File Size Upload</name>
            <tWComponentName>Script</tWComponentName>
            <tWComponentId>3011.faf750d5-2502-4f1a-96b8-1d883839a168</tWComponentId>
            <isLogEnabled>false</isLogEnabled>
            <isTraceEnabled>false</isTraceEnabled>
            <traceCategory isNull="true" />
            <traceLevel isNull="true" />
            <traceMessage isNull="true" />
            <traceSymbolTable isNull="true" />
            <isExecutionContextTraced>false</isExecutionContextTraced>
            <saveExecutionContext>false</saveExecutionContext>
            <documentation isNull="true" />
            <isErrorHandlerEnabled>false</isErrorHandlerEnabled>
            <errorHandlerItemId isNull="true" />
            <guid>guid:5f31ee22a13d26f6:42978d2b:1471659ef2a:-7ffc</guid>
            <versionId>85741de2-c370-4db6-8217-3ae8b02333eb</versionId>
            <layoutData x="466" y="97">
                <errorLink>
                    <controlPoints />
                    <showEndState>false</showEndState>
                    <showName>false</showName>
                </errorLink>
            </layoutData>
            <TWComponent>
                <lastModified isNull="true" />
                <lastModifiedBy isNull="true" />
                <scriptId>3011.faf750d5-2502-4f1a-96b8-1d883839a168</scriptId>
                <scriptTypeId>2</scriptTypeId>
                <isActive>true</isActive>
                <script>tw.local.maxFileSizeUpload = Packages.com.lombardisoftware.portal.utils.AddDocumentUtils.getMaxFileSizeUpload().toString();</script>
                <isRule>false</isRule>
                <guid>aa355c14-a00a-4730-a3fd-58897c3698b8</guid>
                <versionId>c749b818-f995-4dd3-bca7-96e5f794d296</versionId>
            </TWComponent>
        </item>
        <item>
            <lastModified isNull="true" />
            <lastModifiedBy isNull="true" />
            <processItemId>2025.b73d014d-706d-45b3-bf78-a8f1747be8d3</processItemId>
            <processId>1.1f60baf5-c9af-4be7-a3e3-89c49265d9ad</processId>
            <name>Get type definition</name>
            <tWComponentName>ECMConnector</tWComponentName>
            <tWComponentId>3030.a0876584-4d06-495c-9628-8ca612f22441</tWComponentId>
            <isLogEnabled>false</isLogEnabled>
            <isTraceEnabled>false</isTraceEnabled>
            <traceCategory isNull="true" />
            <traceLevel isNull="true" />
            <traceMessage isNull="true" />
            <traceSymbolTable isNull="true" />
            <isExecutionContextTraced>false</isExecutionContextTraced>
            <saveExecutionContext>false</saveExecutionContext>
            <documentation isNull="true" />
            <isErrorHandlerEnabled>false</isErrorHandlerEnabled>
            <errorHandlerItemId isNull="true" />
            <guid>cd77f569-daed-494f-97e1-186095a306f5</guid>
            <versionId>b5e3312c-88ab-4967-a7d2-970fea1824bb</versionId>
            <layoutData x="335" y="97">
                <errorLink>
                    <controlPoints />
                    <showEndState>false</showEndState>
                    <showName>false</showName>
                </errorLink>
            </layoutData>
            <TWComponent>
                <lastModified isNull="true" />
                <lastModifiedBy isNull="true" />
                <ecmConnectorId>3030.a0876584-4d06-495c-9628-8ca612f22441</ecmConnectorId>
                <definition>&lt;config type="com.lombardisoftware.client.persistence.ECMConnectorConfiguration"&gt;&#xD;
  &lt;inputParameters&gt;&#xD;
    &lt;parameter&gt;&#xD;
      &lt;name&gt;objectTypeId&lt;/name&gt;&#xD;
      &lt;type&gt;ECMID&lt;/type&gt;&#xD;
      &lt;description&gt;Object type ID&lt;/description&gt;&#xD;
      &lt;defaultValue /&gt;&#xD;
      &lt;argumentVariable&gt;tw.local.objectTypeId&lt;/argumentVariable&gt;&#xD;
      &lt;isList&gt;false&lt;/isList&gt;&#xD;
    &lt;/parameter&gt;&#xD;
    &lt;parameter&gt;&#xD;
      &lt;name&gt;serverName&lt;/name&gt;&#xD;
      &lt;type&gt;String&lt;/type&gt;&#xD;
      &lt;description&gt;Server name&lt;/description&gt;&#xD;
      &lt;defaultValue /&gt;&#xD;
      &lt;argumentVariable&gt;tw.local.serverName&lt;/argumentVariable&gt;&#xD;
      &lt;isList&gt;false&lt;/isList&gt;&#xD;
    &lt;/parameter&gt;&#xD;
  &lt;/inputParameters&gt;&#xD;
  &lt;outputParameters&gt;&#xD;
    &lt;parameter&gt;&#xD;
      &lt;name&gt;typeDefinition&lt;/name&gt;&#xD;
      &lt;type&gt;ECMObjectTypeDefinition&lt;/type&gt;&#xD;
      &lt;description&gt;Type definition&lt;/description&gt;&#xD;
      &lt;defaultValue /&gt;&#xD;
      &lt;argumentVariable&gt;tw.local.typeDefinition&lt;/argumentVariable&gt;&#xD;
      &lt;isList&gt;false&lt;/isList&gt;&#xD;
    &lt;/parameter&gt;&#xD;
  &lt;/outputParameters&gt;&#xD;
  &lt;matchAllSearchCriteria&gt;true&lt;/matchAllSearchCriteria&gt;&#xD;
  &lt;orderOverride&gt;false&lt;/orderOverride&gt;&#xD;
  &lt;orderOverrideValue&gt;&lt;/orderOverrideValue&gt;&#xD;
  &lt;operationType&gt;SERVER_OP_GET_TYPE_DEFINITION&lt;/operationType&gt;&#xD;
  &lt;useMappedVariable&gt;false&lt;/useMappedVariable&gt;&#xD;
  &lt;faultParameterId&gt;2055.5bdf02f6-1c33-406b-a8ed-368c1e85080d&lt;/faultParameterId&gt;&#xD;
&lt;/config&gt;</definition>
                <guid>guid:d5b59e2cf13bea07:4e41f3cf:13530095222:-7fcc</guid>
                <versionId>5278724c-4a3c-4bdd-8232-97ee530b5833</versionId>
            </TWComponent>
        </item>
        <item>
            <lastModified isNull="true" />
            <lastModifiedBy isNull="true" />
            <processItemId>2025.56fb5d30-bdab-4759-9889-7bdb78cc7971</processItemId>
            <processId>1.1f60baf5-c9af-4be7-a3e3-89c49265d9ad</processId>
            <name>End</name>
            <tWComponentName>ExitPoint</tWComponentName>
            <tWComponentId>3008.7175a95e-95e3-4590-9431-45601dfa5c01</tWComponentId>
            <isLogEnabled>false</isLogEnabled>
            <isTraceEnabled>false</isTraceEnabled>
            <traceCategory isNull="true" />
            <traceLevel isNull="true" />
            <traceMessage isNull="true" />
            <traceSymbolTable isNull="true" />
            <isExecutionContextTraced>false</isExecutionContextTraced>
            <saveExecutionContext>true</saveExecutionContext>
            <documentation isNull="true" />
            <isErrorHandlerEnabled>false</isErrorHandlerEnabled>
            <errorHandlerItemId isNull="true" />
            <guid>guid:d5b59e2cf13bea07:4e41f3cf:13530095222:-7fd4</guid>
            <versionId>d11a6779-e7a7-4542-b689-487bac6af3f9</versionId>
            <layoutData x="700" y="112">
                <errorLink>
                    <controlPoints />
                    <showEndState>false</showEndState>
                    <showName>false</showName>
                </errorLink>
            </layoutData>
            <TWComponent>
                <lastModified isNull="true" />
                <lastModifiedBy isNull="true" />
                <exitPointId>3008.7175a95e-95e3-4590-9431-45601dfa5c01</exitPointId>
                <haltProcess>false</haltProcess>
                <guid>guid:d5b59e2cf13bea07:4e41f3cf:13530095222:-7fd3</guid>
                <versionId>ee545482-b24b-4107-a183-9da0bb780826</versionId>
            </TWComponent>
        </item>
        <startingProcessItemId>2025.c7688313-cd02-40ca-9033-3761f42857a5</startingProcessItemId>
        <errorHandlerItemId isNull="true" />
        <layoutData noConversion="true">
            <errorLink>
                <controlPoints />
                <showEndState>false</showEndState>
                <showName>false</showName>
            </errorLink>
        </layoutData>
        <startPoint>
            <layoutData x="20" y="113">
                <errorLink>
                    <controlPoints />
                    <showEndState>false</showEndState>
                    <showName>false</showName>
                </errorLink>
            </layoutData>
        </startPoint>
        <startLink>
            <fromPort locationId="rightCenter" portType="1" />
            <toPort locationId="leftCenter" portType="2" />
            <layoutData>
                <controlPoints />
                <showEndState>false</showEndState>
                <showName>false</showName>
            </layoutData>
        </startLink>
        <link name="Untitled">
            <lastModified isNull="true" />
            <lastModifiedBy isNull="true" />
            <processLinkId>2027.d77a2e71-7908-441a-8079-0c966e855d25</processLinkId>
            <processId>1.1f60baf5-c9af-4be7-a3e3-89c49265d9ad</processId>
            <description isNull="true" />
            <fromProcessItemId>2025.b73d014d-706d-45b3-bf78-a8f1747be8d3</fromProcessItemId>
            <endStateId>Out</endStateId>
            <toProcessItemId>2025.85bd6347-419f-443b-b1cf-4fc71b0b0bae</toProcessItemId>
            <guid>7eb0f084-205b-407f-9d7f-abc8fed6b827</guid>
            <versionId>8d9b0ffd-0872-47a3-bb54-55569b06e896</versionId>
            <layoutData>
                <controlPoints />
                <showEndState>false</showEndState>
                <showName>false</showName>
            </layoutData>
            <fromItemPort locationId="rightCenter" portType="1" />
            <toItemPort locationId="leftCenter" portType="2" />
            <fromProcessItemId>2025.b73d014d-706d-45b3-bf78-a8f1747be8d3</fromProcessItemId>
            <toProcessItemId>2025.85bd6347-419f-443b-b1cf-4fc71b0b0bae</toProcessItemId>
        </link>
        <link name="Untitled">
            <lastModified isNull="true" />
            <lastModifiedBy isNull="true" />
            <processLinkId>2027.1130eb2e-6008-4355-bc4f-dd856f08ec09</processLinkId>
            <processId>1.1f60baf5-c9af-4be7-a3e3-89c49265d9ad</processId>
            <description isNull="true" />
            <fromProcessItemId>2025.c7688313-cd02-40ca-9033-3761f42857a5</fromProcessItemId>
            <endStateId>Out</endStateId>
            <toProcessItemId>2025.b73d014d-706d-45b3-bf78-a8f1747be8d3</toProcessItemId>
            <guid>b770384b-a58c-428a-9239-eeef3f0db70d</guid>
            <versionId>ccd430c5-3a0b-46cc-ac9f-83990bd4fffb</versionId>
            <layoutData>
                <controlPoints />
                <showEndState>false</showEndState>
                <showName>false</showName>
            </layoutData>
            <fromItemPort locationId="rightCenter" portType="1" />
            <toItemPort locationId="leftCenter" portType="2" />
            <fromProcessItemId>2025.c7688313-cd02-40ca-9033-3761f42857a5</fromProcessItemId>
            <toProcessItemId>2025.b73d014d-706d-45b3-bf78-a8f1747be8d3</toProcessItemId>
        </link>
        <link name="Untitled">
            <lastModified isNull="true" />
            <lastModifiedBy isNull="true" />
            <processLinkId>2027.8482c553-7784-449f-a81b-cb788d1666f6</processLinkId>
            <processId>1.1f60baf5-c9af-4be7-a3e3-89c49265d9ad</processId>
            <description isNull="true" />
            <fromProcessItemId>2025.85bd6347-419f-443b-b1cf-4fc71b0b0bae</fromProcessItemId>
            <endStateId>Out</endStateId>
            <toProcessItemId>2025.56fb5d30-bdab-4759-9889-7bdb78cc7971</toProcessItemId>
            <guid>guid:d5b59e2cf13bea07:4e41f3cf:13530095222:-7fca</guid>
            <versionId>e33f8002-2012-41ba-a2d6-7d8050319615</versionId>
            <layoutData>
                <controlPoints />
                <showEndState>false</showEndState>
                <showName>false</showName>
            </layoutData>
            <fromItemPort locationId="rightCenter" portType="1" />
            <toItemPort locationId="leftCenter" portType="2" />
            <fromProcessItemId>2025.85bd6347-419f-443b-b1cf-4fc71b0b0bae</fromProcessItemId>
            <toProcessItemId>2025.56fb5d30-bdab-4759-9889-7bdb78cc7971</toProcessItemId>
        </link>
    </process>
</teamworks>

