<?xml version="1.0" encoding="UTF-8"?>
<teamworks>
    <process id="1.20ba7863-b8fd-4d88-b614-c5a5c2e96e33" name="ECM Delete Document Service">
        <lastModified>1432656090240</lastModified>
        <lastModifiedBy>tw_admin</lastModifiedBy>
        <processId>1.20ba7863-b8fd-4d88-b614-c5a5c2e96e33</processId>
        <image isNull="true" />
        <tabGroup isNull="true" />
        <startingProcessItemId>2025.f029ce26-8540-4f9f-a43f-ba37d4d50190</startingProcessItemId>
        <isRootProcess>false</isRootProcess>
        <processType>2</processType>
        <isErrorHandlerEnabled>false</isErrorHandlerEnabled>
        <errorHandlerItemId isNull="true" />
        <isLoggingVariables>false</isLoggingVariables>
        <isTransactional>false</isTransactional>
        <processTimingLevel isNull="true" />
        <participantRef isNull="true" />
        <exposedType isNull="true" />
        <isTrackingEnabled>true</isTrackingEnabled>
        <xmlData isNull="true" />
        <cachingType>false</cachingType>
        <itemLabel isNull="true" />
        <cacheLength>43200</cacheLength>
        <mobileReady>false</mobileReady>
        <sboSyncEnabled>false</sboSyncEnabled>
        <externalId isNull="true" />
        <isSecured>false</isSecured>
        <description isNull="true" />
        <guid>757f2808-3cf5-471f-9712-4a07319552d9</guid>
        <versionId>a387d971-cc23-4d86-983c-5b74149646d3</versionId>
        <dependencySummary isNull="true" />
        <processParameter name="ECMError">
            <lastModified isNull="true" />
            <lastModifiedBy isNull="true" />
            <processParameterId>2055.1bf42417-f7ae-422f-b2c9-96de7c80cb8d</processParameterId>
            <processId>1.20ba7863-b8fd-4d88-b614-c5a5c2e96e33</processId>
            <parameterType>3</parameterType>
            <isArrayOf>false</isArrayOf>
            <classId>/12.bfb48b9b-8247-49fb-8f78-82b738b817a6</classId>
            <seq>1</seq>
            <hasDefault>false</hasDefault>
            <defaultValue>ECMError</defaultValue>
            <isLocked>false</isLocked>
            <description isNull="true" />
            <guid>6a4b2305-44aa-4697-b23d-7ea9745bb26e</guid>
            <versionId>100c944e-2d70-45a2-bb7f-a271edcb0843</versionId>
        </processParameter>
        <processParameter name="documentId">
            <lastModified isNull="true" />
            <lastModifiedBy isNull="true" />
            <processParameterId>2055.775e14de-fe84-43c3-98df-1fc01e36bc11</processParameterId>
            <processId>1.20ba7863-b8fd-4d88-b614-c5a5c2e96e33</processId>
            <parameterType>1</parameterType>
            <isArrayOf>false</isArrayOf>
            <classId>/12.3212d5b3-f692-41b3-a893-343dc5c3df01</classId>
            <seq>2</seq>
            <hasDefault>false</hasDefault>
            <defaultValue isNull="true" />
            <isLocked>false</isLocked>
            <description isNull="true" />
            <guid>8dcc62e3-9439-4f87-88f9-a741def01391</guid>
            <versionId>a11f53ff-cc51-4082-afc4-6d1b3097fdb0</versionId>
        </processParameter>
        <processParameter name="serverName">
            <lastModified isNull="true" />
            <lastModifiedBy isNull="true" />
            <processParameterId>2055.715d9804-4569-4adf-97f9-0d12c2e1f393</processParameterId>
            <processId>1.20ba7863-b8fd-4d88-b614-c5a5c2e96e33</processId>
            <parameterType>1</parameterType>
            <isArrayOf>false</isArrayOf>
            <classId>f1e96cc6-5fd9-4002-8b04-107d4ddae78a/12.db884a3c-c533-44b7-bb2d-47bec8ad4022</classId>
            <seq>3</seq>
            <hasDefault>false</hasDefault>
            <defaultValue isNull="true" />
            <isLocked>false</isLocked>
            <description isNull="true" />
            <guid>41f5d338-32a9-41e0-8b60-4fb7a306b956</guid>
            <versionId>2f91a525-4cfc-417b-b926-f7dfb7573943</versionId>
        </processParameter>
        <processParameter name="allVersions">
            <lastModified isNull="true" />
            <lastModifiedBy isNull="true" />
            <processParameterId>2055.d65ea787-8cb3-4acb-9c3b-24ca3094adee</processParameterId>
            <processId>1.20ba7863-b8fd-4d88-b614-c5a5c2e96e33</processId>
            <parameterType>1</parameterType>
            <isArrayOf>false</isArrayOf>
            <classId>f1e96cc6-5fd9-4002-8b04-107d4ddae78a/12.83ff975e-8dbc-42e5-b738-fa8bc08274a2</classId>
            <seq>4</seq>
            <hasDefault>false</hasDefault>
            <defaultValue isNull="true" />
            <isLocked>false</isLocked>
            <description isNull="true" />
            <guid>a30e440a-3325-4843-ba23-4b501a50ad1d</guid>
            <versionId>9e4d98c9-ea70-418d-84d1-89d513a2689b</versionId>
        </processParameter>
        <item>
            <lastModified isNull="true" />
            <lastModifiedBy isNull="true" />
            <processItemId>2025.809d7841-2dd2-4137-bcd3-80c9ead84819</processItemId>
            <processId>1.20ba7863-b8fd-4d88-b614-c5a5c2e96e33</processId>
            <name>End</name>
            <tWComponentName>ExitPoint</tWComponentName>
            <tWComponentId>3008.a9ac5c58-b0dc-495f-96da-24fc80252697</tWComponentId>
            <isLogEnabled>false</isLogEnabled>
            <isTraceEnabled>false</isTraceEnabled>
            <traceCategory isNull="true" />
            <traceLevel isNull="true" />
            <traceMessage isNull="true" />
            <traceSymbolTable isNull="true" />
            <isExecutionContextTraced>false</isExecutionContextTraced>
            <saveExecutionContext>true</saveExecutionContext>
            <documentation isNull="true" />
            <isErrorHandlerEnabled>false</isErrorHandlerEnabled>
            <errorHandlerItemId isNull="true" />
            <guid>guid:2030a99615f6af42:-62d9c767:14d90d36f20:-7f46</guid>
            <versionId>282bb181-3b48-4110-8f94-4c1a15faef28</versionId>
            <layoutData x="700" y="105">
                <errorLink>
                    <controlPoints />
                    <showEndState>false</showEndState>
                    <showName>false</showName>
                </errorLink>
            </layoutData>
            <TWComponent>
                <lastModified isNull="true" />
                <lastModifiedBy isNull="true" />
                <exitPointId>3008.a9ac5c58-b0dc-495f-96da-24fc80252697</exitPointId>
                <haltProcess>false</haltProcess>
                <guid>01366170-09e7-453a-b181-74af6f3127ea</guid>
                <versionId>b388619d-b146-4229-b2c7-78457578807d</versionId>
            </TWComponent>
        </item>
        <item>
            <lastModified isNull="true" />
            <lastModifiedBy isNull="true" />
            <processItemId>2025.f029ce26-8540-4f9f-a43f-ba37d4d50190</processItemId>
            <processId>1.20ba7863-b8fd-4d88-b614-c5a5c2e96e33</processId>
            <name>Delete document service</name>
            <tWComponentName>ECMConnector</tWComponentName>
            <tWComponentId>3030.52dbabf8-5336-4234-acd2-e5098de51c7a</tWComponentId>
            <isLogEnabled>false</isLogEnabled>
            <isTraceEnabled>false</isTraceEnabled>
            <traceCategory isNull="true" />
            <traceLevel isNull="true" />
            <traceMessage isNull="true" />
            <traceSymbolTable isNull="true" />
            <isExecutionContextTraced>false</isExecutionContextTraced>
            <saveExecutionContext>false</saveExecutionContext>
            <documentation isNull="true" />
            <isErrorHandlerEnabled>false</isErrorHandlerEnabled>
            <errorHandlerItemId isNull="true" />
            <guid>guid:2030a99615f6af42:-62d9c767:14d90d36f20:-7f47</guid>
            <versionId>f5627e65-5236-43cf-9429-da87f5fb3b23</versionId>
            <layoutData x="353" y="90">
                <errorLink>
                    <controlPoints />
                    <showEndState>false</showEndState>
                    <showName>false</showName>
                </errorLink>
            </layoutData>
            <TWComponent>
                <lastModified isNull="true" />
                <lastModifiedBy isNull="true" />
                <ecmConnectorId>3030.52dbabf8-5336-4234-acd2-e5098de51c7a</ecmConnectorId>
                <definition>&lt;config type="com.lombardisoftware.client.persistence.ECMConnectorConfiguration"&gt;&#xD;
  &lt;inputParameters&gt;&#xD;
    &lt;parameter&gt;&#xD;
      &lt;name&gt;documentId&lt;/name&gt;&#xD;
      &lt;type&gt;ECMID&lt;/type&gt;&#xD;
      &lt;description&gt;Document ID&lt;/description&gt;&#xD;
      &lt;defaultValue /&gt;&#xD;
      &lt;argumentVariable&gt;tw.local.documentId&lt;/argumentVariable&gt;&#xD;
      &lt;isArray&gt;&lt;/isArray&gt;&#xD;
      &lt;isList&gt;false&lt;/isList&gt;&#xD;
    &lt;/parameter&gt;&#xD;
    &lt;parameter&gt;&#xD;
      &lt;name&gt;allVersions&lt;/name&gt;&#xD;
      &lt;type&gt;Boolean&lt;/type&gt;&#xD;
      &lt;description&gt;All versions&lt;/description&gt;&#xD;
      &lt;defaultValue /&gt;&#xD;
      &lt;argumentVariable&gt;tw.local.allVersions&lt;/argumentVariable&gt;&#xD;
      &lt;isArray&gt;&lt;/isArray&gt;&#xD;
      &lt;isList&gt;false&lt;/isList&gt;&#xD;
    &lt;/parameter&gt;&#xD;
    &lt;parameter&gt;&#xD;
      &lt;name&gt;serverName&lt;/name&gt;&#xD;
      &lt;type&gt;String&lt;/type&gt;&#xD;
      &lt;description&gt;Server name&lt;/description&gt;&#xD;
      &lt;defaultValue /&gt;&#xD;
      &lt;argumentVariable&gt;tw.local.serverName&lt;/argumentVariable&gt;&#xD;
      &lt;isArray&gt;&lt;/isArray&gt;&#xD;
      &lt;isList&gt;false&lt;/isList&gt;&#xD;
    &lt;/parameter&gt;&#xD;
  &lt;/inputParameters&gt;&#xD;
  &lt;outputParameters /&gt;&#xD;
  &lt;matchAllSearchCriteria&gt;true&lt;/matchAllSearchCriteria&gt;&#xD;
  &lt;orderOverride&gt;false&lt;/orderOverride&gt;&#xD;
  &lt;orderOverrideValue&gt;&lt;/orderOverrideValue&gt;&#xD;
  &lt;operationType&gt;DOC_OP_DELETE_DOCUMENT&lt;/operationType&gt;&#xD;
  &lt;server&gt;useMappingServer&lt;/server&gt;&#xD;
  &lt;objectTypeSelection&gt;DOCUMENT&lt;/objectTypeSelection&gt;&#xD;
  &lt;useMappedVariable&gt;false&lt;/useMappedVariable&gt;&#xD;
  &lt;faultParameterId&gt;2055.fa12ddf4-b8d8-4150-9d00-0ca034b8c211&lt;/faultParameterId&gt;&#xD;
&lt;/config&gt;</definition>
                <guid>cb60e797-f859-436b-bdea-832fc3e76be8</guid>
                <versionId>2fd99368-f631-4346-8b7f-fcae7d0934e7</versionId>
            </TWComponent>
        </item>
        <startingProcessItemId>2025.f029ce26-8540-4f9f-a43f-ba37d4d50190</startingProcessItemId>
        <errorHandlerItemId isNull="true" />
        <layoutData noConversion="true">
            <errorLink>
                <controlPoints />
                <showEndState>false</showEndState>
                <showName>false</showName>
            </errorLink>
        </layoutData>
        <startPoint>
            <layoutData x="20" y="105">
                <errorLink>
                    <controlPoints />
                    <showEndState>false</showEndState>
                    <showName>false</showName>
                </errorLink>
            </layoutData>
        </startPoint>
        <startLink>
            <fromPort locationId="rightCenter" portType="1" />
            <toPort locationId="leftCenter" portType="2" />
            <layoutData>
                <controlPoints />
                <showEndState>false</showEndState>
                <showName>false</showName>
            </layoutData>
        </startLink>
        <link name="Untitled">
            <lastModified isNull="true" />
            <lastModifiedBy isNull="true" />
            <processLinkId>2027.af981d77-db79-4dc8-bd1e-45b90a9c4bd7</processLinkId>
            <processId>1.20ba7863-b8fd-4d88-b614-c5a5c2e96e33</processId>
            <description isNull="true" />
            <fromProcessItemId>2025.f029ce26-8540-4f9f-a43f-ba37d4d50190</fromProcessItemId>
            <endStateId>Out</endStateId>
            <toProcessItemId>2025.809d7841-2dd2-4137-bcd3-80c9ead84819</toProcessItemId>
            <guid>f9fd67b4-b3b4-4760-9317-31c1a7d6ea23</guid>
            <versionId>88f64c66-a7e5-4e38-b44f-1a995253084d</versionId>
            <layoutData>
                <controlPoints />
                <showEndState>false</showEndState>
                <showName>false</showName>
            </layoutData>
            <fromItemPort locationId="rightCenter" portType="1" />
            <toItemPort locationId="leftCenter" portType="2" />
            <fromProcessItemId>2025.f029ce26-8540-4f9f-a43f-ba37d4d50190</fromProcessItemId>
            <toProcessItemId>2025.809d7841-2dd2-4137-bcd3-80c9ead84819</toProcessItemId>
        </link>
    </process>
</teamworks>

