<?xml version="1.0" encoding="UTF-8"?>
<teamworks>
    <process id="1.30f6d4af-445a-42f0-a661-0faf98d0acf1" name="ECM Remove Document Service">
        <lastModified>1435851096009</lastModified>
        <lastModifiedBy>tw_admin</lastModifiedBy>
        <processId>1.30f6d4af-445a-42f0-a661-0faf98d0acf1</processId>
        <image isNull="true" />
        <tabGroup isNull="true" />
        <startingProcessItemId>2025.9dba2fe6-0eea-4c3e-81db-bb6daa2ef87f</startingProcessItemId>
        <isRootProcess>false</isRootProcess>
        <processType>2</processType>
        <isErrorHandlerEnabled>false</isErrorHandlerEnabled>
        <errorHandlerItemId isNull="true" />
        <isLoggingVariables>false</isLoggingVariables>
        <isTransactional>false</isTransactional>
        <processTimingLevel isNull="true" />
        <participantRef isNull="true" />
        <exposedType isNull="true" />
        <isTrackingEnabled>true</isTrackingEnabled>
        <xmlData isNull="true" />
        <cachingType>false</cachingType>
        <itemLabel isNull="true" />
        <cacheLength>43200</cacheLength>
        <mobileReady>false</mobileReady>
        <sboSyncEnabled>false</sboSyncEnabled>
        <externalId isNull="true" />
        <isSecured>false</isSecured>
        <description isNull="true" />
        <guid>guid:4543b9518a0e4592:-310b67e3:142916482da:-7ffb</guid>
        <versionId>db4679b7-403e-4f36-abf2-15a21f6a3caf</versionId>
        <dependencySummary isNull="true" />
        <processParameter name="documentId">
            <lastModified isNull="true" />
            <lastModifiedBy isNull="true" />
            <processParameterId>2055.c675a3dc-f836-4493-ae6e-26fc26df0a63</processParameterId>
            <processId>1.30f6d4af-445a-42f0-a661-0faf98d0acf1</processId>
            <parameterType>1</parameterType>
            <isArrayOf>false</isArrayOf>
            <classId>/12.3212d5b3-f692-41b3-a893-343dc5c3df01</classId>
            <seq>2</seq>
            <hasDefault>false</hasDefault>
            <defaultValue isNull="true" />
            <isLocked>false</isLocked>
            <description isNull="true" />
            <guid>9130ca82-65a2-4416-8740-33923d3eb6eb</guid>
            <versionId>cba9e730-f376-4701-95e1-a65ba4c67cb5</versionId>
        </processParameter>
        <processParameter name="folderId">
            <lastModified isNull="true" />
            <lastModifiedBy isNull="true" />
            <processParameterId>2055.29b72198-4075-48a3-93fa-6d3f7396ff8d</processParameterId>
            <processId>1.30f6d4af-445a-42f0-a661-0faf98d0acf1</processId>
            <parameterType>1</parameterType>
            <isArrayOf>false</isArrayOf>
            <classId>/12.3212d5b3-f692-41b3-a893-343dc5c3df01</classId>
            <seq>3</seq>
            <hasDefault>false</hasDefault>
            <defaultValue isNull="true" />
            <isLocked>false</isLocked>
            <description isNull="true" />
            <guid>e6fd2cd5-109e-4e37-a54c-1e6bfec885fd</guid>
            <versionId>525a53c4-052d-4ecb-8d8f-c4f04e52a8ca</versionId>
        </processParameter>
        <processParameter name="serverName">
            <lastModified isNull="true" />
            <lastModifiedBy isNull="true" />
            <processParameterId>2055.dba9b9c2-e798-465c-967a-de6b68627e82</processParameterId>
            <processId>1.30f6d4af-445a-42f0-a661-0faf98d0acf1</processId>
            <parameterType>1</parameterType>
            <isArrayOf>false</isArrayOf>
            <classId>f1e96cc6-5fd9-4002-8b04-107d4ddae78a/12.db884a3c-c533-44b7-bb2d-47bec8ad4022</classId>
            <seq>4</seq>
            <hasDefault>false</hasDefault>
            <defaultValue isNull="true" />
            <isLocked>false</isLocked>
            <description isNull="true" />
            <guid>53ae9036-2ff7-4b18-90d8-9d710ff5c626</guid>
            <versionId>656c8ba7-913b-4886-8c31-233e0aa50c67</versionId>
        </processParameter>
        <processParameter name="ECMError">
            <lastModified isNull="true" />
            <lastModifiedBy isNull="true" />
            <processParameterId>2055.8858d68a-fc52-4273-98cb-133214cdc349</processParameterId>
            <processId>1.30f6d4af-445a-42f0-a661-0faf98d0acf1</processId>
            <parameterType>3</parameterType>
            <isArrayOf>false</isArrayOf>
            <classId>/12.bfb48b9b-8247-49fb-8f78-82b738b817a6</classId>
            <seq>5</seq>
            <hasDefault>false</hasDefault>
            <defaultValue>ECMError</defaultValue>
            <isLocked>false</isLocked>
            <description isNull="true" />
            <guid>d76341f5-f8d8-4cc9-bbf5-2b4669f7e6b4</guid>
            <versionId>8c35bbf9-0979-4e93-b408-a4e6c6f92c20</versionId>
        </processParameter>
        <processParameter name="referenceServerName">
            <lastModified isNull="true" />
            <lastModifiedBy isNull="true" />
            <processParameterId>2055.63f4f2e2-4de3-4d44-9a5a-5710db231c9a</processParameterId>
            <processId>1.30f6d4af-445a-42f0-a661-0faf98d0acf1</processId>
            <parameterType>1</parameterType>
            <isArrayOf>false</isArrayOf>
            <classId>f1e96cc6-5fd9-4002-8b04-107d4ddae78a/12.db884a3c-c533-44b7-bb2d-47bec8ad4022</classId>
            <seq>6</seq>
            <hasDefault>false</hasDefault>
            <defaultValue isNull="true" />
            <isLocked>false</isLocked>
            <description isNull="true" />
            <guid>56aa193e-2b42-43eb-917f-8bc4baa6a1c2</guid>
            <versionId>2dcc5161-9a49-42b7-9fb9-8f770cf30a3d</versionId>
        </processParameter>
        <item>
            <lastModified isNull="true" />
            <lastModifiedBy isNull="true" />
            <processItemId>2025.9dba2fe6-0eea-4c3e-81db-bb6daa2ef87f</processItemId>
            <processId>1.30f6d4af-445a-42f0-a661-0faf98d0acf1</processId>
            <name>Remove Document</name>
            <tWComponentName>ECMConnector</tWComponentName>
            <tWComponentId>3030.e44bb7ba-5201-48b5-bec5-2d6806b3d5b5</tWComponentId>
            <isLogEnabled>false</isLogEnabled>
            <isTraceEnabled>false</isTraceEnabled>
            <traceCategory isNull="true" />
            <traceLevel isNull="true" />
            <traceMessage isNull="true" />
            <traceSymbolTable isNull="true" />
            <isExecutionContextTraced>false</isExecutionContextTraced>
            <saveExecutionContext>false</saveExecutionContext>
            <documentation isNull="true" />
            <isErrorHandlerEnabled>false</isErrorHandlerEnabled>
            <errorHandlerItemId isNull="true" />
            <guid>cb7fc759-20d4-4160-9d7d-507fdbcc6236</guid>
            <versionId>1debabfc-a467-4490-9b09-dba7a6a67258</versionId>
            <layoutData x="341" y="85">
                <errorLink>
                    <controlPoints />
                    <showEndState>false</showEndState>
                    <showName>false</showName>
                </errorLink>
            </layoutData>
            <TWComponent>
                <lastModified isNull="true" />
                <lastModifiedBy isNull="true" />
                <ecmConnectorId>3030.e44bb7ba-5201-48b5-bec5-2d6806b3d5b5</ecmConnectorId>
                <definition>&lt;config type="com.lombardisoftware.client.persistence.ECMConnectorConfiguration"&gt;&#xD;
  &lt;inputParameters&gt;&#xD;
    &lt;parameter&gt;&#xD;
      &lt;name&gt;documentId&lt;/name&gt;&#xD;
      &lt;type&gt;ECMID&lt;/type&gt;&#xD;
      &lt;description&gt;Document ID&lt;/description&gt;&#xD;
      &lt;defaultValue /&gt;&#xD;
      &lt;argumentVariable&gt;tw.local.documentId&lt;/argumentVariable&gt;&#xD;
      &lt;isArray&gt;&lt;/isArray&gt;&#xD;
      &lt;isList&gt;false&lt;/isList&gt;&#xD;
    &lt;/parameter&gt;&#xD;
    &lt;parameter&gt;&#xD;
      &lt;name&gt;parentFolderId&lt;/name&gt;&#xD;
      &lt;type&gt;ECMID&lt;/type&gt;&#xD;
      &lt;description&gt;Parent folder ID&lt;/description&gt;&#xD;
      &lt;defaultValue /&gt;&#xD;
      &lt;argumentVariable&gt;tw.local.folderId&lt;/argumentVariable&gt;&#xD;
      &lt;isArray&gt;&lt;/isArray&gt;&#xD;
      &lt;isList&gt;false&lt;/isList&gt;&#xD;
    &lt;/parameter&gt;&#xD;
    &lt;parameter&gt;&#xD;
      &lt;name&gt;documentServerName&lt;/name&gt;&#xD;
      &lt;type&gt;String&lt;/type&gt;&#xD;
      &lt;description&gt;Document server name&lt;/description&gt;&#xD;
      &lt;defaultValue /&gt;&#xD;
      &lt;argumentVariable&gt;tw.local.referenceServerName&lt;/argumentVariable&gt;&#xD;
      &lt;isArray&gt;&lt;/isArray&gt;&#xD;
      &lt;isList&gt;false&lt;/isList&gt;&#xD;
    &lt;/parameter&gt;&#xD;
    &lt;parameter&gt;&#xD;
      &lt;name&gt;serverName&lt;/name&gt;&#xD;
      &lt;type&gt;String&lt;/type&gt;&#xD;
      &lt;description&gt;Server name&lt;/description&gt;&#xD;
      &lt;defaultValue /&gt;&#xD;
      &lt;argumentVariable&gt;tw.local.serverName&lt;/argumentVariable&gt;&#xD;
      &lt;isArray&gt;&lt;/isArray&gt;&#xD;
      &lt;isList&gt;false&lt;/isList&gt;&#xD;
    &lt;/parameter&gt;&#xD;
  &lt;/inputParameters&gt;&#xD;
  &lt;outputParameters /&gt;&#xD;
  &lt;matchAllSearchCriteria&gt;true&lt;/matchAllSearchCriteria&gt;&#xD;
  &lt;searchParameters /&gt;&#xD;
  &lt;selectParameters /&gt;&#xD;
  &lt;orderOverride&gt;false&lt;/orderOverride&gt;&#xD;
  &lt;orderOverrideValue&gt;&lt;/orderOverrideValue&gt;&#xD;
  &lt;operationType&gt;DOC_OP_REMOVE_DOCUMENT_FROM_FOLDER&lt;/operationType&gt;&#xD;
  &lt;server&gt;useMappingServer&lt;/server&gt;&#xD;
  &lt;objectTypeSelection&gt;DOCUMENT&lt;/objectTypeSelection&gt;&#xD;
  &lt;useMappedVariable&gt;false&lt;/useMappedVariable&gt;&#xD;
  &lt;faultParameterId&gt;2055.8858d68a-fc52-4273-98cb-133214cdc349&lt;/faultParameterId&gt;&#xD;
&lt;/config&gt;</definition>
                <guid>7cbc9543-1991-4022-bd58-4c1e6deb8f2f</guid>
                <versionId>64269df3-d315-4678-a9d2-6e4775b9ce72</versionId>
            </TWComponent>
        </item>
        <item>
            <lastModified isNull="true" />
            <lastModifiedBy isNull="true" />
            <processItemId>2025.449b73d8-4faf-4840-be87-c5e7b0f30e6f</processItemId>
            <processId>1.30f6d4af-445a-42f0-a661-0faf98d0acf1</processId>
            <name>End</name>
            <tWComponentName>ExitPoint</tWComponentName>
            <tWComponentId>3008.0e1b5bf5-3493-4340-a160-50cdd54149e5</tWComponentId>
            <isLogEnabled>false</isLogEnabled>
            <isTraceEnabled>false</isTraceEnabled>
            <traceCategory isNull="true" />
            <traceLevel isNull="true" />
            <traceMessage isNull="true" />
            <traceSymbolTable isNull="true" />
            <isExecutionContextTraced>false</isExecutionContextTraced>
            <saveExecutionContext>true</saveExecutionContext>
            <documentation isNull="true" />
            <isErrorHandlerEnabled>false</isErrorHandlerEnabled>
            <errorHandlerItemId isNull="true" />
            <guid>guid:4543b9518a0e4592:-310b67e3:142916482da:-7ffa</guid>
            <versionId>75b7b6d2-aaa4-4277-880d-106a5ae94403</versionId>
            <layoutData x="700" y="100">
                <errorLink>
                    <controlPoints />
                    <showEndState>false</showEndState>
                    <showName>false</showName>
                </errorLink>
            </layoutData>
            <TWComponent>
                <lastModified isNull="true" />
                <lastModifiedBy isNull="true" />
                <exitPointId>3008.0e1b5bf5-3493-4340-a160-50cdd54149e5</exitPointId>
                <haltProcess>false</haltProcess>
                <guid>8b9c3a7f-e31d-4ac0-83aa-6163f648a5a2</guid>
                <versionId>c08ae58d-f4f7-429a-b314-9f57d888f3e1</versionId>
            </TWComponent>
        </item>
        <startingProcessItemId>2025.9dba2fe6-0eea-4c3e-81db-bb6daa2ef87f</startingProcessItemId>
        <errorHandlerItemId isNull="true" />
        <layoutData noConversion="true">
            <errorLink>
                <controlPoints />
                <showEndState>false</showEndState>
                <showName>false</showName>
            </errorLink>
        </layoutData>
        <startPoint>
            <layoutData x="20" y="100">
                <errorLink>
                    <controlPoints />
                    <showEndState>false</showEndState>
                    <showName>false</showName>
                </errorLink>
            </layoutData>
        </startPoint>
        <startLink>
            <fromPort locationId="rightCenter" portType="1" />
            <toPort locationId="leftCenter" portType="2" />
            <layoutData>
                <controlPoints />
                <showEndState>false</showEndState>
                <showName>false</showName>
            </layoutData>
        </startLink>
        <link name="Untitled">
            <lastModified isNull="true" />
            <lastModifiedBy isNull="true" />
            <processLinkId>2027.5303e706-1a89-4c0f-926f-4fd512d7709b</processLinkId>
            <processId>1.30f6d4af-445a-42f0-a661-0faf98d0acf1</processId>
            <description isNull="true" />
            <fromProcessItemId>2025.9dba2fe6-0eea-4c3e-81db-bb6daa2ef87f</fromProcessItemId>
            <endStateId>Out</endStateId>
            <toProcessItemId>2025.449b73d8-4faf-4840-be87-c5e7b0f30e6f</toProcessItemId>
            <guid>e12e4864-b481-4daf-b13e-41de956df876</guid>
            <versionId>b40b0c14-eea6-45b6-ac24-9d4b96cf9d2b</versionId>
            <layoutData>
                <controlPoints />
                <showEndState>false</showEndState>
                <showName>false</showName>
            </layoutData>
            <fromItemPort locationId="rightCenter" portType="1" />
            <toItemPort locationId="leftCenter" portType="2" />
            <fromProcessItemId>2025.9dba2fe6-0eea-4c3e-81db-bb6daa2ef87f</fromProcessItemId>
            <toProcessItemId>2025.449b73d8-4faf-4840-be87-c5e7b0f30e6f</toProcessItemId>
        </link>
    </process>
</teamworks>

