<?xml version="1.0" encoding="UTF-8"?>
<teamworks>
    <process id="1.405d3682-5fd5-49db-bf8e-8b6cd170b1e4" name="ECM Rename Folder Reference Service">
        <lastModified>1443190106424</lastModified>
        <lastModifiedBy>tw_admin</lastModifiedBy>
        <processId>1.405d3682-5fd5-49db-bf8e-8b6cd170b1e4</processId>
        <image isNull="true" />
        <tabGroup isNull="true" />
        <startingProcessItemId>2025.bc8bb132-6b0f-4808-b631-5169d0fcdb65</startingProcessItemId>
        <isRootProcess>false</isRootProcess>
        <processType>2</processType>
        <isErrorHandlerEnabled>false</isErrorHandlerEnabled>
        <errorHandlerItemId isNull="true" />
        <isLoggingVariables>false</isLoggingVariables>
        <isTransactional>false</isTransactional>
        <processTimingLevel isNull="true" />
        <participantRef isNull="true" />
        <exposedType isNull="true" />
        <isTrackingEnabled>true</isTrackingEnabled>
        <xmlData isNull="true" />
        <cachingType>false</cachingType>
        <itemLabel isNull="true" />
        <cacheLength>43200</cacheLength>
        <mobileReady>false</mobileReady>
        <sboSyncEnabled>false</sboSyncEnabled>
        <externalId isNull="true" />
        <isSecured>false</isSecured>
        <description isNull="true" />
        <guid>535cdca4-36d1-4420-b955-512989f1f9bb</guid>
        <versionId>bfb16960-afc7-4a76-899c-1a08e8ef5640</versionId>
        <dependencySummary isNull="true" />
        <processParameter name="parentFolderId">
            <lastModified isNull="true" />
            <lastModifiedBy isNull="true" />
            <processParameterId>2055.60f97495-ee32-4d1e-8a4c-1970764c7a38</processParameterId>
            <processId>1.405d3682-5fd5-49db-bf8e-8b6cd170b1e4</processId>
            <parameterType>1</parameterType>
            <isArrayOf>false</isArrayOf>
            <classId>/12.3212d5b3-f692-41b3-a893-343dc5c3df01</classId>
            <seq>2</seq>
            <hasDefault>false</hasDefault>
            <defaultValue isNull="true" />
            <isLocked>false</isLocked>
            <description isNull="true" />
            <guid>63500e78-2bd3-4832-b285-eb69e78d36c6</guid>
            <versionId>49c7765d-e6ab-4552-981d-accef74a5ee5</versionId>
        </processParameter>
        <processParameter name="folderId">
            <lastModified isNull="true" />
            <lastModifiedBy isNull="true" />
            <processParameterId>2055.5a030e37-7c5c-4e30-b6b7-1eafbf5a19e3</processParameterId>
            <processId>1.405d3682-5fd5-49db-bf8e-8b6cd170b1e4</processId>
            <parameterType>1</parameterType>
            <isArrayOf>false</isArrayOf>
            <classId>/12.3212d5b3-f692-41b3-a893-343dc5c3df01</classId>
            <seq>3</seq>
            <hasDefault>false</hasDefault>
            <defaultValue isNull="true" />
            <isLocked>false</isLocked>
            <description isNull="true" />
            <guid>ae728cb5-c454-4acc-aebe-0aa04e3f9ccb</guid>
            <versionId>dd08c97e-474b-4a68-b562-736fda569bb9</versionId>
        </processParameter>
        <processParameter name="serverName">
            <lastModified isNull="true" />
            <lastModifiedBy isNull="true" />
            <processParameterId>2055.494c43ba-3631-4e28-8325-5fe5058d5a8f</processParameterId>
            <processId>1.405d3682-5fd5-49db-bf8e-8b6cd170b1e4</processId>
            <parameterType>1</parameterType>
            <isArrayOf>false</isArrayOf>
            <classId>f1e96cc6-5fd9-4002-8b04-107d4ddae78a/12.db884a3c-c533-44b7-bb2d-47bec8ad4022</classId>
            <seq>4</seq>
            <hasDefault>false</hasDefault>
            <defaultValue isNull="true" />
            <isLocked>false</isLocked>
            <description isNull="true" />
            <guid>4cf252ae-81fc-4c56-a4a0-9595c4551da6</guid>
            <versionId>65e0325a-cb8b-444b-be24-7cdc8e0803b2</versionId>
        </processParameter>
        <processParameter name="ECMError">
            <lastModified isNull="true" />
            <lastModifiedBy isNull="true" />
            <processParameterId>2055.e2de7c5f-0c72-4491-a846-3ba96d3fe9e7</processParameterId>
            <processId>1.405d3682-5fd5-49db-bf8e-8b6cd170b1e4</processId>
            <parameterType>3</parameterType>
            <isArrayOf>false</isArrayOf>
            <classId>/12.bfb48b9b-8247-49fb-8f78-82b738b817a6</classId>
            <seq>5</seq>
            <hasDefault>false</hasDefault>
            <defaultValue>ECMError</defaultValue>
            <isLocked>false</isLocked>
            <description isNull="true" />
            <guid>4487aca8-c3bb-4cdf-a13b-52e5538b3a83</guid>
            <versionId>f6ececaa-bd98-4a95-8bd0-b1c939653eeb</versionId>
        </processParameter>
        <processParameter name="folderServerName">
            <lastModified isNull="true" />
            <lastModifiedBy isNull="true" />
            <processParameterId>2055.105874eb-76e7-4cef-9e6a-da5cfbf512e8</processParameterId>
            <processId>1.405d3682-5fd5-49db-bf8e-8b6cd170b1e4</processId>
            <parameterType>1</parameterType>
            <isArrayOf>false</isArrayOf>
            <classId>f1e96cc6-5fd9-4002-8b04-107d4ddae78a/12.db884a3c-c533-44b7-bb2d-47bec8ad4022</classId>
            <seq>7</seq>
            <hasDefault>false</hasDefault>
            <defaultValue isNull="true" />
            <isLocked>false</isLocked>
            <description isNull="true" />
            <guid>1256b0b5-868b-40ed-9422-bff22541e294</guid>
            <versionId>04b9d805-0df1-4e8a-bc6a-6a4e6382405a</versionId>
        </processParameter>
        <processParameter name="referenceName">
            <lastModified isNull="true" />
            <lastModifiedBy isNull="true" />
            <processParameterId>2055.3e1b12fe-92b1-4b61-9e34-bc894a612a41</processParameterId>
            <processId>1.405d3682-5fd5-49db-bf8e-8b6cd170b1e4</processId>
            <parameterType>1</parameterType>
            <isArrayOf>false</isArrayOf>
            <classId>f1e96cc6-5fd9-4002-8b04-107d4ddae78a/12.db884a3c-c533-44b7-bb2d-47bec8ad4022</classId>
            <seq>8</seq>
            <hasDefault>false</hasDefault>
            <defaultValue isNull="true" />
            <isLocked>false</isLocked>
            <description isNull="true" />
            <guid>31e71f7d-ae12-4c64-b9b1-9ddf64e5924f</guid>
            <versionId>153c54bb-0655-4fe4-874a-a8739864c60c</versionId>
        </processParameter>
        <item>
            <lastModified isNull="true" />
            <lastModifiedBy isNull="true" />
            <processItemId>2025.f0e75387-c087-4c6b-9cfe-c47303fcebfc</processItemId>
            <processId>1.405d3682-5fd5-49db-bf8e-8b6cd170b1e4</processId>
            <name>End</name>
            <tWComponentName>ExitPoint</tWComponentName>
            <tWComponentId>3008.aba9d3b5-b669-4995-9363-9f21016f80c1</tWComponentId>
            <isLogEnabled>false</isLogEnabled>
            <isTraceEnabled>false</isTraceEnabled>
            <traceCategory isNull="true" />
            <traceLevel isNull="true" />
            <traceMessage isNull="true" />
            <traceSymbolTable isNull="true" />
            <isExecutionContextTraced>false</isExecutionContextTraced>
            <saveExecutionContext>true</saveExecutionContext>
            <documentation isNull="true" />
            <isErrorHandlerEnabled>false</isErrorHandlerEnabled>
            <errorHandlerItemId isNull="true" />
            <guid>guid:e7af80e16b2ca0f8:3aca1f74:15004b26c36:-7f68</guid>
            <versionId>4b454a97-aed8-44b0-a58b-ebad0e608b06</versionId>
            <layoutData x="700" y="100">
                <errorLink>
                    <controlPoints />
                    <showEndState>false</showEndState>
                    <showName>false</showName>
                </errorLink>
            </layoutData>
            <TWComponent>
                <lastModified isNull="true" />
                <lastModifiedBy isNull="true" />
                <exitPointId>3008.aba9d3b5-b669-4995-9363-9f21016f80c1</exitPointId>
                <haltProcess>false</haltProcess>
                <guid>9132d972-2ae5-46ba-a854-d3d3e784c3b5</guid>
                <versionId>5d84a003-d671-45af-9e66-384586896385</versionId>
            </TWComponent>
        </item>
        <item>
            <lastModified isNull="true" />
            <lastModifiedBy isNull="true" />
            <processItemId>2025.bc8bb132-6b0f-4808-b631-5169d0fcdb65</processItemId>
            <processId>1.405d3682-5fd5-49db-bf8e-8b6cd170b1e4</processId>
            <name>Remove Folder Reference</name>
            <tWComponentName>ECMConnector</tWComponentName>
            <tWComponentId>3030.77638ea5-459c-490b-8b96-28b8b3e2adb7</tWComponentId>
            <isLogEnabled>false</isLogEnabled>
            <isTraceEnabled>false</isTraceEnabled>
            <traceCategory isNull="true" />
            <traceLevel isNull="true" />
            <traceMessage isNull="true" />
            <traceSymbolTable isNull="true" />
            <isExecutionContextTraced>false</isExecutionContextTraced>
            <saveExecutionContext>false</saveExecutionContext>
            <documentation isNull="true" />
            <isErrorHandlerEnabled>false</isErrorHandlerEnabled>
            <errorHandlerItemId isNull="true" />
            <guid>guid:e7af80e16b2ca0f8:3aca1f74:15004b26c36:-7f69</guid>
            <versionId>b97aec46-8e0a-45bb-ae02-1802edb0ae3c</versionId>
            <layoutData x="341" y="85">
                <errorLink>
                    <controlPoints />
                    <showEndState>false</showEndState>
                    <showName>false</showName>
                </errorLink>
            </layoutData>
            <TWComponent>
                <lastModified isNull="true" />
                <lastModifiedBy isNull="true" />
                <ecmConnectorId>3030.77638ea5-459c-490b-8b96-28b8b3e2adb7</ecmConnectorId>
                <definition>&lt;config type="com.lombardisoftware.client.persistence.ECMConnectorConfiguration"&gt;&#xD;
  &lt;inputParameters&gt;&#xD;
    &lt;parameter&gt;&#xD;
      &lt;name&gt;parentFolderId&lt;/name&gt;&#xD;
      &lt;type&gt;ECMID&lt;/type&gt;&#xD;
      &lt;description&gt;Parent folder ID&lt;/description&gt;&#xD;
      &lt;defaultValue /&gt;&#xD;
      &lt;argumentVariable&gt;tw.local.parentFolderId&lt;/argumentVariable&gt;&#xD;
      &lt;isArray&gt;&lt;/isArray&gt;&#xD;
      &lt;isList&gt;false&lt;/isList&gt;&#xD;
    &lt;/parameter&gt;&#xD;
    &lt;parameter&gt;&#xD;
      &lt;name&gt;folderId&lt;/name&gt;&#xD;
      &lt;type&gt;ECMID&lt;/type&gt;&#xD;
      &lt;description&gt;Folder ID&lt;/description&gt;&#xD;
      &lt;defaultValue /&gt;&#xD;
      &lt;argumentVariable&gt;tw.local.folderId&lt;/argumentVariable&gt;&#xD;
      &lt;isArray&gt;&lt;/isArray&gt;&#xD;
      &lt;isList&gt;false&lt;/isList&gt;&#xD;
    &lt;/parameter&gt;&#xD;
    &lt;parameter&gt;&#xD;
      &lt;name&gt;folderServerName&lt;/name&gt;&#xD;
      &lt;type&gt;String&lt;/type&gt;&#xD;
      &lt;description&gt;Folder server name&lt;/description&gt;&#xD;
      &lt;defaultValue /&gt;&#xD;
      &lt;argumentVariable&gt;tw.local.folderServerName&lt;/argumentVariable&gt;&#xD;
      &lt;isArray&gt;&lt;/isArray&gt;&#xD;
      &lt;isList&gt;false&lt;/isList&gt;&#xD;
    &lt;/parameter&gt;&#xD;
    &lt;parameter&gt;&#xD;
      &lt;name&gt;referenceName&lt;/name&gt;&#xD;
      &lt;type&gt;String&lt;/type&gt;&#xD;
      &lt;description&gt;Reference name&lt;/description&gt;&#xD;
      &lt;defaultValue /&gt;&#xD;
      &lt;argumentVariable&gt;tw.local.referenceName&lt;/argumentVariable&gt;&#xD;
      &lt;isArray&gt;&lt;/isArray&gt;&#xD;
      &lt;isList&gt;false&lt;/isList&gt;&#xD;
    &lt;/parameter&gt;&#xD;
    &lt;parameter&gt;&#xD;
      &lt;name&gt;serverName&lt;/name&gt;&#xD;
      &lt;type&gt;String&lt;/type&gt;&#xD;
      &lt;description&gt;Server name&lt;/description&gt;&#xD;
      &lt;defaultValue /&gt;&#xD;
      &lt;argumentVariable&gt;tw.local.serverName&lt;/argumentVariable&gt;&#xD;
      &lt;isArray&gt;&lt;/isArray&gt;&#xD;
      &lt;isList&gt;false&lt;/isList&gt;&#xD;
    &lt;/parameter&gt;&#xD;
  &lt;/inputParameters&gt;&#xD;
  &lt;outputParameters /&gt;&#xD;
  &lt;matchAllSearchCriteria&gt;true&lt;/matchAllSearchCriteria&gt;&#xD;
  &lt;searchParameters /&gt;&#xD;
  &lt;selectParameters /&gt;&#xD;
  &lt;orderOverride&gt;false&lt;/orderOverride&gt;&#xD;
  &lt;orderOverrideValue&gt;&lt;/orderOverrideValue&gt;&#xD;
  &lt;operationType&gt;FOLDER_OP_RENAME_REFERENCE&lt;/operationType&gt;&#xD;
  &lt;server&gt;useMappingServer&lt;/server&gt;&#xD;
  &lt;objectTypeSelection&gt;DOCUMENT&lt;/objectTypeSelection&gt;&#xD;
  &lt;useMappedVariable&gt;false&lt;/useMappedVariable&gt;&#xD;
  &lt;faultParameterId&gt;2055.8858d68a-fc52-4273-98cb-133214cdc349&lt;/faultParameterId&gt;&#xD;
&lt;/config&gt;</definition>
                <guid>557cae42-3656-4951-937f-46e626ff41e9</guid>
                <versionId>132f7f55-41c2-4f30-bbc7-21117291ad96</versionId>
            </TWComponent>
        </item>
        <startingProcessItemId>2025.bc8bb132-6b0f-4808-b631-5169d0fcdb65</startingProcessItemId>
        <errorHandlerItemId isNull="true" />
        <layoutData noConversion="true">
            <errorLink>
                <controlPoints />
                <showEndState>false</showEndState>
                <showName>false</showName>
            </errorLink>
        </layoutData>
        <startPoint>
            <layoutData x="20" y="100">
                <errorLink>
                    <controlPoints />
                    <showEndState>false</showEndState>
                    <showName>false</showName>
                </errorLink>
            </layoutData>
        </startPoint>
        <startLink>
            <fromPort locationId="rightCenter" portType="1" />
            <toPort locationId="leftCenter" portType="2" />
            <layoutData>
                <controlPoints />
                <showEndState>false</showEndState>
                <showName>false</showName>
            </layoutData>
        </startLink>
        <link name="Untitled">
            <lastModified isNull="true" />
            <lastModifiedBy isNull="true" />
            <processLinkId>2027.c66283fb-add9-4e23-8b67-4d650b00e3c5</processLinkId>
            <processId>1.405d3682-5fd5-49db-bf8e-8b6cd170b1e4</processId>
            <description isNull="true" />
            <fromProcessItemId>2025.bc8bb132-6b0f-4808-b631-5169d0fcdb65</fromProcessItemId>
            <endStateId>Out</endStateId>
            <toProcessItemId>2025.f0e75387-c087-4c6b-9cfe-c47303fcebfc</toProcessItemId>
            <guid>9a9e2550-e946-4168-8408-ae9e65d2aacf</guid>
            <versionId>3fef9932-be85-4d00-bb26-49bacb91fe1d</versionId>
            <layoutData>
                <controlPoints />
                <showEndState>false</showEndState>
                <showName>false</showName>
            </layoutData>
            <fromItemPort locationId="rightCenter" portType="1" />
            <toItemPort locationId="leftCenter" portType="2" />
            <fromProcessItemId>2025.bc8bb132-6b0f-4808-b631-5169d0fcdb65</fromProcessItemId>
            <toProcessItemId>2025.f0e75387-c087-4c6b-9cfe-c47303fcebfc</toProcessItemId>
        </link>
    </process>
</teamworks>

