<?xml version="1.0" encoding="UTF-8"?>
<teamworks>
    <process id="1.458aa3a5-2d40-4629-b146-75cb8dcf6569" name="Default ECM Search Service">
        <lastModified>1413543291251</lastModified>
        <lastModifiedBy>tw_admin</lastModifiedBy>
        <processId>1.458aa3a5-2d40-4629-b146-75cb8dcf6569</processId>
        <image isNull="true" />
        <tabGroup isNull="true" />
        <startingProcessItemId>2025.811fe80a-6ec7-4c8a-8dc0-280b9ad74183</startingProcessItemId>
        <isRootProcess>false</isRootProcess>
        <processType>2</processType>
        <isErrorHandlerEnabled>false</isErrorHandlerEnabled>
        <errorHandlerItemId isNull="true" />
        <isLoggingVariables>false</isLoggingVariables>
        <isTransactional>false</isTransactional>
        <processTimingLevel isNull="true" />
        <participantRef isNull="true" />
        <exposedType isNull="true" />
        <isTrackingEnabled>true</isTrackingEnabled>
        <xmlData isNull="true" />
        <cachingType>false</cachingType>
        <itemLabel isNull="true" />
        <cacheLength>43200</cacheLength>
        <mobileReady>false</mobileReady>
        <sboSyncEnabled>false</sboSyncEnabled>
        <externalId isNull="true" />
        <isSecured>false</isSecured>
        <description isNull="true" />
        <guid>guid:d5b59e2cf13bea07:4e41f3cf:13530095222:-7fec</guid>
        <versionId>60cfe62d-4be2-474e-bfe7-fe44c4ceece1</versionId>
        <dependencySummary isNull="true" />
        <processParameter name="maxItems">
            <lastModified isNull="true" />
            <lastModifiedBy isNull="true" />
            <processParameterId>2055.6bf75051-65b9-471a-85b9-c45ee6670b98</processParameterId>
            <processId>1.458aa3a5-2d40-4629-b146-75cb8dcf6569</processId>
            <parameterType>1</parameterType>
            <isArrayOf>false</isArrayOf>
            <classId>f1e96cc6-5fd9-4002-8b04-107d4ddae78a/12.3fa0d7a0-828a-4d60-99cc-db5ed143fc2d</classId>
            <seq>1</seq>
            <hasDefault>false</hasDefault>
            <defaultValue isNull="true" />
            <isLocked>false</isLocked>
            <description isNull="true" />
            <guid>guid:d5b59e2cf13bea07:4e41f3cf:13530095222:-7fe8</guid>
            <versionId>cc752cfb-4fae-44b9-ad35-8ecb34610c4f</versionId>
        </processParameter>
        <processParameter name="skipCount">
            <lastModified isNull="true" />
            <lastModifiedBy isNull="true" />
            <processParameterId>2055.bf479ed2-79aa-44e8-846c-2702b2e5d97f</processParameterId>
            <processId>1.458aa3a5-2d40-4629-b146-75cb8dcf6569</processId>
            <parameterType>1</parameterType>
            <isArrayOf>false</isArrayOf>
            <classId>f1e96cc6-5fd9-4002-8b04-107d4ddae78a/12.3fa0d7a0-828a-4d60-99cc-db5ed143fc2d</classId>
            <seq>2</seq>
            <hasDefault>false</hasDefault>
            <defaultValue isNull="true" />
            <isLocked>false</isLocked>
            <description isNull="true" />
            <guid>guid:d5b59e2cf13bea07:4e41f3cf:13530095222:-7fe7</guid>
            <versionId>74a50542-50cb-48c6-bf20-37fcd79720bc</versionId>
        </processParameter>
        <processParameter name="searchResult">
            <lastModified isNull="true" />
            <lastModifiedBy isNull="true" />
            <processParameterId>2055.80fa16f5-2436-451f-93d6-d73e5e6f89fc</processParameterId>
            <processId>1.458aa3a5-2d40-4629-b146-75cb8dcf6569</processId>
            <parameterType>2</parameterType>
            <isArrayOf>false</isArrayOf>
            <classId>/12.03cab43d-a714-41c5-b8d5-768bde4bc6a4</classId>
            <seq>3</seq>
            <hasDefault>false</hasDefault>
            <defaultValue isNull="true" />
            <isLocked>false</isLocked>
            <description isNull="true" />
            <guid>guid:d5b59e2cf13bea07:4e41f3cf:13530095222:-7fe5</guid>
            <versionId>0a1f76c2-c416-4a56-b327-5115f7ec8f15</versionId>
        </processParameter>
        <processParameter name="searchAllVersions">
            <lastModified isNull="true" />
            <lastModifiedBy isNull="true" />
            <processParameterId>2055.a3896383-0eb5-4074-9c42-ea2b674b7fcc</processParameterId>
            <processId>1.458aa3a5-2d40-4629-b146-75cb8dcf6569</processId>
            <parameterType>1</parameterType>
            <isArrayOf>false</isArrayOf>
            <classId>f1e96cc6-5fd9-4002-8b04-107d4ddae78a/12.83ff975e-8dbc-42e5-b738-fa8bc08274a2</classId>
            <seq>4</seq>
            <hasDefault>false</hasDefault>
            <defaultValue isNull="true" />
            <isLocked>false</isLocked>
            <description isNull="true" />
            <guid>guid:d5b59e2cf13bea07:-229c7fc6:1355ae138da:-7ffc</guid>
            <versionId>73c6be4a-203b-4a0f-882c-82644ff42d35</versionId>
        </processParameter>
        <processParameter name="cmisQuery">
            <lastModified isNull="true" />
            <lastModifiedBy isNull="true" />
            <processParameterId>2055.973f1db2-ddb8-4f4b-bca3-485bb322b5f9</processParameterId>
            <processId>1.458aa3a5-2d40-4629-b146-75cb8dcf6569</processId>
            <parameterType>1</parameterType>
            <isArrayOf>false</isArrayOf>
            <classId>f1e96cc6-5fd9-4002-8b04-107d4ddae78a/12.db884a3c-c533-44b7-bb2d-47bec8ad4022</classId>
            <seq>5</seq>
            <hasDefault>false</hasDefault>
            <defaultValue isNull="true" />
            <isLocked>false</isLocked>
            <description isNull="true" />
            <guid>guid:66493e57dd5fc875:-1ab1942e:1363b5be9be:-7ff8</guid>
            <versionId>dc1f656f-455a-4a05-8e98-c8cecf3ff52f</versionId>
        </processParameter>
        <processParameter name="ECMError">
            <lastModified isNull="true" />
            <lastModifiedBy isNull="true" />
            <processParameterId>2055.d3a9a150-55d6-4f24-9596-eed0294638f3</processParameterId>
            <processId>1.458aa3a5-2d40-4629-b146-75cb8dcf6569</processId>
            <parameterType>3</parameterType>
            <isArrayOf>false</isArrayOf>
            <classId>/12.bfb48b9b-8247-49fb-8f78-82b738b817a6</classId>
            <seq>6</seq>
            <hasDefault>false</hasDefault>
            <defaultValue>ECMError</defaultValue>
            <isLocked>false</isLocked>
            <description isNull="true" />
            <guid>guid:8addc4e8dc818346:4e4d3e94:13a1e097e1f:-7fcf</guid>
            <versionId>e640d3d6-bd41-4dd8-bf38-55e6cd6c7ffd</versionId>
        </processParameter>
        <processParameter name="useBPMDocuments">
            <lastModified isNull="true" />
            <lastModifiedBy isNull="true" />
            <processParameterId>2055.f3c1ca04-e65e-4986-a2aa-fb3f28e54f91</processParameterId>
            <processId>1.458aa3a5-2d40-4629-b146-75cb8dcf6569</processId>
            <parameterType>1</parameterType>
            <isArrayOf>false</isArrayOf>
            <classId>f1e96cc6-5fd9-4002-8b04-107d4ddae78a/12.db884a3c-c533-44b7-bb2d-47bec8ad4022</classId>
            <seq>7</seq>
            <hasDefault>false</hasDefault>
            <defaultValue isNull="true" />
            <isLocked>false</isLocked>
            <description isNull="true" />
            <guid>guid:8addc4e8dc818346:4e4d3e94:13a1e097e1f:-7fce</guid>
            <versionId>ec58c3f3-ddcb-4bd7-be33-707880c7d5bc</versionId>
        </processParameter>
        <item>
            <lastModified isNull="true" />
            <lastModifiedBy isNull="true" />
            <processItemId>2025.29b9eb03-21a9-4aff-9a3d-370b12ffcdc7</processItemId>
            <processId>1.458aa3a5-2d40-4629-b146-75cb8dcf6569</processId>
            <name>End</name>
            <tWComponentName>ExitPoint</tWComponentName>
            <tWComponentId>3008.89690b08-8eff-4ff3-a83f-bfa3a0f5e986</tWComponentId>
            <isLogEnabled>false</isLogEnabled>
            <isTraceEnabled>false</isTraceEnabled>
            <traceCategory isNull="true" />
            <traceLevel isNull="true" />
            <traceMessage isNull="true" />
            <traceSymbolTable isNull="true" />
            <isExecutionContextTraced>false</isExecutionContextTraced>
            <saveExecutionContext>true</saveExecutionContext>
            <documentation isNull="true" />
            <isErrorHandlerEnabled>false</isErrorHandlerEnabled>
            <errorHandlerItemId isNull="true" />
            <guid>guid:d5b59e2cf13bea07:4e41f3cf:13530095222:-7fea</guid>
            <versionId>301e1c8f-af7d-4a64-8421-84047a9d8d87</versionId>
            <layoutData x="670" y="171">
                <errorLink>
                    <controlPoints />
                    <showEndState>false</showEndState>
                    <showName>false</showName>
                </errorLink>
            </layoutData>
            <TWComponent>
                <lastModified isNull="true" />
                <lastModifiedBy isNull="true" />
                <exitPointId>3008.89690b08-8eff-4ff3-a83f-bfa3a0f5e986</exitPointId>
                <haltProcess>false</haltProcess>
                <guid>guid:d5b59e2cf13bea07:4e41f3cf:13530095222:-7fe9</guid>
                <versionId>6de4f812-85c8-4dbd-b7f8-239cf015432f</versionId>
            </TWComponent>
        </item>
        <item>
            <lastModified isNull="true" />
            <lastModifiedBy isNull="true" />
            <processItemId>2025.1ef96bba-8654-4f9a-9119-620a919384b7</processItemId>
            <processId>1.458aa3a5-2d40-4629-b146-75cb8dcf6569</processId>
            <name>Convert User IDs to User Names</name>
            <tWComponentName>Script</tWComponentName>
            <tWComponentId>3011.dac42a37-9122-4a6b-ae72-4980221e9bfe</tWComponentId>
            <isLogEnabled>false</isLogEnabled>
            <isTraceEnabled>false</isTraceEnabled>
            <traceCategory isNull="true" />
            <traceLevel isNull="true" />
            <traceMessage isNull="true" />
            <traceSymbolTable isNull="true" />
            <isExecutionContextTraced>false</isExecutionContextTraced>
            <saveExecutionContext>false</saveExecutionContext>
            <documentation isNull="true" />
            <isErrorHandlerEnabled>false</isErrorHandlerEnabled>
            <errorHandlerItemId isNull="true" />
            <guid>guid:796edcd30aba56a2:-6302de80:1425843b111:-7ffc</guid>
            <versionId>45897bdc-fc81-4065-8a92-0120f0c2c2c1</versionId>
            <layoutData x="568" y="46">
                <errorLink>
                    <controlPoints />
                    <showEndState>false</showEndState>
                    <showName>false</showName>
                </errorLink>
            </layoutData>
            <TWComponent>
                <lastModified isNull="true" />
                <lastModifiedBy isNull="true" />
                <scriptId>3011.dac42a37-9122-4a6b-ae72-4980221e9bfe</scriptId>
                <scriptTypeId>2</scriptTypeId>
                <isActive>true</isActive>
                <script>/*
 This server script converts user IDs to user names in the searchResult for
 enhanced readability in the Document List coach view 'Modified by' column
*/

if (tw.local.searchResult.numItems &gt; 0) {
    var columnMetadata = tw.local.searchResult.propertyMetadata;
    var idColumnIndex = -1;
    
    //Determine the index of the column which contains the user IDs
	for (var i = 0; i &lt; columnMetadata.length; i++) {
		if (columnMetadata[i].queryName == 'IBM_BPM_Document_UserId') {
			idColumnIndex = i;
			break;
		}
	}
	
	if (idColumnIndex &gt; -1) {
    	var resultSet = tw.local.searchResult.resultSet;
    	var userIdMap = new tw.object.Map();
    	
    	//For every result row resolve the user name from the user ID and
    	//update the entry in the corresponding searchResult row
    	for (var i = 0; i &lt; resultSet.row.length; i++) {
    	    var userId = resultSet.row[i].column[idColumnIndex];
    	    
    	    //To limit findUserById requests, previously resolved user names
    	    //are cached in a map
    	    if (!userIdMap.containsKey(userId)) {
           	    var user = tw.system.org.findUserById(userId);
    	        var userName = user != null ? user.fullName : userId;
    	        userIdMap.put(userId, userName);
    	    }
    		
    		resultSet.row[i].column[idColumnIndex] = userIdMap.get(userId);
    	}
	}
}</script>
                <isRule>false</isRule>
                <guid>3fa540d8-a060-45ce-ad83-289b8d23fe16</guid>
                <versionId>acb5b862-d7b3-4ac7-8bd2-deb5309f98fe</versionId>
            </TWComponent>
        </item>
        <item>
            <lastModified isNull="true" />
            <lastModifiedBy isNull="true" />
            <processItemId>2025.828a506d-f5d1-411b-941f-a723eddb47b8</processItemId>
            <processId>1.458aa3a5-2d40-4629-b146-75cb8dcf6569</processId>
            <name>CMIS Query Validation</name>
            <tWComponentName>Script</tWComponentName>
            <tWComponentId>3011.8b3d94d5-66f2-41f2-aca1-6528e1c7e131</tWComponentId>
            <isLogEnabled>false</isLogEnabled>
            <isTraceEnabled>false</isTraceEnabled>
            <traceCategory isNull="true" />
            <traceLevel isNull="true" />
            <traceMessage isNull="true" />
            <traceSymbolTable isNull="true" />
            <isExecutionContextTraced>false</isExecutionContextTraced>
            <saveExecutionContext>false</saveExecutionContext>
            <documentation isNull="true" />
            <isErrorHandlerEnabled>false</isErrorHandlerEnabled>
            <errorHandlerItemId isNull="true" />
            <guid>guid:e133b850b8ed0d59:-9f207fe:146f9510c91:-7ffc</guid>
            <versionId>4af11a12-2d79-46c8-ac9b-6b010e1d6013</versionId>
            <layoutData x="285" y="46">
                <errorLink>
                    <controlPoints />
                    <showEndState>false</showEndState>
                    <showName>false</showName>
                </errorLink>
            </layoutData>
            <TWComponent>
                <lastModified isNull="true" />
                <lastModifiedBy isNull="true" />
                <scriptId>3011.8b3d94d5-66f2-41f2-aca1-6528e1c7e131</scriptId>
                <scriptTypeId>2</scriptTypeId>
                <isActive>true</isActive>
                <script>var partialQuery = "SELECT cmis:name, IBM_BPM_Document_FileNameURL, MajorVersionNumber, cmis:lastModificationDate, IBM_BPM_Document_UserId, IBM_BPM_Document_FileType, cmis:objectId, cmis:versionSeriesId FROM IBM_BPM_Document";
var orderBy = "ORDER BY cmis:name ASC";
var input = tw.local.cmisQuery;
if (input == undefined) {
	input = "";
}
tw.local.cmisQuery = "";
var arr = input.split("WHERE");
if(arr.length == 1) {
    // where clause not found
    tw.local.cmisQuery = partialQuery + " " + orderBy;
} else if ( arr.length == 2) {
    tw.local.cmisQuery = partialQuery + " WHERE" + arr[1];
}</script>
                <isRule>false</isRule>
                <guid>6cb16f34-2cc9-4950-b491-67b607b5d98e</guid>
                <versionId>a359012b-4eb6-4286-8a76-5d6fba1d82b1</versionId>
            </TWComponent>
        </item>
        <item>
            <lastModified isNull="true" />
            <lastModifiedBy isNull="true" />
            <processItemId>2025.811fe80a-6ec7-4c8a-8dc0-280b9ad74183</processItemId>
            <processId>1.458aa3a5-2d40-4629-b146-75cb8dcf6569</processId>
            <name>Configure for use with</name>
            <tWComponentName>Switch</tWComponentName>
            <tWComponentId>3013.8293e30e-5926-47e2-910c-fa33a460706f</tWComponentId>
            <isLogEnabled>false</isLogEnabled>
            <isTraceEnabled>false</isTraceEnabled>
            <traceCategory isNull="true" />
            <traceLevel isNull="true" />
            <traceMessage isNull="true" />
            <traceSymbolTable isNull="true" />
            <isExecutionContextTraced>false</isExecutionContextTraced>
            <saveExecutionContext>false</saveExecutionContext>
            <documentation isNull="true" />
            <isErrorHandlerEnabled>false</isErrorHandlerEnabled>
            <errorHandlerItemId isNull="true" />
            <guid>guid:8addc4e8dc818346:4e4d3e94:13a1e097e1f:-7fd3</guid>
            <versionId>97086fd2-9ad0-490f-8ad7-27b924bd9ab7</versionId>
            <layoutData x="187" y="169">
                <errorLink>
                    <controlPoints />
                    <showEndState>false</showEndState>
                    <showName>false</showName>
                </errorLink>
            </layoutData>
            <TWComponent>
                <lastModified isNull="true" />
                <lastModifiedBy isNull="true" />
                <switchId>3013.8293e30e-5926-47e2-910c-fa33a460706f</switchId>
                <guid>guid:8addc4e8dc818346:4e4d3e94:13a1e097e1f:-7fd4</guid>
                <versionId>5d19d5bd-f950-4c84-89cb-cb35b595afde</versionId>
                <SwitchCondition>
                    <lastModified isNull="true" />
                    <lastModifiedBy isNull="true" />
                    <switchConditionId>3014.b0532f6b-cd22-4b6a-8266-19ec8de225d5</switchConditionId>
                    <switchId>3013.8293e30e-5926-47e2-910c-fa33a460706f</switchId>
                    <seq>1</seq>
                    <endStateId>guid:8addc4e8dc818346:4e4d3e94:13a1e097e1f:-7fca</endStateId>
                    <condition>tw.local.useBPMDocuments
==
"BPM"
</condition>
                    <guid>guid:8addc4e8dc818346:4e4d3e94:13a1e097e1f:-7fcb</guid>
                    <versionId>2b79d441-1947-4318-9b27-715bbf67848c</versionId>
                </SwitchCondition>
            </TWComponent>
        </item>
        <item>
            <lastModified isNull="true" />
            <lastModifiedBy isNull="true" />
            <processItemId>2025.e9f600d1-76d6-4c53-8d66-a6f00153eb44</processItemId>
            <processId>1.458aa3a5-2d40-4629-b146-75cb8dcf6569</processId>
            <name>IBM BPM Documents</name>
            <tWComponentName>ECMConnector</tWComponentName>
            <tWComponentId>3030.dd87cca9-998e-4819-9e79-8d06dfcd4531</tWComponentId>
            <isLogEnabled>false</isLogEnabled>
            <isTraceEnabled>false</isTraceEnabled>
            <traceCategory isNull="true" />
            <traceLevel isNull="true" />
            <traceMessage isNull="true" />
            <traceSymbolTable isNull="true" />
            <isExecutionContextTraced>false</isExecutionContextTraced>
            <saveExecutionContext>false</saveExecutionContext>
            <documentation isNull="true" />
            <isErrorHandlerEnabled>false</isErrorHandlerEnabled>
            <errorHandlerItemId isNull="true" />
            <guid>a7f79949-0b68-4aae-b37e-9f5c02b3e57a</guid>
            <versionId>c8f60f47-82eb-4c47-8543-c1269263c61a</versionId>
            <layoutData x="422" y="46">
                <errorLink>
                    <controlPoints />
                    <showEndState>false</showEndState>
                    <showName>false</showName>
                </errorLink>
            </layoutData>
            <TWComponent>
                <lastModified isNull="true" />
                <lastModifiedBy isNull="true" />
                <ecmConnectorId>3030.dd87cca9-998e-4819-9e79-8d06dfcd4531</ecmConnectorId>
                <definition>&lt;config type="com.lombardisoftware.client.persistence.ECMConnectorConfiguration"&gt;&#xD;
  &lt;inputParameters&gt;&#xD;
    &lt;parameter&gt;&#xD;
      &lt;name&gt;cmisQuery&lt;/name&gt;&#xD;
      &lt;type&gt;String&lt;/type&gt;&#xD;
      &lt;description&gt;CMIS query&lt;/description&gt;&#xD;
      &lt;defaultValue&gt;&lt;/defaultValue&gt;&#xD;
      &lt;argumentVariable&gt;tw.local.cmisQuery&lt;/argumentVariable&gt;&#xD;
      &lt;isArray&gt;&lt;/isArray&gt;&#xD;
      &lt;isList&gt;false&lt;/isList&gt;&#xD;
    &lt;/parameter&gt;&#xD;
    &lt;parameter&gt;&#xD;
      &lt;name&gt;returnType&lt;/name&gt;&#xD;
      &lt;type&gt;String&lt;/type&gt;&#xD;
      &lt;description&gt;Return type&lt;/description&gt;&#xD;
      &lt;defaultValue&gt;&lt;/defaultValue&gt;&#xD;
      &lt;argumentVariable&gt;&lt;/argumentVariable&gt;&#xD;
      &lt;isArray&gt;&lt;/isArray&gt;&#xD;
      &lt;isList&gt;false&lt;/isList&gt;&#xD;
    &lt;/parameter&gt;&#xD;
    &lt;parameter&gt;&#xD;
      &lt;name&gt;searchAllVersions&lt;/name&gt;&#xD;
      &lt;type&gt;Boolean&lt;/type&gt;&#xD;
      &lt;description&gt;Search all versions&lt;/description&gt;&#xD;
      &lt;defaultValue&gt;&lt;/defaultValue&gt;&#xD;
      &lt;argumentVariable&gt;tw.local.searchAllVersions&lt;/argumentVariable&gt;&#xD;
      &lt;isArray&gt;&lt;/isArray&gt;&#xD;
      &lt;isList&gt;false&lt;/isList&gt;&#xD;
    &lt;/parameter&gt;&#xD;
    &lt;parameter&gt;&#xD;
      &lt;name&gt;maxItems&lt;/name&gt;&#xD;
      &lt;type&gt;Integer&lt;/type&gt;&#xD;
      &lt;description&gt;Max items&lt;/description&gt;&#xD;
      &lt;defaultValue&gt;&lt;/defaultValue&gt;&#xD;
      &lt;argumentVariable&gt;tw.local.maxItems&lt;/argumentVariable&gt;&#xD;
      &lt;isArray&gt;&lt;/isArray&gt;&#xD;
      &lt;isList&gt;false&lt;/isList&gt;&#xD;
    &lt;/parameter&gt;&#xD;
    &lt;parameter&gt;&#xD;
      &lt;name&gt;skipCount&lt;/name&gt;&#xD;
      &lt;type&gt;Integer&lt;/type&gt;&#xD;
      &lt;description&gt;Skip count&lt;/description&gt;&#xD;
      &lt;defaultValue&gt;&lt;/defaultValue&gt;&#xD;
      &lt;argumentVariable&gt;tw.local.skipCount&lt;/argumentVariable&gt;&#xD;
      &lt;isArray&gt;&lt;/isArray&gt;&#xD;
      &lt;isList&gt;false&lt;/isList&gt;&#xD;
    &lt;/parameter&gt;&#xD;
    &lt;parameter&gt;&#xD;
      &lt;name&gt;serverName&lt;/name&gt;&#xD;
      &lt;type&gt;String&lt;/type&gt;&#xD;
      &lt;description&gt;Server name&lt;/description&gt;&#xD;
      &lt;defaultValue&gt;&lt;/defaultValue&gt;&#xD;
      &lt;argumentVariable&gt;&lt;/argumentVariable&gt;&#xD;
      &lt;isArray&gt;&lt;/isArray&gt;&#xD;
      &lt;isList&gt;false&lt;/isList&gt;&#xD;
    &lt;/parameter&gt;&#xD;
  &lt;/inputParameters&gt;&#xD;
  &lt;outputParameters&gt;&#xD;
    &lt;parameter&gt;&#xD;
      &lt;name&gt;searchResult&lt;/name&gt;&#xD;
      &lt;type&gt;ECMSearchResult&lt;/type&gt;&#xD;
      &lt;description&gt;Search result&lt;/description&gt;&#xD;
      &lt;defaultValue&gt;&lt;/defaultValue&gt;&#xD;
      &lt;argumentVariable&gt;tw.local.searchResult&lt;/argumentVariable&gt;&#xD;
      &lt;isArray&gt;&lt;/isArray&gt;&#xD;
      &lt;isList&gt;false&lt;/isList&gt;&#xD;
    &lt;/parameter&gt;&#xD;
  &lt;/outputParameters&gt;&#xD;
  &lt;matchAllSearchCriteria&gt;true&lt;/matchAllSearchCriteria&gt;&#xD;
  &lt;searchParameters /&gt;&#xD;
  &lt;selectParameters&gt;&#xD;
    &lt;selectParameter&gt;&#xD;
      &lt;name&gt;cmis:name&lt;/name&gt;&#xD;
      &lt;displayName&gt;Name&lt;/displayName&gt;&#xD;
      &lt;isVisible&gt;true&lt;/isVisible&gt;&#xD;
      &lt;sort&gt;ASC&lt;/sort&gt;&#xD;
      &lt;sortOrder&gt;1&lt;/sortOrder&gt;&#xD;
    &lt;/selectParameter&gt;&#xD;
    &lt;selectParameter&gt;&#xD;
      &lt;name&gt;cmis:objectId&lt;/name&gt;&#xD;
      &lt;displayName&gt;ID&lt;/displayName&gt;&#xD;
      &lt;isVisible&gt;true&lt;/isVisible&gt;&#xD;
      &lt;sort&gt;ASC&lt;/sort&gt;&#xD;
    &lt;/selectParameter&gt;&#xD;
    &lt;selectParameter&gt;&#xD;
      &lt;name&gt;IBM_BPM_Document_FileNameURL&lt;/name&gt;&#xD;
      &lt;displayName&gt;File name or URL&lt;/displayName&gt;&#xD;
      &lt;isVisible&gt;true&lt;/isVisible&gt;&#xD;
      &lt;sort&gt;ASC&lt;/sort&gt;&#xD;
    &lt;/selectParameter&gt;&#xD;
    &lt;selectParameter&gt;&#xD;
      &lt;name&gt;IBM_BPM_Document_FileType&lt;/name&gt;&#xD;
      &lt;displayName&gt;File type&lt;/displayName&gt;&#xD;
      &lt;isVisible&gt;true&lt;/isVisible&gt;&#xD;
      &lt;sort&gt;ASC&lt;/sort&gt;&#xD;
    &lt;/selectParameter&gt;&#xD;
	&lt;selectParameter&gt;&#xD;              
      &lt;name&gt;cmis:versionSeriesId&lt;/name&gt;&#xD;
      &lt;displayName&gt;Version series&lt;/displayName&gt;&#xD;
      &lt;isVisible&gt;true&lt;/isVisible&gt;&#xD;
      &lt;sort&gt;ASC&lt;/sort&gt;&#xD;
    &lt;/selectParameter&gt;&#xD;
  &lt;/selectParameters&gt;&#xD;
  &lt;orderOverride&gt;false&lt;/orderOverride&gt;&#xD;
  &lt;orderOverrideValue&gt;&lt;/orderOverrideValue&gt;&#xD;
  &lt;operationType&gt;SEARCH_OP&lt;/operationType&gt;&#xD;
  &lt;server&gt;EMBEDDED_ECM_SERVER&lt;/server&gt;&#xD;
  &lt;objectTypeSelection&gt;DOCUMENT&lt;/objectTypeSelection&gt;&#xD;
  &lt;objectTypeId&gt;IBM_BPM_Document&lt;/objectTypeId&gt;&#xD;
  &lt;objectQueryName&gt;IBM_BPM_Document&lt;/objectQueryName&gt;&#xD;
  &lt;useMappedVariable&gt;true&lt;/useMappedVariable&gt;&#xD;
  &lt;faultParameterId&gt;2055.d3a9a150-55d6-4f24-9596-eed0294638f3&lt;/faultParameterId&gt;&#xD;
&lt;/config&gt;</definition>
                <guid>guid:8addc4e8dc818346:4e4d3e94:13a1e097e1f:-7fd0</guid>
                <versionId>1f53c32d-bd63-4942-8753-4924e25cf08b</versionId>
            </TWComponent>
        </item>
        <startingProcessItemId>2025.811fe80a-6ec7-4c8a-8dc0-280b9ad74183</startingProcessItemId>
        <errorHandlerItemId isNull="true" />
        <layoutData noConversion="true">
            <errorLink>
                <controlPoints />
                <showEndState>false</showEndState>
                <showName>false</showName>
            </errorLink>
        </layoutData>
        <startPoint>
            <layoutData x="28" y="172">
                <errorLink>
                    <controlPoints />
                    <showEndState>false</showEndState>
                    <showName>false</showName>
                </errorLink>
            </layoutData>
        </startPoint>
        <startLink>
            <fromPort locationId="rightCenter" portType="1" />
            <toPort locationId="leftCenter" portType="2" />
            <layoutData>
                <controlPoints />
                <showEndState>false</showEndState>
                <showName>false</showName>
            </layoutData>
        </startLink>
        <link name="Untitled">
            <lastModified isNull="true" />
            <lastModifiedBy isNull="true" />
            <processLinkId>2027.5150a5af-a800-480b-9f1b-1a8f183fd1b6</processLinkId>
            <processId>1.458aa3a5-2d40-4629-b146-75cb8dcf6569</processId>
            <description isNull="true" />
            <fromProcessItemId>2025.828a506d-f5d1-411b-941f-a723eddb47b8</fromProcessItemId>
            <endStateId>Out</endStateId>
            <toProcessItemId>2025.e9f600d1-76d6-4c53-8d66-a6f00153eb44</toProcessItemId>
            <guid>75a0ddca-151d-41ed-9a78-0b7d46ab5f85</guid>
            <versionId>2e27ce97-fa0c-45eb-b2bf-96e822ff5c5c</versionId>
            <layoutData>
                <controlPoints />
                <showEndState>false</showEndState>
                <showName>false</showName>
            </layoutData>
            <fromItemPort locationId="rightCenter" portType="1" />
            <toItemPort locationId="leftCenter" portType="2" />
            <fromProcessItemId>2025.828a506d-f5d1-411b-941f-a723eddb47b8</fromProcessItemId>
            <toProcessItemId>2025.e9f600d1-76d6-4c53-8d66-a6f00153eb44</toProcessItemId>
        </link>
        <link name="ECM Documents">
            <lastModified isNull="true" />
            <lastModifiedBy isNull="true" />
            <processLinkId>2027.74a68e10-a371-450c-9404-1df1549e5b83</processLinkId>
            <processId>1.458aa3a5-2d40-4629-b146-75cb8dcf6569</processId>
            <description isNull="true" />
            <fromProcessItemId>2025.811fe80a-6ec7-4c8a-8dc0-280b9ad74183</fromProcessItemId>
            <endStateId>DEFAULT</endStateId>
            <toProcessItemId>2025.29b9eb03-21a9-4aff-9a3d-370b12ffcdc7</toProcessItemId>
            <guid>guid:8addc4e8dc818346:4e4d3e94:13a1e097e1f:-7fc9</guid>
            <versionId>603855e4-ce71-402f-b15b-50cb96cf8c0e</versionId>
            <layoutData>
                <controlPoints />
                <showEndState>false</showEndState>
                <showName>true</showName>
            </layoutData>
            <fromItemPort locationId="rightCenter" portType="1" />
            <toItemPort locationId="leftCenter" portType="2" />
            <fromProcessItemId>2025.811fe80a-6ec7-4c8a-8dc0-280b9ad74183</fromProcessItemId>
            <toProcessItemId>2025.29b9eb03-21a9-4aff-9a3d-370b12ffcdc7</toProcessItemId>
        </link>
        <link name="Untitled">
            <lastModified isNull="true" />
            <lastModifiedBy isNull="true" />
            <processLinkId>2027.f0cc68f6-7516-4696-a61f-030e1b3da8ff</processLinkId>
            <processId>1.458aa3a5-2d40-4629-b146-75cb8dcf6569</processId>
            <description isNull="true" />
            <fromProcessItemId>2025.e9f600d1-76d6-4c53-8d66-a6f00153eb44</fromProcessItemId>
            <endStateId>Out</endStateId>
            <toProcessItemId>2025.1ef96bba-8654-4f9a-9119-620a919384b7</toProcessItemId>
            <guid>d07f0bd7-f1fb-4f32-8b1e-f9d4ae2784ad</guid>
            <versionId>cfed6626-0d87-45c8-9b95-9d4685a380f1</versionId>
            <layoutData>
                <controlPoints />
                <showEndState>false</showEndState>
                <showName>false</showName>
            </layoutData>
            <fromItemPort locationId="rightCenter" portType="1" />
            <toItemPort locationId="leftCenter" portType="2" />
            <fromProcessItemId>2025.e9f600d1-76d6-4c53-8d66-a6f00153eb44</fromProcessItemId>
            <toProcessItemId>2025.1ef96bba-8654-4f9a-9119-620a919384b7</toProcessItemId>
        </link>
        <link name="Untitled">
            <lastModified isNull="true" />
            <lastModifiedBy isNull="true" />
            <processLinkId>2027.84636396-5d43-4b98-811b-78418de83624</processLinkId>
            <processId>1.458aa3a5-2d40-4629-b146-75cb8dcf6569</processId>
            <description isNull="true" />
            <fromProcessItemId>2025.1ef96bba-8654-4f9a-9119-620a919384b7</fromProcessItemId>
            <endStateId>Out</endStateId>
            <toProcessItemId>2025.29b9eb03-21a9-4aff-9a3d-370b12ffcdc7</toProcessItemId>
            <guid>f8cdacf1-8e69-4d97-b420-4200ea69a290</guid>
            <versionId>ecd7a1aa-dffc-495a-b475-9f716e149ee6</versionId>
            <layoutData>
                <controlPoints />
                <showEndState>false</showEndState>
                <showName>false</showName>
            </layoutData>
            <fromItemPort locationId="rightCenter" portType="1" />
            <toItemPort locationId="topCenter" portType="2" />
            <fromProcessItemId>2025.1ef96bba-8654-4f9a-9119-620a919384b7</fromProcessItemId>
            <toProcessItemId>2025.29b9eb03-21a9-4aff-9a3d-370b12ffcdc7</toProcessItemId>
        </link>
        <link name="BPM Documents">
            <lastModified isNull="true" />
            <lastModifiedBy isNull="true" />
            <processLinkId>2027.9d864708-e56e-412d-bd92-88e033336877</processLinkId>
            <processId>1.458aa3a5-2d40-4629-b146-75cb8dcf6569</processId>
            <description isNull="true" />
            <fromProcessItemId>2025.811fe80a-6ec7-4c8a-8dc0-280b9ad74183</fromProcessItemId>
            <endStateId>guid:8addc4e8dc818346:4e4d3e94:13a1e097e1f:-7fca</endStateId>
            <toProcessItemId>2025.828a506d-f5d1-411b-941f-a723eddb47b8</toProcessItemId>
            <guid>guid:8addc4e8dc818346:4e4d3e94:13a1e097e1f:-7fcd</guid>
            <versionId>ef6dcd9f-44a2-4448-8390-f2d706e6b4b9</versionId>
            <layoutData>
                <controlPoints />
                <showEndState>false</showEndState>
                <showName>true</showName>
            </layoutData>
            <fromItemPort locationId="topCenter" portType="1" />
            <toItemPort locationId="leftCenter" portType="2" />
            <fromProcessItemId>2025.811fe80a-6ec7-4c8a-8dc0-280b9ad74183</fromProcessItemId>
            <toProcessItemId>2025.828a506d-f5d1-411b-941f-a723eddb47b8</toProcessItemId>
        </link>
    </process>
</teamworks>

