<?xml version="1.0" encoding="UTF-8"?>
<teamworks>
    <process id="1.488cc85a-c2be-4a65-a5ff-8277f8bfca4b" name="Default ECM Event">
        <lastModified>1336849386734</lastModified>
        <lastModifiedBy>Internal TW Admin user</lastModifiedBy>
        <processId>1.488cc85a-c2be-4a65-a5ff-8277f8bfca4b</processId>
        <image isNull="true" />
        <tabGroup isNull="true" />
        <startingProcessItemId>2025.7e1f6fcc-e241-4627-a775-5189dfdb1557</startingProcessItemId>
        <isRootProcess>false</isRootProcess>
        <processType>6</processType>
        <isErrorHandlerEnabled>false</isErrorHandlerEnabled>
        <errorHandlerItemId isNull="true" />
        <isLoggingVariables>false</isLoggingVariables>
        <isTransactional>false</isTransactional>
        <processTimingLevel isNull="true" />
        <participantRef isNull="true" />
        <exposedType isNull="true" />
        <isTrackingEnabled>true</isTrackingEnabled>
        <xmlData isNull="true" />
        <cachingType>false</cachingType>
        <itemLabel isNull="true" />
        <cacheLength>43200</cacheLength>
        <mobileReady>false</mobileReady>
        <sboSyncEnabled>true</sboSyncEnabled>
        <externalId isNull="true" />
        <isSecured>false</isSecured>
        <description isNull="true" />
        <guid>guid:fd3a2d326f43f012:63097ab6:13742620136:-7ff7</guid>
        <versionId>4f25d7fe-d86f-47f8-85d7-a6c54b469d81</versionId>
        <dependencySummary isNull="true" />
        <processParameter name="contentEvent">
            <lastModified isNull="true" />
            <lastModifiedBy isNull="true" />
            <processParameterId>2055.aa24eefc-c12c-47b4-9244-50fdc83a302d</processParameterId>
            <processId>1.488cc85a-c2be-4a65-a5ff-8277f8bfca4b</processId>
            <parameterType>1</parameterType>
            <isArrayOf>false</isArrayOf>
            <classId>/12.8c093e13-2f98-4d17-b76e-cb65d823ceed</classId>
            <seq>1</seq>
            <hasDefault>false</hasDefault>
            <defaultValue isNull="true" />
            <isLocked>false</isLocked>
            <description isNull="true" />
            <guid>guid:fd3a2d326f43f012:63097ab6:13742620136:-7ff3</guid>
            <versionId>29c85cf5-c6a2-4dc0-bb9f-9d99868a1fb8</versionId>
        </processParameter>
        <processParameter name="contentEvent">
            <lastModified isNull="true" />
            <lastModifiedBy isNull="true" />
            <processParameterId>2055.f74bf720-5412-496f-87fc-13a68d12a7cd</processParameterId>
            <processId>1.488cc85a-c2be-4a65-a5ff-8277f8bfca4b</processId>
            <parameterType>2</parameterType>
            <isArrayOf>false</isArrayOf>
            <classId>/12.8c093e13-2f98-4d17-b76e-cb65d823ceed</classId>
            <seq>2</seq>
            <hasDefault>false</hasDefault>
            <defaultValue isNull="true" />
            <isLocked>false</isLocked>
            <description isNull="true" />
            <guid>guid:fd3a2d326f43f012:63097ab6:13742620136:-7ff2</guid>
            <versionId>3b594896-3fa8-42f8-8052-0823fd0a3e7c</versionId>
        </processParameter>
        <item>
            <lastModified isNull="true" />
            <lastModifiedBy isNull="true" />
            <processItemId>2025.7e1f6fcc-e241-4627-a775-5189dfdb1557</processItemId>
            <processId>1.488cc85a-c2be-4a65-a5ff-8277f8bfca4b</processId>
            <name>End</name>
            <tWComponentName>ExitPoint</tWComponentName>
            <tWComponentId>3008.d7bfc086-adad-4d7a-8eed-58ebaf3e1da2</tWComponentId>
            <isLogEnabled>false</isLogEnabled>
            <isTraceEnabled>false</isTraceEnabled>
            <traceCategory isNull="true" />
            <traceLevel isNull="true" />
            <traceMessage isNull="true" />
            <traceSymbolTable isNull="true" />
            <isExecutionContextTraced>false</isExecutionContextTraced>
            <saveExecutionContext>true</saveExecutionContext>
            <documentation isNull="true" />
            <isErrorHandlerEnabled>false</isErrorHandlerEnabled>
            <errorHandlerItemId isNull="true" />
            <guid>guid:fd3a2d326f43f012:63097ab6:13742620136:-7ff5</guid>
            <versionId>6dca11fd-abf8-440c-aacf-9810e39fdfe0</versionId>
            <layoutData x="700" y="100">
                <errorLink>
                    <controlPoints />
                    <showEndState>false</showEndState>
                    <showName>false</showName>
                </errorLink>
            </layoutData>
            <TWComponent>
                <lastModified isNull="true" />
                <lastModifiedBy isNull="true" />
                <exitPointId>3008.d7bfc086-adad-4d7a-8eed-58ebaf3e1da2</exitPointId>
                <haltProcess>false</haltProcess>
                <guid>guid:fd3a2d326f43f012:63097ab6:13742620136:-7ff4</guid>
                <versionId>c83fe45a-ff69-49dc-b4b1-553ad6bdc0bf</versionId>
            </TWComponent>
        </item>
        <startingProcessItemId>2025.7e1f6fcc-e241-4627-a775-5189dfdb1557</startingProcessItemId>
        <errorHandlerItemId isNull="true" />
        <layoutData noConversion="true">
            <errorLink>
                <controlPoints />
                <showEndState>false</showEndState>
                <showName>false</showName>
            </errorLink>
        </layoutData>
        <startPoint>
            <layoutData x="20" y="100">
                <errorLink>
                    <controlPoints />
                    <showEndState>false</showEndState>
                    <showName>false</showName>
                </errorLink>
            </layoutData>
        </startPoint>
        <startLink>
            <fromPort locationId="rightCenter" portType="1" />
            <toPort locationId="leftCenter" portType="2" />
            <layoutData>
                <controlPoints />
                <showEndState>false</showEndState>
                <showName>false</showName>
            </layoutData>
        </startLink>
    </process>
</teamworks>

