<?xml version="1.0" encoding="UTF-8"?>
<teamworks>
    <process id="1.6510812e-a695-4708-962a-fd444b810145" name="ECM Checkout Document Service">
        <lastModified>1383806063883</lastModified>
        <lastModifiedBy>tw_admin</lastModifiedBy>
        <processId>1.6510812e-a695-4708-962a-fd444b810145</processId>
        <image isNull="true" />
        <tabGroup isNull="true" />
        <startingProcessItemId>2025.d312a817-af13-473a-8547-48bd28b03a81</startingProcessItemId>
        <isRootProcess>false</isRootProcess>
        <processType>2</processType>
        <isErrorHandlerEnabled>false</isErrorHandlerEnabled>
        <errorHandlerItemId isNull="true" />
        <isLoggingVariables>false</isLoggingVariables>
        <isTransactional>false</isTransactional>
        <processTimingLevel isNull="true" />
        <participantRef isNull="true" />
        <exposedType isNull="true" />
        <isTrackingEnabled>true</isTrackingEnabled>
        <xmlData isNull="true" />
        <cachingType>false</cachingType>
        <itemLabel isNull="true" />
        <cacheLength>43200</cacheLength>
        <mobileReady>false</mobileReady>
        <sboSyncEnabled>true</sboSyncEnabled>
        <externalId isNull="true" />
        <isSecured>false</isSecured>
        <description isNull="true" />
        <guid>guid:5d48ec7a5a7987f6:-1130589a:142313b3e62:-7ff6</guid>
        <versionId>b938a389-e83e-4b1d-8bef-56c58265c7ec</versionId>
        <dependencySummary isNull="true" />
        <processParameter name="ECMError">
            <lastModified isNull="true" />
            <lastModifiedBy isNull="true" />
            <processParameterId>2055.997948ca-9dd1-46fd-b240-1f3805ba47ce</processParameterId>
            <processId>1.6510812e-a695-4708-962a-fd444b810145</processId>
            <parameterType>3</parameterType>
            <isArrayOf>false</isArrayOf>
            <classId>/12.bfb48b9b-8247-49fb-8f78-82b738b817a6</classId>
            <seq>1</seq>
            <hasDefault>false</hasDefault>
            <defaultValue>ECMError</defaultValue>
            <isLocked>false</isLocked>
            <description isNull="true" />
            <guid>18b2fe41-e5f6-4521-9fe3-908e7b8c66f0</guid>
            <versionId>321d62ba-ada8-4c63-a4d0-a12b59393dff</versionId>
        </processParameter>
        <processParameter name="documentId">
            <lastModified isNull="true" />
            <lastModifiedBy isNull="true" />
            <processParameterId>2055.383088ae-2642-4184-91e9-920e173fa124</processParameterId>
            <processId>1.6510812e-a695-4708-962a-fd444b810145</processId>
            <parameterType>1</parameterType>
            <isArrayOf>false</isArrayOf>
            <classId>/12.3212d5b3-f692-41b3-a893-343dc5c3df01</classId>
            <seq>2</seq>
            <hasDefault>false</hasDefault>
            <defaultValue isNull="true" />
            <isLocked>false</isLocked>
            <description isNull="true" />
            <guid>5df57048-f9e5-4807-9808-4f00f3542158</guid>
            <versionId>1ffeeca4-c635-4ee6-84fa-3db46fd14e14</versionId>
        </processParameter>
        <processParameter name="checkedoutId">
            <lastModified isNull="true" />
            <lastModifiedBy isNull="true" />
            <processParameterId>2055.43232096-8f39-42cd-9efb-fff1049e8402</processParameterId>
            <processId>1.6510812e-a695-4708-962a-fd444b810145</processId>
            <parameterType>2</parameterType>
            <isArrayOf>false</isArrayOf>
            <classId>/12.3212d5b3-f692-41b3-a893-343dc5c3df01</classId>
            <seq>3</seq>
            <hasDefault>false</hasDefault>
            <defaultValue isNull="true" />
            <isLocked>false</isLocked>
            <description isNull="true" />
            <guid>702b72f3-cceb-4894-b46f-a57ef363b21d</guid>
            <versionId>e4563b21-c6f0-4fd5-a8be-30f0bcd004b6</versionId>
        </processParameter>
        <processParameter name="serverName">
            <lastModified isNull="true" />
            <lastModifiedBy isNull="true" />
            <processParameterId>2055.d46fbc56-4b3d-4138-b65a-eb7e56657d6c</processParameterId>
            <processId>1.6510812e-a695-4708-962a-fd444b810145</processId>
            <parameterType>1</parameterType>
            <isArrayOf>false</isArrayOf>
            <classId>f1e96cc6-5fd9-4002-8b04-107d4ddae78a/12.db884a3c-c533-44b7-bb2d-47bec8ad4022</classId>
            <seq>4</seq>
            <hasDefault>false</hasDefault>
            <defaultValue isNull="true" />
            <isLocked>false</isLocked>
            <description isNull="true" />
            <guid>de5c94d2-7581-404c-a02c-e2ed7bcc9a3b</guid>
            <versionId>de3eee42-4b6e-45bf-ad01-18b5573b42e0</versionId>
        </processParameter>
        <item>
            <lastModified isNull="true" />
            <lastModifiedBy isNull="true" />
            <processItemId>2025.d312a817-af13-473a-8547-48bd28b03a81</processItemId>
            <processId>1.6510812e-a695-4708-962a-fd444b810145</processId>
            <name>Checkout Document</name>
            <tWComponentName>ECMConnector</tWComponentName>
            <tWComponentId>3030.7002f860-06de-4159-b817-588da6e20ef4</tWComponentId>
            <isLogEnabled>false</isLogEnabled>
            <isTraceEnabled>false</isTraceEnabled>
            <traceCategory isNull="true" />
            <traceLevel isNull="true" />
            <traceMessage isNull="true" />
            <traceSymbolTable isNull="true" />
            <isExecutionContextTraced>false</isExecutionContextTraced>
            <saveExecutionContext>false</saveExecutionContext>
            <documentation isNull="true" />
            <isErrorHandlerEnabled>false</isErrorHandlerEnabled>
            <errorHandlerItemId isNull="true" />
            <guid>c99fe985-f3ba-4859-a88c-4e9165c7560d</guid>
            <versionId>93083b03-49db-46f6-b0c1-c340f9e8117d</versionId>
            <layoutData x="311" y="103">
                <errorLink>
                    <controlPoints />
                    <showEndState>false</showEndState>
                    <showName>false</showName>
                </errorLink>
            </layoutData>
            <TWComponent>
                <lastModified isNull="true" />
                <lastModifiedBy isNull="true" />
                <ecmConnectorId>3030.7002f860-06de-4159-b817-588da6e20ef4</ecmConnectorId>
                <definition>&lt;config type="com.lombardisoftware.client.persistence.ECMConnectorConfiguration"&gt;&#xD;
  &lt;inputParameters&gt;&#xD;
    &lt;parameter&gt;&#xD;
      &lt;name&gt;documentId&lt;/name&gt;&#xD;
      &lt;type&gt;ECMID&lt;/type&gt;&#xD;
      &lt;description&gt;Document ID&lt;/description&gt;&#xD;
      &lt;defaultValue&gt;&lt;/defaultValue&gt;&#xD;
      &lt;argumentVariable&gt;tw.local.documentId&lt;/argumentVariable&gt;&#xD;
      &lt;isArray&gt;&lt;/isArray&gt;&#xD;
      &lt;isList&gt;false&lt;/isList&gt;&#xD;
    &lt;/parameter&gt;&#xD;
    &lt;parameter&gt;&#xD;
      &lt;name&gt;serverName&lt;/name&gt;&#xD;
      &lt;type&gt;String&lt;/type&gt;&#xD;
      &lt;description&gt;Server name&lt;/description&gt;&#xD;
      &lt;defaultValue&gt;&lt;/defaultValue&gt;&#xD;
      &lt;argumentVariable&gt;tw.local.serverName&lt;/argumentVariable&gt;&#xD;
      &lt;isArray&gt;&lt;/isArray&gt;&#xD;
      &lt;isList&gt;false&lt;/isList&gt;&#xD;
    &lt;/parameter&gt;&#xD;
  &lt;/inputParameters&gt;&#xD;
  &lt;outputParameters&gt;&#xD;
    &lt;parameter&gt;&#xD;
      &lt;name&gt;pwcDocumentId&lt;/name&gt;&#xD;
      &lt;type&gt;ECMID&lt;/type&gt;&#xD;
      &lt;description&gt;Private working copy document ID&lt;/description&gt;&#xD;
      &lt;defaultValue&gt;&lt;/defaultValue&gt;&#xD;
      &lt;argumentVariable&gt;tw.local.checkedoutId&lt;/argumentVariable&gt;&#xD;
      &lt;isArray&gt;&lt;/isArray&gt;&#xD;
      &lt;isList&gt;false&lt;/isList&gt;&#xD;
    &lt;/parameter&gt;&#xD;
  &lt;/outputParameters&gt;&#xD;
  &lt;matchAllSearchCriteria&gt;true&lt;/matchAllSearchCriteria&gt;&#xD;
  &lt;searchParameters /&gt;&#xD;
  &lt;selectParameters /&gt;&#xD;
  &lt;orderOverride&gt;false&lt;/orderOverride&gt;&#xD;
  &lt;orderOverrideValue&gt;&lt;/orderOverrideValue&gt;&#xD;
  &lt;operationType&gt;DOC_OP_CHECK_OUT_DOCUMENT&lt;/operationType&gt;&#xD;
  &lt;server&gt;useMappingServer&lt;/server&gt;&#xD;
  &lt;objectTypeSelection&gt;DOCUMENT&lt;/objectTypeSelection&gt;&#xD;
  &lt;useMappedVariable&gt;false&lt;/useMappedVariable&gt;&#xD;
  &lt;faultParameterId&gt;2055.997948ca-9dd1-46fd-b240-1f3805ba47ce&lt;/faultParameterId&gt;&#xD;
&lt;/config&gt;</definition>
                <guid>eb869a47-e72b-4997-8cbc-e434d980f4ca</guid>
                <versionId>2c00dfef-6c7a-4eb9-91d7-7d59836554ce</versionId>
            </TWComponent>
        </item>
        <item>
            <lastModified isNull="true" />
            <lastModifiedBy isNull="true" />
            <processItemId>2025.902edc04-f147-4a77-8511-c14b204c167f</processItemId>
            <processId>1.6510812e-a695-4708-962a-fd444b810145</processId>
            <name>End</name>
            <tWComponentName>ExitPoint</tWComponentName>
            <tWComponentId>3008.ed712e70-0c93-40fb-a123-0e7c9bd79bbf</tWComponentId>
            <isLogEnabled>false</isLogEnabled>
            <isTraceEnabled>false</isTraceEnabled>
            <traceCategory isNull="true" />
            <traceLevel isNull="true" />
            <traceMessage isNull="true" />
            <traceSymbolTable isNull="true" />
            <isExecutionContextTraced>false</isExecutionContextTraced>
            <saveExecutionContext>true</saveExecutionContext>
            <documentation isNull="true" />
            <isErrorHandlerEnabled>false</isErrorHandlerEnabled>
            <errorHandlerItemId isNull="true" />
            <guid>guid:5d48ec7a5a7987f6:-1130589a:142313b3e62:-7ff5</guid>
            <versionId>d17a5771-cdb6-49d1-be73-cf503287da09</versionId>
            <layoutData x="700" y="100">
                <errorLink>
                    <controlPoints />
                    <showEndState>false</showEndState>
                    <showName>false</showName>
                </errorLink>
            </layoutData>
            <TWComponent>
                <lastModified isNull="true" />
                <lastModifiedBy isNull="true" />
                <exitPointId>3008.ed712e70-0c93-40fb-a123-0e7c9bd79bbf</exitPointId>
                <haltProcess>false</haltProcess>
                <guid>d64c97a2-b336-4c39-9dca-ece14faf0a5b</guid>
                <versionId>5e9cdf43-303e-4904-ac4f-4b9192be6e0e</versionId>
            </TWComponent>
        </item>
        <startingProcessItemId>2025.d312a817-af13-473a-8547-48bd28b03a81</startingProcessItemId>
        <errorHandlerItemId isNull="true" />
        <layoutData noConversion="true">
            <errorLink>
                <controlPoints />
                <showEndState>false</showEndState>
                <showName>false</showName>
            </errorLink>
        </layoutData>
        <startPoint>
            <layoutData x="20" y="100">
                <errorLink>
                    <controlPoints />
                    <showEndState>false</showEndState>
                    <showName>false</showName>
                </errorLink>
            </layoutData>
        </startPoint>
        <startLink>
            <fromPort locationId="rightCenter" portType="1" />
            <toPort locationId="leftCenter" portType="2" />
            <layoutData>
                <controlPoints />
                <showEndState>false</showEndState>
                <showName>false</showName>
            </layoutData>
        </startLink>
        <link name="Untitled">
            <lastModified isNull="true" />
            <lastModifiedBy isNull="true" />
            <processLinkId>2027.a13c89bf-3312-4a8f-9a1e-4f8c37c1d213</processLinkId>
            <processId>1.6510812e-a695-4708-962a-fd444b810145</processId>
            <description isNull="true" />
            <fromProcessItemId>2025.d312a817-af13-473a-8547-48bd28b03a81</fromProcessItemId>
            <endStateId>Out</endStateId>
            <toProcessItemId>2025.902edc04-f147-4a77-8511-c14b204c167f</toProcessItemId>
            <guid>7537f4a3-fd5d-474f-a0e2-ee2c8517c9ad</guid>
            <versionId>b8efe295-b6c8-4f66-83a0-af1090321774</versionId>
            <layoutData>
                <controlPoints />
                <showEndState>false</showEndState>
                <showName>false</showName>
            </layoutData>
            <fromItemPort locationId="rightCenter" portType="1" />
            <toItemPort locationId="leftCenter" portType="2" />
            <fromProcessItemId>2025.d312a817-af13-473a-8547-48bd28b03a81</fromProcessItemId>
            <toProcessItemId>2025.902edc04-f147-4a77-8511-c14b204c167f</toProcessItemId>
        </link>
    </process>
</teamworks>

