<?xml version="1.0" encoding="UTF-8"?>
<teamworks>
    <process id="1.b7f5555d-53a9-4962-88ed-5dacae4899d2" name="Deployment Service">
        <lastModified>1349123344873</lastModified>
        <lastModifiedBy>Internal TW Admin user</lastModifiedBy>
        <processId>1.b7f5555d-53a9-4962-88ed-5dacae4899d2</processId>
        <image isNull="true" />
        <tabGroup isNull="true" />
        <startingProcessItemId>2025.f11cea56-6d3b-4283-afc0-2f35a29fbf32</startingProcessItemId>
        <isRootProcess>false</isRootProcess>
        <processType>5</processType>
        <isErrorHandlerEnabled>false</isErrorHandlerEnabled>
        <errorHandlerItemId isNull="true" />
        <isLoggingVariables>false</isLoggingVariables>
        <isTransactional>false</isTransactional>
        <processTimingLevel isNull="true" />
        <participantRef isNull="true" />
        <exposedType isNull="true" />
        <isTrackingEnabled>true</isTrackingEnabled>
        <xmlData isNull="true" />
        <cachingType>false</cachingType>
        <itemLabel isNull="true" />
        <cacheLength>43200</cacheLength>
        <mobileReady>false</mobileReady>
        <sboSyncEnabled>true</sboSyncEnabled>
        <externalId isNull="true" />
        <isSecured>false</isSecured>
        <description isNull="true" />
        <guid>guid:8addc4e8dc818346:-7389fb1c:13a1e045f8d:-52e1</guid>
        <versionId>ef505966-50c9-4738-8bce-798f619455e3</versionId>
        <dependencySummary isNull="true" />
        <item>
            <lastModified isNull="true" />
            <lastModifiedBy isNull="true" />
            <processItemId>2025.f11cea56-6d3b-4283-afc0-2f35a29fbf32</processItemId>
            <processId>1.b7f5555d-53a9-4962-88ed-5dacae4899d2</processId>
            <name>End</name>
            <tWComponentName>ExitPoint</tWComponentName>
            <tWComponentId>3008.1204622a-0cc5-4eba-854c-573be5f21a66</tWComponentId>
            <isLogEnabled>false</isLogEnabled>
            <isTraceEnabled>false</isTraceEnabled>
            <traceCategory isNull="true" />
            <traceLevel isNull="true" />
            <traceMessage isNull="true" />
            <traceSymbolTable isNull="true" />
            <isExecutionContextTraced>false</isExecutionContextTraced>
            <saveExecutionContext>true</saveExecutionContext>
            <documentation isNull="true" />
            <isErrorHandlerEnabled>false</isErrorHandlerEnabled>
            <errorHandlerItemId isNull="true" />
            <guid>guid:8addc4e8dc818346:-7389fb1c:13a1e045f8d:-52df</guid>
            <versionId>d1e4a5bb-005b-4521-93da-bfffdf2346b7</versionId>
            <layoutData x="700" y="100">
                <errorLink>
                    <controlPoints />
                    <showEndState>false</showEndState>
                    <showName>false</showName>
                </errorLink>
            </layoutData>
            <TWComponent>
                <lastModified isNull="true" />
                <lastModifiedBy isNull="true" />
                <exitPointId>3008.1204622a-0cc5-4eba-854c-573be5f21a66</exitPointId>
                <haltProcess>false</haltProcess>
                <guid>guid:8addc4e8dc818346:-7389fb1c:13a1e045f8d:-52de</guid>
                <versionId>ec0a92bd-4027-45fd-ab2f-c1f9333af0c0</versionId>
            </TWComponent>
        </item>
        <startingProcessItemId>2025.f11cea56-6d3b-4283-afc0-2f35a29fbf32</startingProcessItemId>
        <errorHandlerItemId isNull="true" />
        <layoutData noConversion="true">
            <errorLink>
                <controlPoints />
                <showEndState>false</showEndState>
                <showName>false</showName>
            </errorLink>
        </layoutData>
        <startPoint>
            <layoutData x="20" y="100">
                <errorLink>
                    <controlPoints />
                    <showEndState>false</showEndState>
                    <showName>false</showName>
                </errorLink>
            </layoutData>
        </startPoint>
        <startLink>
            <fromPort locationId="rightCenter" portType="1" />
            <toPort locationId="leftCenter" portType="2" />
            <layoutData>
                <controlPoints />
                <showEndState>false</showEndState>
                <showName>false</showName>
            </layoutData>
        </startLink>
    </process>
</teamworks>

