<?xml version="1.0" encoding="UTF-8"?>
<teamworks>
    <process id="1.cb1985a2-898f-4ada-8923-d642ee0470b5" name="ECM Get Type Descendants Service">
        <lastModified>1393858363995</lastModified>
        <lastModifiedBy>tw_admin</lastModifiedBy>
        <processId>1.cb1985a2-898f-4ada-8923-d642ee0470b5</processId>
        <image isNull="true" />
        <tabGroup isNull="true" />
        <startingProcessItemId>2025.bec8895b-0d7e-45ea-ae9b-3b7a86167f5e</startingProcessItemId>
        <isRootProcess>false</isRootProcess>
        <processType>2</processType>
        <isErrorHandlerEnabled>false</isErrorHandlerEnabled>
        <errorHandlerItemId isNull="true" />
        <isLoggingVariables>false</isLoggingVariables>
        <isTransactional>false</isTransactional>
        <processTimingLevel isNull="true" />
        <participantRef isNull="true" />
        <exposedType isNull="true" />
        <isTrackingEnabled>true</isTrackingEnabled>
        <xmlData isNull="true" />
        <cachingType>false</cachingType>
        <itemLabel isNull="true" />
        <cacheLength>43200</cacheLength>
        <mobileReady>false</mobileReady>
        <sboSyncEnabled>true</sboSyncEnabled>
        <externalId isNull="true" />
        <isSecured>false</isSecured>
        <description isNull="true" />
        <guid>guid:d5b59e2cf13bea07:4e41f3cf:13530095222:-7fc8</guid>
        <versionId>a3903839-3039-41cb-9a77-73cf31c50d7a</versionId>
        <dependencySummary isNull="true" />
        <processParameter name="objectTypeId">
            <lastModified isNull="true" />
            <lastModifiedBy isNull="true" />
            <processParameterId>2055.60288ac6-2292-48b1-822e-7e8bd141fbc4</processParameterId>
            <processId>1.cb1985a2-898f-4ada-8923-d642ee0470b5</processId>
            <parameterType>1</parameterType>
            <isArrayOf>false</isArrayOf>
            <classId>/12.3212d5b3-f692-41b3-a893-343dc5c3df01</classId>
            <seq>1</seq>
            <hasDefault>true</hasDefault>
            <defaultValue>"cmis:document"</defaultValue>
            <isLocked>false</isLocked>
            <description isNull="true" />
            <guid>guid:d5b59e2cf13bea07:4e41f3cf:13530095222:-7fc4</guid>
            <versionId>5992634e-a00c-4d01-8147-c5bddd3aaa69</versionId>
        </processParameter>
        <processParameter name="serverName">
            <lastModified isNull="true" />
            <lastModifiedBy isNull="true" />
            <processParameterId>2055.dbb3a1b5-4594-471e-b361-cdab532bb766</processParameterId>
            <processId>1.cb1985a2-898f-4ada-8923-d642ee0470b5</processId>
            <parameterType>1</parameterType>
            <isArrayOf>false</isArrayOf>
            <classId>f1e96cc6-5fd9-4002-8b04-107d4ddae78a/12.db884a3c-c533-44b7-bb2d-47bec8ad4022</classId>
            <seq>2</seq>
            <hasDefault>false</hasDefault>
            <defaultValue isNull="true" />
            <isLocked>false</isLocked>
            <description isNull="true" />
            <guid>guid:d5b59e2cf13bea07:4e41f3cf:13530095222:-7fc2</guid>
            <versionId>6584004c-8580-4b93-a5f1-60670a89121f</versionId>
        </processParameter>
        <processParameter name="depth">
            <lastModified isNull="true" />
            <lastModifiedBy isNull="true" />
            <processParameterId>2055.c8797b37-ceed-4b1b-a816-20a40f9a5bd1</processParameterId>
            <processId>1.cb1985a2-898f-4ada-8923-d642ee0470b5</processId>
            <parameterType>1</parameterType>
            <isArrayOf>false</isArrayOf>
            <classId>f1e96cc6-5fd9-4002-8b04-107d4ddae78a/12.3fa0d7a0-828a-4d60-99cc-db5ed143fc2d</classId>
            <seq>3</seq>
            <hasDefault>true</hasDefault>
            <defaultValue>-1</defaultValue>
            <isLocked>false</isLocked>
            <description isNull="true" />
            <guid>guid:d5b59e2cf13bea07:4e41f3cf:13530095222:-7fc1</guid>
            <versionId>6b71b6c6-5f4f-4826-9605-bdcd0b40bfa9</versionId>
        </processParameter>
        <processParameter name="includePropertyDefinitions">
            <lastModified isNull="true" />
            <lastModifiedBy isNull="true" />
            <processParameterId>2055.cd690a6b-ddcf-4802-b114-b098f243b736</processParameterId>
            <processId>1.cb1985a2-898f-4ada-8923-d642ee0470b5</processId>
            <parameterType>1</parameterType>
            <isArrayOf>false</isArrayOf>
            <classId>f1e96cc6-5fd9-4002-8b04-107d4ddae78a/12.83ff975e-8dbc-42e5-b738-fa8bc08274a2</classId>
            <seq>4</seq>
            <hasDefault>true</hasDefault>
            <defaultValue>false</defaultValue>
            <isLocked>false</isLocked>
            <description isNull="true" />
            <guid>guid:d5b59e2cf13bea07:4e41f3cf:13530095222:-7fc0</guid>
            <versionId>7468b943-efe2-400d-90d1-0b61349812b6</versionId>
        </processParameter>
        <processParameter name="typeDefinitions">
            <lastModified isNull="true" />
            <lastModifiedBy isNull="true" />
            <processParameterId>2055.7013efe1-8eb0-48c8-a5d8-0104a7b62051</processParameterId>
            <processId>1.cb1985a2-898f-4ada-8923-d642ee0470b5</processId>
            <parameterType>2</parameterType>
            <isArrayOf>true</isArrayOf>
            <classId>/12.d090937d-b509-4407-829c-b74dfb856888</classId>
            <seq>5</seq>
            <hasDefault>false</hasDefault>
            <defaultValue isNull="true" />
            <isLocked>false</isLocked>
            <description isNull="true" />
            <guid>guid:d5b59e2cf13bea07:4e41f3cf:13530095222:-7fbf</guid>
            <versionId>cd83a3cd-3ae6-4b47-b8bf-e3f336bdf761</versionId>
        </processParameter>
        <processParameter name="ECMError">
            <lastModified isNull="true" />
            <lastModifiedBy isNull="true" />
            <processParameterId>2055.43ee9d39-4b49-4144-bb97-ed826246c67d</processParameterId>
            <processId>1.cb1985a2-898f-4ada-8923-d642ee0470b5</processId>
            <parameterType>3</parameterType>
            <isArrayOf>false</isArrayOf>
            <classId>/12.bfb48b9b-8247-49fb-8f78-82b738b817a6</classId>
            <seq>6</seq>
            <hasDefault>false</hasDefault>
            <defaultValue>ECMError</defaultValue>
            <isLocked>false</isLocked>
            <description isNull="true" />
            <guid>guid:d5b59e2cf13bea07:4e41f3cf:13530095222:-7fbb</guid>
            <versionId>7033ccbd-b611-4825-a406-54a7a94af747</versionId>
        </processParameter>
        <item>
            <lastModified isNull="true" />
            <lastModifiedBy isNull="true" />
            <processItemId>2025.bfba9737-3324-4a9b-b4fe-71d04568e6fe</processItemId>
            <processId>1.cb1985a2-898f-4ada-8923-d642ee0470b5</processId>
            <name>End</name>
            <tWComponentName>ExitPoint</tWComponentName>
            <tWComponentId>3008.1175f1b4-0c81-4421-84b4-e3fca01e77c8</tWComponentId>
            <isLogEnabled>false</isLogEnabled>
            <isTraceEnabled>false</isTraceEnabled>
            <traceCategory isNull="true" />
            <traceLevel isNull="true" />
            <traceMessage isNull="true" />
            <traceSymbolTable isNull="true" />
            <isExecutionContextTraced>false</isExecutionContextTraced>
            <saveExecutionContext>true</saveExecutionContext>
            <documentation isNull="true" />
            <isErrorHandlerEnabled>false</isErrorHandlerEnabled>
            <errorHandlerItemId isNull="true" />
            <guid>guid:d5b59e2cf13bea07:4e41f3cf:13530095222:-7fc6</guid>
            <versionId>34003d56-ff8a-45d3-9d27-063a163b89c8</versionId>
            <layoutData x="700" y="107">
                <errorLink>
                    <controlPoints />
                    <showEndState>false</showEndState>
                    <showName>false</showName>
                </errorLink>
            </layoutData>
            <TWComponent>
                <lastModified isNull="true" />
                <lastModifiedBy isNull="true" />
                <exitPointId>3008.1175f1b4-0c81-4421-84b4-e3fca01e77c8</exitPointId>
                <haltProcess>false</haltProcess>
                <guid>guid:d5b59e2cf13bea07:4e41f3cf:13530095222:-7fc5</guid>
                <versionId>8a5d63a8-e5df-42b4-8b3c-89f39ab8f25a</versionId>
            </TWComponent>
        </item>
        <item>
            <lastModified isNull="true" />
            <lastModifiedBy isNull="true" />
            <processItemId>2025.bec8895b-0d7e-45ea-ae9b-3b7a86167f5e</processItemId>
            <processId>1.cb1985a2-898f-4ada-8923-d642ee0470b5</processId>
            <name>Get type descendants</name>
            <tWComponentName>ECMConnector</tWComponentName>
            <tWComponentId>3030.d1486300-07d5-4070-b035-e777c651bff0</tWComponentId>
            <isLogEnabled>false</isLogEnabled>
            <isTraceEnabled>false</isTraceEnabled>
            <traceCategory isNull="true" />
            <traceLevel isNull="true" />
            <traceMessage isNull="true" />
            <traceSymbolTable isNull="true" />
            <isExecutionContextTraced>false</isExecutionContextTraced>
            <saveExecutionContext>false</saveExecutionContext>
            <documentation isNull="true" />
            <isErrorHandlerEnabled>false</isErrorHandlerEnabled>
            <errorHandlerItemId isNull="true" />
            <guid>20ae389d-cfe8-4f26-bf24-2c590c9bc034</guid>
            <versionId>ec76a531-9faa-4aa2-841b-b26c3958ebd5</versionId>
            <layoutData x="298" y="92">
                <errorLink>
                    <controlPoints />
                    <showEndState>false</showEndState>
                    <showName>false</showName>
                </errorLink>
            </layoutData>
            <TWComponent>
                <lastModified isNull="true" />
                <lastModifiedBy isNull="true" />
                <ecmConnectorId>3030.d1486300-07d5-4070-b035-e777c651bff0</ecmConnectorId>
                <definition>&lt;config type="com.lombardisoftware.client.persistence.ECMConnectorConfiguration"&gt;&#xD;
  &lt;inputParameters&gt;&#xD;
    &lt;parameter&gt;&#xD;
      &lt;name&gt;objectTypeId&lt;/name&gt;&#xD;
      &lt;type&gt;ECMID&lt;/type&gt;&#xD;
      &lt;description&gt;Object type ID&lt;/description&gt;&#xD;
      &lt;defaultValue /&gt;&#xD;
      &lt;argumentVariable&gt;tw.local.objectTypeId&lt;/argumentVariable&gt;&#xD;
      &lt;isList&gt;false&lt;/isList&gt;&#xD;
    &lt;/parameter&gt;&#xD;
    &lt;parameter&gt;&#xD;
      &lt;name&gt;depth&lt;/name&gt;&#xD;
      &lt;type&gt;Integer&lt;/type&gt;&#xD;
      &lt;description&gt;Depth&lt;/description&gt;&#xD;
      &lt;defaultValue /&gt;&#xD;
      &lt;argumentVariable&gt;tw.local.depth&lt;/argumentVariable&gt;&#xD;
      &lt;isList&gt;false&lt;/isList&gt;&#xD;
    &lt;/parameter&gt;&#xD;
    &lt;parameter&gt;&#xD;
      &lt;name&gt;includePropertyDefinitions&lt;/name&gt;&#xD;
      &lt;type&gt;Boolean&lt;/type&gt;&#xD;
      &lt;description&gt;Include property definitions&lt;/description&gt;&#xD;
      &lt;defaultValue /&gt;&#xD;
      &lt;argumentVariable&gt;tw.local.includePropertyDefinitions&lt;/argumentVariable&gt;&#xD;
      &lt;isList&gt;false&lt;/isList&gt;&#xD;
    &lt;/parameter&gt;&#xD;
    &lt;parameter&gt;&#xD;
      &lt;name&gt;serverName&lt;/name&gt;&#xD;
      &lt;type&gt;String&lt;/type&gt;&#xD;
      &lt;description&gt;Server name&lt;/description&gt;&#xD;
      &lt;defaultValue /&gt;&#xD;
      &lt;argumentVariable&gt;tw.local.serverName&lt;/argumentVariable&gt;&#xD;
      &lt;isList&gt;false&lt;/isList&gt;&#xD;
    &lt;/parameter&gt;&#xD;
  &lt;/inputParameters&gt;&#xD;
  &lt;outputParameters&gt;&#xD;
    &lt;parameter&gt;&#xD;
      &lt;name&gt;typeDefinitions&lt;/name&gt;&#xD;
      &lt;type&gt;ECMObjectTypeDefinition&lt;/type&gt;&#xD;
      &lt;description&gt;Type definitions&lt;/description&gt;&#xD;
      &lt;defaultValue /&gt;&#xD;
      &lt;argumentVariable&gt;tw.local.typeDefinitions&lt;/argumentVariable&gt;&#xD;
      &lt;isList&gt;true&lt;/isList&gt;&#xD;
    &lt;/parameter&gt;&#xD;
  &lt;/outputParameters&gt;&#xD;
  &lt;matchAllSearchCriteria&gt;true&lt;/matchAllSearchCriteria&gt;&#xD;
  &lt;orderOverride&gt;false&lt;/orderOverride&gt;&#xD;
  &lt;orderOverrideValue&gt;&lt;/orderOverrideValue&gt;&#xD;
  &lt;operationType&gt;SERVER_OP_GET_TYPE_DESCENDANTS&lt;/operationType&gt;&#xD;
  &lt;useMappedVariable&gt;false&lt;/useMappedVariable&gt;&#xD;
  &lt;faultParameterId&gt;2055.43ee9d39-4b49-4144-bb97-ed826246c67d&lt;/faultParameterId&gt;&#xD;
&lt;/config&gt;</definition>
                <guid>guid:d5b59e2cf13bea07:4e41f3cf:13530095222:-7fbc</guid>
                <versionId>1782f4a8-7afc-4f5e-a80d-39bf543f7dff</versionId>
            </TWComponent>
        </item>
        <item>
            <lastModified isNull="true" />
            <lastModifiedBy isNull="true" />
            <processItemId>2025.b74967f2-3b1d-46f8-ab27-d4213f9492ef</processItemId>
            <processId>1.cb1985a2-898f-4ada-8923-d642ee0470b5</processId>
            <name>Add defintions from BPM repository</name>
            <tWComponentName>Script</tWComponentName>
            <tWComponentId>3011.168296a4-5c6d-4fce-b003-467d7170ca03</tWComponentId>
            <isLogEnabled>false</isLogEnabled>
            <isTraceEnabled>false</isTraceEnabled>
            <traceCategory isNull="true" />
            <traceLevel isNull="true" />
            <traceMessage isNull="true" />
            <traceSymbolTable isNull="true" />
            <isExecutionContextTraced>false</isExecutionContextTraced>
            <saveExecutionContext>false</saveExecutionContext>
            <documentation isNull="true" />
            <isErrorHandlerEnabled>false</isErrorHandlerEnabled>
            <errorHandlerItemId isNull="true" />
            <guid>guid:acf29ccaae861560:d167b8d:144807fc6d0:-7ffc</guid>
            <versionId>f8c1a375-030d-4741-a182-57f96ae9b495</versionId>
            <layoutData x="487" y="92">
                <errorLink>
                    <controlPoints />
                    <showEndState>false</showEndState>
                    <showName>false</showName>
                </errorLink>
            </layoutData>
            <TWComponent>
                <lastModified isNull="true" />
                <lastModifiedBy isNull="true" />
                <scriptId>3011.168296a4-5c6d-4fce-b003-467d7170ca03</scriptId>
                <scriptTypeId>2</scriptTypeId>
                <isActive>true</isActive>
                <script>var filterDefinitions = function(definitions) {
    for(var i = 0; i &lt; definitions.listLength; i ++) {
        var definition = definitions[i];
        var oti = definition.objectTypeId;

        if(oti == "CodeModule" || oti == "WorkflowDefinition" || oti == "XMLPropertyMappingScript") {
            definitions.removeIndex(i);
            i --;
        }
    }
};

if(tw.local.serverName == "IBM_BPM_ContentStore") {
    for(var i = 0; i &lt; tw.local.typeDefinitions.listLength; i ++) {
        var definition = tw.local.typeDefinitions[i];

        if(definition.parentId == "cmis:document") {
            // the list that we have is already the children of cmis:document
            tw.system["addRepositoryDocumentTypes"](tw.local.typeDefinitions);
            filterDefinitions(tw.local.typeDefinitions);
            break;
        } else if(definition.objectTypeId == "cmis:document") {
            // we have cmis:document here and need to add it to the children
            tw.system["addRepositoryDocumentTypes"](definition.children);
            filterDefinitions(definition.children);
            break;
        }
    }
}</script>
                <isRule>false</isRule>
                <guid>1c428280-32df-48af-b080-d8d6573b619f</guid>
                <versionId>c00418f5-5673-43f0-b772-3bed14772ccd</versionId>
            </TWComponent>
        </item>
        <startingProcessItemId>2025.bec8895b-0d7e-45ea-ae9b-3b7a86167f5e</startingProcessItemId>
        <errorHandlerItemId isNull="true" />
        <layoutData noConversion="true">
            <errorLink>
                <controlPoints />
                <showEndState>false</showEndState>
                <showName>false</showName>
            </errorLink>
        </layoutData>
        <startPoint>
            <layoutData x="20" y="108">
                <errorLink>
                    <controlPoints />
                    <showEndState>false</showEndState>
                    <showName>false</showName>
                </errorLink>
            </layoutData>
        </startPoint>
        <startLink>
            <fromPort locationId="rightCenter" portType="1" />
            <toPort locationId="leftCenter" portType="2" />
            <layoutData>
                <controlPoints />
                <showEndState>false</showEndState>
                <showName>false</showName>
            </layoutData>
        </startLink>
        <link name="Untitled">
            <lastModified isNull="true" />
            <lastModifiedBy isNull="true" />
            <processLinkId>2027.d4793aa8-7489-4a0c-8653-671e6e5a2081</processLinkId>
            <processId>1.cb1985a2-898f-4ada-8923-d642ee0470b5</processId>
            <description isNull="true" />
            <fromProcessItemId>2025.b74967f2-3b1d-46f8-ab27-d4213f9492ef</fromProcessItemId>
            <endStateId>Out</endStateId>
            <toProcessItemId>2025.bfba9737-3324-4a9b-b4fe-71d04568e6fe</toProcessItemId>
            <guid>1101191d-7305-4c04-852f-faa5d3ed4b40</guid>
            <versionId>72a61df5-630f-4428-b3ed-9155019e2a83</versionId>
            <layoutData>
                <controlPoints />
                <showEndState>false</showEndState>
                <showName>false</showName>
            </layoutData>
            <fromItemPort locationId="rightCenter" portType="1" />
            <toItemPort locationId="leftCenter" portType="2" />
            <fromProcessItemId>2025.b74967f2-3b1d-46f8-ab27-d4213f9492ef</fromProcessItemId>
            <toProcessItemId>2025.bfba9737-3324-4a9b-b4fe-71d04568e6fe</toProcessItemId>
        </link>
        <link name="Untitled">
            <lastModified isNull="true" />
            <lastModifiedBy isNull="true" />
            <processLinkId>2027.7d476c89-52ea-4784-bf30-42d808d2b8a4</processLinkId>
            <processId>1.cb1985a2-898f-4ada-8923-d642ee0470b5</processId>
            <description isNull="true" />
            <fromProcessItemId>2025.bec8895b-0d7e-45ea-ae9b-3b7a86167f5e</fromProcessItemId>
            <endStateId>Out</endStateId>
            <toProcessItemId>2025.b74967f2-3b1d-46f8-ab27-d4213f9492ef</toProcessItemId>
            <guid>be791856-82c1-4220-9a61-78147f171d1c</guid>
            <versionId>d6d04d06-63ef-4251-b97b-0f633e8e6496</versionId>
            <layoutData>
                <controlPoints />
                <showEndState>false</showEndState>
                <showName>false</showName>
            </layoutData>
            <fromItemPort locationId="rightCenter" portType="1" />
            <toItemPort locationId="leftCenter" portType="2" />
            <fromProcessItemId>2025.bec8895b-0d7e-45ea-ae9b-3b7a86167f5e</fromProcessItemId>
            <toProcessItemId>2025.b74967f2-3b1d-46f8-ab27-d4213f9492ef</toProcessItemId>
        </link>
    </process>
</teamworks>

