<?xml version="1.0" encoding="UTF-8"?>
<teamworks>
    <process id="1.d6cfbe20-3203-4287-9675-9242c6f822b9" name="ECM Get All Document Versions">
        <lastModified>1385134371543</lastModified>
        <lastModifiedBy>tw_admin</lastModifiedBy>
        <processId>1.d6cfbe20-3203-4287-9675-9242c6f822b9</processId>
        <image isNull="true" />
        <tabGroup isNull="true" />
        <startingProcessItemId>2025.87b120ed-2ad3-4c17-abfc-27cf9ccf1ede</startingProcessItemId>
        <isRootProcess>false</isRootProcess>
        <processType>2</processType>
        <isErrorHandlerEnabled>false</isErrorHandlerEnabled>
        <errorHandlerItemId isNull="true" />
        <isLoggingVariables>false</isLoggingVariables>
        <isTransactional>false</isTransactional>
        <processTimingLevel isNull="true" />
        <participantRef isNull="true" />
        <exposedType isNull="true" />
        <isTrackingEnabled>true</isTrackingEnabled>
        <xmlData isNull="true" />
        <cachingType>false</cachingType>
        <itemLabel isNull="true" />
        <cacheLength>43200</cacheLength>
        <mobileReady>false</mobileReady>
        <sboSyncEnabled>true</sboSyncEnabled>
        <externalId isNull="true" />
        <isSecured>false</isSecured>
        <description isNull="true" />
        <guid>guid:d5b59e2cf13bea07:4e41f3cf:13530095222:-7ff9</guid>
        <versionId>d9b545f2-0311-42a8-a61a-de3407830049</versionId>
        <dependencySummary isNull="true" />
        <processParameter name="ECMError">
            <lastModified isNull="true" />
            <lastModifiedBy isNull="true" />
            <processParameterId>2055.9d506944-4548-43dd-af73-7602f569bc1c</processParameterId>
            <processId>1.d6cfbe20-3203-4287-9675-9242c6f822b9</processId>
            <parameterType>3</parameterType>
            <isArrayOf>false</isArrayOf>
            <classId>/12.bfb48b9b-8247-49fb-8f78-82b738b817a6</classId>
            <seq>1</seq>
            <hasDefault>false</hasDefault>
            <defaultValue>ECMError</defaultValue>
            <isLocked>false</isLocked>
            <description isNull="true" />
            <guid>guid:d5b59e2cf13bea07:4e41f3cf:13530095222:-7ff2</guid>
            <versionId>fad5e53c-9882-4a1a-b169-c6c653dcb1f4</versionId>
        </processParameter>
        <processParameter name="versionSeriesId">
            <lastModified isNull="true" />
            <lastModifiedBy isNull="true" />
            <processParameterId>2055.e6947b03-0b20-4aed-a7f6-a525241feed5</processParameterId>
            <processId>1.d6cfbe20-3203-4287-9675-9242c6f822b9</processId>
            <parameterType>1</parameterType>
            <isArrayOf>false</isArrayOf>
            <classId>/12.3212d5b3-f692-41b3-a893-343dc5c3df01</classId>
            <seq>2</seq>
            <hasDefault>false</hasDefault>
            <defaultValue isNull="true" />
            <isLocked>false</isLocked>
            <description isNull="true" />
            <guid>guid:d5b59e2cf13bea07:4e41f3cf:13530095222:-7ff0</guid>
            <versionId>7dd8ea6f-9f21-40b3-bf36-0e51bb867185</versionId>
        </processParameter>
        <processParameter name="serverName">
            <lastModified isNull="true" />
            <lastModifiedBy isNull="true" />
            <processParameterId>2055.37eb7b0f-fc07-4b9c-b046-24836a7cd6b0</processParameterId>
            <processId>1.d6cfbe20-3203-4287-9675-9242c6f822b9</processId>
            <parameterType>1</parameterType>
            <isArrayOf>false</isArrayOf>
            <classId>f1e96cc6-5fd9-4002-8b04-107d4ddae78a/12.db884a3c-c533-44b7-bb2d-47bec8ad4022</classId>
            <seq>3</seq>
            <hasDefault>false</hasDefault>
            <defaultValue isNull="true" />
            <isLocked>false</isLocked>
            <description isNull="true" />
            <guid>guid:d5b59e2cf13bea07:4e41f3cf:13530095222:-7fef</guid>
            <versionId>cc02d97a-047c-4ce5-878b-ca7491b938ad</versionId>
        </processParameter>
        <processParameter name="documents">
            <lastModified isNull="true" />
            <lastModifiedBy isNull="true" />
            <processParameterId>2055.1be1e5f9-b55e-4857-9f9b-ddac0e41d7aa</processParameterId>
            <processId>1.d6cfbe20-3203-4287-9675-9242c6f822b9</processId>
            <parameterType>2</parameterType>
            <isArrayOf>true</isArrayOf>
            <classId>/12.490f939c-3c6d-4ef7-9707-33b5b618877a</classId>
            <seq>4</seq>
            <hasDefault>false</hasDefault>
            <defaultValue isNull="true" />
            <isLocked>false</isLocked>
            <description isNull="true" />
            <guid>guid:d5b59e2cf13bea07:4e41f3cf:13530095222:-7fee</guid>
            <versionId>f4dbe552-b5ea-4eaa-8316-15242ff7dfba</versionId>
        </processParameter>
        <item>
            <lastModified isNull="true" />
            <lastModifiedBy isNull="true" />
            <processItemId>2025.c63048be-8b18-4bd0-8fde-0180c8115d81</processItemId>
            <processId>1.d6cfbe20-3203-4287-9675-9242c6f822b9</processId>
            <name>Convert User IDs to User Names</name>
            <tWComponentName>Script</tWComponentName>
            <tWComponentId>3011.97081c3c-c490-494b-ba93-d64ad1f7314d</tWComponentId>
            <isLogEnabled>false</isLogEnabled>
            <isTraceEnabled>false</isTraceEnabled>
            <traceCategory isNull="true" />
            <traceLevel isNull="true" />
            <traceMessage isNull="true" />
            <traceSymbolTable isNull="true" />
            <isExecutionContextTraced>false</isExecutionContextTraced>
            <saveExecutionContext>false</saveExecutionContext>
            <documentation isNull="true" />
            <isErrorHandlerEnabled>false</isErrorHandlerEnabled>
            <errorHandlerItemId isNull="true" />
            <guid>guid:73862ae00ad24944:-4cfe7290:1427ca2fec8:-7ffc</guid>
            <versionId>7666ce53-a779-4127-8909-60650d0c29e3</versionId>
            <layoutData x="453" y="85">
                <errorLink>
                    <controlPoints />
                    <showEndState>false</showEndState>
                    <showName>false</showName>
                </errorLink>
            </layoutData>
            <TWComponent>
                <lastModified isNull="true" />
                <lastModifiedBy isNull="true" />
                <scriptId>3011.97081c3c-c490-494b-ba93-d64ad1f7314d</scriptId>
                <scriptTypeId>2</scriptTypeId>
                <isActive>true</isActive>
                <script>/*
 This server script converts user IDs to user names in the documents list
 for enhanced readability in the Document List coach view 'Modified by' and 
 'Created by' columns
*/

if (tw.local.documents.listLength &gt; 0) {
    var userIdMap = new tw.object.Map();
    
    //Update all documents in the list
    for (var i = 0; i &lt; tw.local.documents.listLength; i++) {
        var doc = tw.local.documents[i];
        
        //We only need to do this for documents in the IBM BPM document store
        if(doc.objectTypeId == 'IBM_BPM_Document') {

            //Iterate through the list of properties to find the UserId property
            for (var j = 0; j &lt; doc.properties.listLength; j++) {
                var property = doc.properties[j];
                
                if(property.objectTypeId == 'IBM_BPM_Document_UserId') {
                    var userId = property.value;
                    
                    //To limit findUserByName requests, previously resolved user names
                    //are cached in a map
                    if (!userIdMap.containsKey(userId)) {
                        var user = tw.system.org.findUserById(userId);
                        var userName = user != null ? user.fullName : userId;
                        userIdMap.put(userId, userName);
                    }
                    
                    //Update the two fields with the resolved full names
                    doc.lastModifiedBy = userIdMap.get(userId);
                    doc.createdBy = userIdMap.get(userId);
                    
                    break;
                }
            }
        }
    }
}</script>
                <isRule>false</isRule>
                <guid>30bd35fd-5dc9-4aee-bd7f-1d864c34c429</guid>
                <versionId>fa586caa-730e-49c6-947b-ffda26c9e668</versionId>
            </TWComponent>
        </item>
        <item>
            <lastModified isNull="true" />
            <lastModifiedBy isNull="true" />
            <processItemId>2025.87b120ed-2ad3-4c17-abfc-27cf9ccf1ede</processItemId>
            <processId>1.d6cfbe20-3203-4287-9675-9242c6f822b9</processId>
            <name>Get all document versions</name>
            <tWComponentName>ECMConnector</tWComponentName>
            <tWComponentId>3030.3cd04988-d574-438a-96eb-1b30c7f88639</tWComponentId>
            <isLogEnabled>false</isLogEnabled>
            <isTraceEnabled>false</isTraceEnabled>
            <traceCategory isNull="true" />
            <traceLevel isNull="true" />
            <traceMessage isNull="true" />
            <traceSymbolTable isNull="true" />
            <isExecutionContextTraced>false</isExecutionContextTraced>
            <saveExecutionContext>false</saveExecutionContext>
            <documentation isNull="true" />
            <isErrorHandlerEnabled>false</isErrorHandlerEnabled>
            <errorHandlerItemId isNull="true" />
            <guid>a160ff1d-5028-496a-8e0b-e22ed9bc972a</guid>
            <versionId>95d87e48-a08e-4c59-9e77-57c382eadc8e</versionId>
            <layoutData x="250" y="85">
                <errorLink>
                    <controlPoints />
                    <showEndState>false</showEndState>
                    <showName>false</showName>
                </errorLink>
            </layoutData>
            <TWComponent>
                <lastModified isNull="true" />
                <lastModifiedBy isNull="true" />
                <ecmConnectorId>3030.3cd04988-d574-438a-96eb-1b30c7f88639</ecmConnectorId>
                <definition>&lt;config type="com.lombardisoftware.client.persistence.ECMConnectorConfiguration"&gt;&#xD;
  &lt;inputParameters&gt;&#xD;
    &lt;parameter&gt;&#xD;
      &lt;name&gt;documentId&lt;/name&gt;&#xD;
      &lt;type&gt;ECMID&lt;/type&gt;&#xD;
      &lt;description&gt;Document ID&lt;/description&gt;&#xD;
      &lt;defaultValue /&gt;&#xD;
      &lt;argumentVariable&gt;tw.local.versionSeriesId&lt;/argumentVariable&gt;&#xD;
      &lt;isList&gt;false&lt;/isList&gt;&#xD;
    &lt;/parameter&gt;&#xD;
    &lt;parameter&gt;&#xD;
      &lt;name&gt;serverName&lt;/name&gt;&#xD;
      &lt;type&gt;String&lt;/type&gt;&#xD;
      &lt;description&gt;Server name&lt;/description&gt;&#xD;
      &lt;defaultValue /&gt;&#xD;
      &lt;argumentVariable&gt;tw.local.serverName&lt;/argumentVariable&gt;&#xD;
      &lt;isList&gt;false&lt;/isList&gt;&#xD;
    &lt;/parameter&gt;&#xD;
  &lt;/inputParameters&gt;&#xD;
  &lt;outputParameters&gt;&#xD;
    &lt;parameter&gt;&#xD;
      &lt;name&gt;documents&lt;/name&gt;&#xD;
      &lt;type&gt;ECMDocument&lt;/type&gt;&#xD;
      &lt;description&gt;Documents&lt;/description&gt;&#xD;
      &lt;defaultValue /&gt;&#xD;
      &lt;argumentVariable&gt;tw.local.documents&lt;/argumentVariable&gt;&#xD;
      &lt;isList&gt;true&lt;/isList&gt;&#xD;
    &lt;/parameter&gt;&#xD;
  &lt;/outputParameters&gt;&#xD;
  &lt;matchAllSearchCriteria&gt;true&lt;/matchAllSearchCriteria&gt;&#xD;
  &lt;orderOverride&gt;false&lt;/orderOverride&gt;&#xD;
  &lt;orderOverrideValue&gt;&lt;/orderOverrideValue&gt;&#xD;
  &lt;operationType&gt;DOC_OP_GET_ALL_DOCUMENT_VERSIONS&lt;/operationType&gt;&#xD;
  &lt;useMappedVariable&gt;false&lt;/useMappedVariable&gt;&#xD;
  &lt;faultParameterId&gt;2055.9d506944-4548-43dd-af73-7602f569bc1c&lt;/faultParameterId&gt;&#xD;
&lt;/config&gt;</definition>
                <guid>guid:d5b59e2cf13bea07:4e41f3cf:13530095222:-7ff3</guid>
                <versionId>f8b619c1-6ea7-4909-bb27-85ba0e714030</versionId>
            </TWComponent>
        </item>
        <item>
            <lastModified isNull="true" />
            <lastModifiedBy isNull="true" />
            <processItemId>2025.01c50130-2a7d-4b2c-9d4c-0047f85ccfc9</processItemId>
            <processId>1.d6cfbe20-3203-4287-9675-9242c6f822b9</processId>
            <name>End</name>
            <tWComponentName>ExitPoint</tWComponentName>
            <tWComponentId>3008.c1e6f60c-0351-4892-af1e-c4c63c590926</tWComponentId>
            <isLogEnabled>false</isLogEnabled>
            <isTraceEnabled>false</isTraceEnabled>
            <traceCategory isNull="true" />
            <traceLevel isNull="true" />
            <traceMessage isNull="true" />
            <traceSymbolTable isNull="true" />
            <isExecutionContextTraced>false</isExecutionContextTraced>
            <saveExecutionContext>true</saveExecutionContext>
            <documentation isNull="true" />
            <isErrorHandlerEnabled>false</isErrorHandlerEnabled>
            <errorHandlerItemId isNull="true" />
            <guid>guid:d5b59e2cf13bea07:4e41f3cf:13530095222:-7ff7</guid>
            <versionId>d297651c-2c2a-4654-9fb4-eefd9250e3b2</versionId>
            <layoutData x="700" y="100">
                <errorLink>
                    <controlPoints />
                    <showEndState>false</showEndState>
                    <showName>false</showName>
                </errorLink>
            </layoutData>
            <TWComponent>
                <lastModified isNull="true" />
                <lastModifiedBy isNull="true" />
                <exitPointId>3008.c1e6f60c-0351-4892-af1e-c4c63c590926</exitPointId>
                <haltProcess>false</haltProcess>
                <guid>guid:d5b59e2cf13bea07:4e41f3cf:13530095222:-7ff6</guid>
                <versionId>3979587a-ae89-42e9-9bef-993a1427914b</versionId>
            </TWComponent>
        </item>
        <startingProcessItemId>2025.87b120ed-2ad3-4c17-abfc-27cf9ccf1ede</startingProcessItemId>
        <errorHandlerItemId isNull="true" />
        <layoutData noConversion="true">
            <errorLink>
                <controlPoints />
                <showEndState>false</showEndState>
                <showName>false</showName>
            </errorLink>
        </layoutData>
        <startPoint>
            <layoutData x="20" y="101">
                <errorLink>
                    <controlPoints />
                    <showEndState>false</showEndState>
                    <showName>false</showName>
                </errorLink>
            </layoutData>
        </startPoint>
        <startLink>
            <fromPort locationId="rightCenter" portType="1" />
            <toPort locationId="leftCenter" portType="2" />
            <layoutData>
                <controlPoints />
                <showEndState>false</showEndState>
                <showName>false</showName>
            </layoutData>
        </startLink>
        <link name="Untitled">
            <lastModified isNull="true" />
            <lastModifiedBy isNull="true" />
            <processLinkId>2027.4d5660ec-9bfa-45fc-a208-e940dd795f9d</processLinkId>
            <processId>1.d6cfbe20-3203-4287-9675-9242c6f822b9</processId>
            <description isNull="true" />
            <fromProcessItemId>2025.c63048be-8b18-4bd0-8fde-0180c8115d81</fromProcessItemId>
            <endStateId>Out</endStateId>
            <toProcessItemId>2025.01c50130-2a7d-4b2c-9d4c-0047f85ccfc9</toProcessItemId>
            <guid>1433faca-6d1f-4b26-accb-dab641710bf0</guid>
            <versionId>a2c5b93d-70f1-47e3-a004-c6e1dabd9845</versionId>
            <layoutData>
                <controlPoints />
                <showEndState>false</showEndState>
                <showName>false</showName>
            </layoutData>
            <fromItemPort locationId="rightCenter" portType="1" />
            <toItemPort locationId="leftCenter" portType="2" />
            <fromProcessItemId>2025.c63048be-8b18-4bd0-8fde-0180c8115d81</fromProcessItemId>
            <toProcessItemId>2025.01c50130-2a7d-4b2c-9d4c-0047f85ccfc9</toProcessItemId>
        </link>
        <link name="Untitled">
            <lastModified isNull="true" />
            <lastModifiedBy isNull="true" />
            <processLinkId>2027.86f26fee-b0ec-4ed2-ba48-39878618ec81</processLinkId>
            <processId>1.d6cfbe20-3203-4287-9675-9242c6f822b9</processId>
            <description isNull="true" />
            <fromProcessItemId>2025.87b120ed-2ad3-4c17-abfc-27cf9ccf1ede</fromProcessItemId>
            <endStateId>Out</endStateId>
            <toProcessItemId>2025.c63048be-8b18-4bd0-8fde-0180c8115d81</toProcessItemId>
            <guid>9995e765-b1bb-4f21-9423-d410652cdee7</guid>
            <versionId>ed8ac5ae-6e63-4d7f-a011-3490cb56147d</versionId>
            <layoutData>
                <controlPoints />
                <showEndState>false</showEndState>
                <showName>false</showName>
            </layoutData>
            <fromItemPort locationId="rightCenter" portType="1" />
            <toItemPort locationId="leftCenter" portType="2" />
            <fromProcessItemId>2025.87b120ed-2ad3-4c17-abfc-27cf9ccf1ede</fromProcessItemId>
            <toProcessItemId>2025.c63048be-8b18-4bd0-8fde-0180c8115d81</toProcessItemId>
        </link>
    </process>
</teamworks>

