<?xml version="1.0" encoding="UTF-8"?>
<teamworks>
    <process id="1.dc66f5e0-a383-4564-a239-d1fff20b9ce5" name="ECM Localization Service">
        <lastModified>1453492146018</lastModified>
        <lastModifiedBy>tw_admin</lastModifiedBy>
        <processId>1.dc66f5e0-a383-4564-a239-d1fff20b9ce5</processId>
        <image isNull="true" />
        <tabGroup isNull="true" />
        <startingProcessItemId>2025.53cf14e2-669b-47b0-a111-a06074c2212b</startingProcessItemId>
        <isRootProcess>false</isRootProcess>
        <processType>2</processType>
        <isErrorHandlerEnabled>false</isErrorHandlerEnabled>
        <errorHandlerItemId isNull="true" />
        <isLoggingVariables>false</isLoggingVariables>
        <isTransactional>false</isTransactional>
        <processTimingLevel isNull="true" />
        <participantRef isNull="true" />
        <exposedType isNull="true" />
        <isTrackingEnabled>true</isTrackingEnabled>
        <xmlData isNull="true" />
        <cachingType>false</cachingType>
        <itemLabel isNull="true" />
        <cacheLength>43200</cacheLength>
        <mobileReady>false</mobileReady>
        <sboSyncEnabled>false</sboSyncEnabled>
        <externalId isNull="true" />
        <isSecured>false</isSecured>
        <description isNull="true" />
        <guid>guid:2b9bc62ff7863450:-7d6738e9:14276731334:-7ffd</guid>
        <versionId>9f626185-c447-4cfd-b58f-c827e9bb7d82</versionId>
        <dependencySummary isNull="true" />
        <processParameter name="output">
            <lastModified isNull="true" />
            <lastModifiedBy isNull="true" />
            <processParameterId>2055.45dc6358-e943-48b0-818b-ec42d041c7a1</processParameterId>
            <processId>1.dc66f5e0-a383-4564-a239-d1fff20b9ce5</processId>
            <parameterType>2</parameterType>
            <isArrayOf>true</isArrayOf>
            <classId>f1e96cc6-5fd9-4002-8b04-107d4ddae78a/12.d2e5a15a-ea53-4793-9e93-29af5bd80b13</classId>
            <seq>1</seq>
            <hasDefault>false</hasDefault>
            <defaultValue isNull="true" />
            <isLocked>false</isLocked>
            <description isNull="true" />
            <guid>ca710231-b025-4f36-b78c-8b4bb10d8860</guid>
            <versionId>312287ae-8960-4923-baf8-1843fb49de4f</versionId>
        </processParameter>
        <item>
            <lastModified isNull="true" />
            <lastModifiedBy isNull="true" />
            <processItemId>2025.53cf14e2-669b-47b0-a111-a06074c2212b</processItemId>
            <processId>1.dc66f5e0-a383-4564-a239-d1fff20b9ce5</processId>
            <name>Initialize Localization Messages</name>
            <tWComponentName>Script</tWComponentName>
            <tWComponentId>3011.dca48b6f-a216-4bb2-951b-04e2f22d7a16</tWComponentId>
            <isLogEnabled>false</isLogEnabled>
            <isTraceEnabled>false</isTraceEnabled>
            <traceCategory isNull="true" />
            <traceLevel isNull="true" />
            <traceMessage isNull="true" />
            <traceSymbolTable isNull="true" />
            <isExecutionContextTraced>false</isExecutionContextTraced>
            <saveExecutionContext>false</saveExecutionContext>
            <documentation isNull="true" />
            <isErrorHandlerEnabled>false</isErrorHandlerEnabled>
            <errorHandlerItemId isNull="true" />
            <guid>guid:2b9bc62ff7863450:-7d6738e9:14276731334:-7ff8</guid>
            <versionId>44a404d9-97ed-45a1-abf1-0a7d74171978</versionId>
            <layoutData x="318" y="90">
                <errorLink>
                    <controlPoints />
                    <showEndState>false</showEndState>
                    <showName>false</showName>
                </errorLink>
            </layoutData>
            <TWComponent>
                <lastModified isNull="true" />
                <lastModifiedBy isNull="true" />
                <scriptId>3011.dca48b6f-a216-4bb2-951b-04e2f22d7a16</scriptId>
                <scriptTypeId>2</scriptTypeId>
                <isActive>true</isActive>
                <script>var createPair = function(name, value) {
    var pair = new tw.object.NameValuePair();
    pair.name = name;
    pair.value = value;
    return pair;
}

var i = 0;
tw.local.output = new tw.object.listOf.NameValuePair();
tw.local.output[i++] = createPair("docControl.collapseButton", tw.resource.DocumentList.docControl.collapseButton);
tw.local.output[i++] = createPair("docControl.getTypeDesc.AJAXErr", tw.resource.DocumentList.docControl.getTypeDesc.AJAXErr);
tw.local.output[i++] = createPair("docControl.getTypeDefn.AJAXErr", tw.resource.DocumentList.docControl.getTypeDefn.AJAXErr);
tw.local.output[i++] = createPair("docControl.cancelCheckout.AJAXErr", tw.resource.DocumentList.docControl.cancelCheckout.AJAXErr);
tw.local.output[i++] = createPair("docControl.docTypesError", tw.resource.DocumentList.docControl.docTypesError);
tw.local.output[i++] = createPair("docControl.docAccessDenied", tw.resource.DocumentList.docControl.docAccessDenied);
tw.local.output[i++] = createPair("docControl.errorMsg.docCreate", tw.resource.DocumentList.docControl.errorMsg.docCreate);
tw.local.output[i++] = createPair("docControl.errorMsg.docUpdate", tw.resource.DocumentList.docControl.errorMsg.docUpdate);
tw.local.output[i++] = createPair("docControl.errorMsg.docSearch",tw.resource.DocumentList.docControl.errorMsg.docSearch);
tw.local.output[i++] = createPair("docControl.errorMsg.getFolder",tw.resource.DocumentList.docControl.errorMsg.getFolder);
tw.local.output[i++] = createPair("docControl.errorMsg.getInstFolderId",tw.resource.DocumentList.docControl.errorMsg.getInstFolderId);
tw.local.output[i++] = createPair("docControl.errorMsg.cancelCheckout",tw.resource.DocumentList.docControl.errorMsg.cancelCheckout);
tw.local.output[i++] = createPair("docControl.errorMsg.checkout", tw.resource.DocumentList.docControl.errorMsg.checkout);
tw.local.output[i++] = createPair("docControl.getDoc.AJAXErr", tw.resource.DocumentList.docControl.getDoc.AJAXErr);
tw.local.output[i++] = createPair("docControl.errorMsg.requiredFields", tw.resource.DocumentList.docControl.errorMsg.requiredFields);
tw.local.output[i++] = createPair("docControl.docType.header", tw.resource.DocumentList.docControl.docType.header);
tw.local.output[i++] = createPair("docControl.docContent.view", tw.resource.DocumentList.docControl.docContent.view);
tw.local.output[i++] = createPair("docControl.successMsg.createFolder", tw.resource.DocumentList.docControl.successMsg.createFolder);
tw.local.output[i++] = createPair("docControl.successMsg.deleteDoc", tw.resource.DocumentList.docControl.successMsg.deleteDoc);
tw.local.output[i++] = createPair("docControl.successMsg.removeDoc", tw.resource.DocumentList.docControl.successMsg.removeDoc);
tw.local.output[i++] = createPair("docControl.successMsg.deleteFolder", tw.resource.DocumentList.docControl.successMsg.deleteFolder);
tw.local.output[i++] = createPair("docControl.errorMsg.createFolder", tw.resource.DocumentList.docControl.errorMsg.createFolder);
tw.local.output[i++] = createPair("docControl.errorMsg.invalidValue",tw.resource.DocumentList.docControl.errorMsg.invalidValue);
tw.local.output[i++] = createPair("docControl.errorMsg.valueRequired",tw.resource.DocumentList.docControl.errorMsg.valueRequired);
tw.local.output[i++] = createPair("docControl.errorMsg.invalidDateTime",tw.resource.DocumentList.docControl.errorMsg.invalidDateTime);
tw.local.output[i++] = createPair("docControl.errorMsg.invalidInteger",tw.resource.DocumentList.docControl.errorMsg.invalidInteger);
tw.local.output[i++] = createPair("docControl.errorMsg.invalidDecimal",tw.resource.DocumentList.docControl.errorMsg.invalidDecimal);
tw.local.output[i++] = createPair("docControl.dropdown.open",tw.resource.DocumentList.docControl.dropdown.open);
tw.local.output[i++] = createPair("docControl.title", tw.resource.DocumentList.docControl.title);
tw.local.output[i++] = createPair("docControl.addBpmDialog.title", tw.resource.DocumentList.docControl.addBpmDialog.title);
tw.local.output[i++] = createPair("docControl.updateBpmDialog.title", tw.resource.DocumentList.docControl.updateBpmDialog.title);
tw.local.output[i++] = createPair("docControl.addDialog.fileName", tw.resource.DocumentList.docControl.addDialog.fileName);
tw.local.output[i++] = createPair("docControl.addDialog.addButton", tw.resource.DocumentList.docControl.addDialog.addButton);
tw.local.output[i++] = createPair("docControl.dialog.okButton", tw.resource.DocumentList.docControl.dialog.okButton);
tw.local.output[i++] = createPair("docControl.addDialog.title", tw.resource.DocumentList.docControl.addDialog.title);
tw.local.output[i++] = createPair("docControl.dropdown.checkout", tw.resource.DocumentList.docControl.dropdown.checkout);
tw.local.output[i++] = createPair("docControl.dropdown.cancelCheckout",tw.resource.DocumentList.docControl.dropdown.cancelCheckout);
tw.local.output[i++] = createPair("docControl.dropdown.viewDocument",tw.resource.DocumentList.docControl.dropdown.viewDocument);
tw.local.output[i++] = createPair("docControl.dropdown.downloadDocument",tw.resource.DocumentList.docControl.dropdown.downloadDocument);
tw.local.output[i++] = createPair("docControl.dropdown.checkoutDownloadDocument",tw.resource.DocumentList.docControl.dropdown.checkoutDownloadDocument);
tw.local.output[i++] = createPair("docControl.dropdown.removeDocument",tw.resource.DocumentList.docControl.dropdown.removeDocument);
tw.local.output[i++] = createPair("docControl.errorMsg.getDocument",tw.resource.DocumentList.docControl.errorMsg.getDocument);
tw.local.output[i++] = createPair("docControl.dropdown.deleteFolder",tw.resource.DocumentList.docControl.dropdown.deleteFolder);
tw.local.output[i++] = createPair("docControl.errorMsg.invalidUrl",tw.resource.DocumentList.docControl.errorMsg.invalidUrl);
tw.local.output[i++] = createPair("docControl.errorMsg.removeDocument",tw.resource.DocumentList.docControl.errorMsg.removeDocument);
tw.local.output[i++] = createPair("docControl.removeDialog.info",tw.resource.DocumentList.docControl.removeDialog.info);
tw.local.output[i++] = createPair("docControl.removeDialog.title",tw.resource.DocumentList.docControl.removeDialog.title);
tw.local.output[i++] = createPair("docControl.removeDialog.quest",tw.resource.DocumentList.docControl.removeDialog.quest);
tw.local.output[i++] = createPair("docControl.dropdown.rename",tw.resource.DocumentList.docControl.dropdown.rename);
tw.local.output[i++] = createPair("docControl.renameDialog.title",tw.resource.DocumentList.docControl.renameDialog.title);
tw.local.output[i++] = createPair("docControl.renameBpmFolderDialog.title",tw.resource.DocumentList.docControl.renameBpmFolderDialog.title);
tw.local.output[i++] = createPair("docControl.renameDialog.renameButton",tw.resource.DocumentList.docControl.renameDialog.renameButton);
tw.local.output[i++] = createPair("docControl.errorMsg.noDocumentsFound",tw.resource.DocumentList.docControl.errorMsg.noDocumentsFound);
tw.local.output[i++] = createPair("docControl.errorMsg.invalidFolderId",tw.resource.DocumentList.docControl.errorMsg.invalidFolderId);
tw.local.output[i++] = createPair("docControl.infoMsg.emptyFolder",tw.resource.DocumentList.docControl.infoMsg.emptyFolder);
tw.local.output[i++] = createPair("docControl.deleteDialog.title",tw.resource.DocumentList.docControl.deleteDialog.title);
tw.local.output[i++] = createPair("docControl.deleteDialog.button",tw.resource.DocumentList.docControl.deleteDialog.button);
tw.local.output[i++] = createPair("docControl.errorMsg.deleteFolderError",tw.resource.DocumentList.docControl.errorMsg.deleteFolderError);
tw.local.output[i++] = createPair("docControl.deleteDialog.quest",tw.resource.DocumentList.docControl.deleteDialog.quest);
tw.local.output[i++] = createPair("docControl.deleteDialog.warning",tw.resource.DocumentList.docControl.deleteDialog.warning);
tw.local.output[i++] = createPair("docControl.removeDialog.button",tw.resource.DocumentList.docControl.removeDialog.button);
tw.local.output[i++] = createPair("docControl.addFolderDialog.title",tw.resource.DocumentList.docControl.addFolderDialog.title);
tw.local.output[i++] = createPair("docControl.addBpmFolderDialog.title",tw.resource.DocumentList.docControl.addBpmFolderDialog.title);
tw.local.output[i++] = createPair("docControl.addFolderDialog.foldername",tw.resource.DocumentList.docControl.addFolderDialog.foldername);
tw.local.output[i++] = createPair("docControl.addFolderDialog.reopenDialogFolder",tw.resource.DocumentList.docControl.addFolderDialog.reopenDialogFolder);
tw.local.output[i++] = createPair("docControl.addFolderDialog.reopenDialogRef",tw.resource.DocumentList.docControl.addFolderDialog.reopenDialogRef);
tw.local.output[i++] = createPair("docControl.successMsg.removeFolder",tw.resource.DocumentList.docControl.successMsg.removeFolder);
tw.local.output[i++] = createPair("docControl.errorMsg.removeFolder",tw.resource.DocumentList.docControl.errorMsg.removeFolder);
tw.local.output[i++] = createPair("docControl.removeDialog.RemFolderTitle",tw.resource.DocumentList.docControl.removeDialog.RemFolderTitle);
tw.local.output[i++] = createPair("docControl.addFolderDialog.validation",tw.resource.DocumentList.docControl.addFolderDialog.validation);
tw.local.output[i++] = createPair("docControl.addFolderDialog.validationCharacters",tw.resource.DocumentList.docControl.addFolderDialog.validationCharacters);
tw.local.output[i++] = createPair("docControl.addFolderDialog.validationUniqueFolder",tw.resource.DocumentList.docControl.addFolderDialog.validationUniqueFolder);
tw.local.output[i++] = createPair("docControl.externalLinkDialog.validationUniqueDocument",tw.resource.DocumentList.docControl.externalLinkDialog.validationUniqueDocument);
tw.local.output[i++] = createPair("docControl.externalLinkDialog.validationUniqueFolderID",tw.resource.DocumentList.docControl.externalLinkDialog.validationUniqueFolderID);
tw.local.output[i++] = createPair("docControl.externalLinkDialog.validationUniqueDocumentID",tw.resource.DocumentList.docControl.externalLinkDialog.validationUniqueDocumentID);
tw.local.output[i++] = createPair("docControl.externalLinkDialog.validationLength256",tw.resource.DocumentList.docControl.externalLinkDialog.validationLength256);
tw.local.output[i++] = createPair("docControl.addButtonDropdown.addDocument",tw.resource.DocumentList.docControl.addButtonDropdown.addDocument);
tw.local.output[i++] = createPair("docControl.addButtonDropdown.addFolder",tw.resource.DocumentList.docControl.addButtonDropdown.addFolder);
tw.local.output[i++] = createPair("docControl.addButtonDropdown.addBpmDocument",tw.resource.DocumentList.docControl.addButtonDropdown.addBpmDocument);
tw.local.output[i++] = createPair("docControl.addButtonDropdown.addBpmFolder",tw.resource.DocumentList.docControl.addButtonDropdown.addBpmFolder);
tw.local.output[i++] = createPair("docControl.addButtonDropdown.refresh",tw.resource.DocumentList.docControl.addButtonDropdown.refresh);
tw.local.output[i++] = createPair("docControl.addButtonDropdown.label",tw.resource.DocumentList.docControl.addButtonDropdown.label);
tw.local.output[i++] = createPair("docControl.propertiesDiaglog.properties",tw.resource.DocumentList.docControl.propertiesDiaglog.properties);
tw.local.output[i++] = createPair("docControl.propertiesDiaglog.propertiesRO",tw.resource.DocumentList.docControl.propertiesDiaglog.propertiesRO);
tw.local.output[i++] = createPair("docControl.checkinDialog.title",tw.resource.DocumentList.docControl.checkinDialog.title);
tw.local.output[i++] = createPair("docControl.checkinDialogBpm.title",tw.resource.DocumentList.docControl.checkinDialogBpm.title);
tw.local.output[i++] = createPair("docControl.checkinDialog.success",tw.resource.DocumentList.docControl.checkinDialog.success);
tw.local.output[i++] = createPair("docControl.checkinDialog.failure",tw.resource.DocumentList.docControl.checkinDialog.failure);
tw.local.output[i++] = createPair("docControl.checkinDialog.info",tw.resource.DocumentList.docControl.checkinDialog.info);
tw.local.output[i++] = createPair("docControl.checkinDialog.checkinButton",tw.resource.DocumentList.docControl.checkinDialog.checkinButton);
tw.local.output[i++] = createPair("docControl.errorMsg.checkinDocument",tw.resource.DocumentList.docControl.errorMsg.checkinDocument);
tw.local.output[i++] = createPair("docControl.dropdown.checkin",tw.resource.DocumentList.docControl.dropdown.checkin);
tw.local.output[i++] = createPair("docControl.button.save",tw.resource.DocumentList.docControl.button.save);
tw.local.output[i++] = createPair("docControl.dropdown.open",tw.resource.DocumentList.docControl.dropdown.open);
tw.local.output[i++] = createPair("docControl.dropdown.properties",tw.resource.DocumentList.docControl.dropdown.properties);
tw.local.output[i++] = createPair("docControl.keepdialogopen",tw.resource.DocumentList.docControl.keepdialogopen);
tw.local.output[i++] = createPair("docControl.documentTitle",tw.resource.DocumentList.docControl.documentTitle);
tw.local.output[i++] = createPair("docControl.type.folder",tw.resource.DocumentList.docControl.type.folder);
tw.local.output[i++] = createPair("docControl.type.document",tw.resource.DocumentList.docControl.type.document);
tw.local.output[i++] = createPair("docControl.type.checkedoutDocument",tw.resource.DocumentList.docControl.type.checkedoutDocument);
tw.local.output[i++] = createPair("docControl.invalidValues",tw.resource.DocumentList.docControl.invalidValues);
tw.local.output[i++] = createPair("docControl.loadingMessage",tw.resource.DocumentList.docControl.loadingMessage);
tw.local.output[i++] = createPair("docControl.rangeMessage",tw.resource.DocumentList.docControl.rangeMessage);
tw.local.output[i++] = createPair("docControl.type.text",tw.resource.DocumentList.docControl.type.text);
tw.local.output[i++] = createPair("docControl.type.pdf",tw.resource.DocumentList.docControl.type.pdf);
tw.local.output[i++] = createPair("docControl.type.word",tw.resource.DocumentList.docControl.type.word);
tw.local.output[i++] = createPair("docControl.type.presentation",tw.resource.DocumentList.docControl.type.presentation);
tw.local.output[i++] = createPair("docControl.type.spreadsheet",tw.resource.DocumentList.docControl.type.spreadsheet);
tw.local.output[i++] = createPair("docControl.type.graphic",tw.resource.DocumentList.docControl.type.graphic);
tw.local.output[i++] = createPair("docControl.type.audio",tw.resource.DocumentList.docControl.type.audio);
tw.local.output[i++] = createPair("docControl.type.video",tw.resource.DocumentList.docControl.type.video);
tw.local.output[i++] = createPair("docControl.type.vcf",tw.resource.DocumentList.docControl.type.vcf);
tw.local.output[i++] = createPair("docControl.type.xml",tw.resource.DocumentList.docControl.type.xml);
tw.local.output[i++] = createPair("docControl.type.html",tw.resource.DocumentList.docControl.type.html);
tw.local.output[i++] = createPair("docControl.browse",tw.resource.DocumentList.docControl.browse);
tw.local.output[i++] = createPair("docControl.successMsg.renameFolder",tw.resource.DocumentList.docControl.successMsg.renameFolder);
tw.local.output[i++] = createPair("docControl.errorMsg.renameFolder",tw.resource.DocumentList.docControl.errorMsg.renameFolder);
tw.local.output[i++] = createPair("docControl.errorMsg.checkinDoc",tw.resource.DocumentList.docControl.errorMsg.checkinDoc);
tw.local.output[i++] = createPair("docControl.errorMsg.cancelCheckoutDoc",tw.resource.DocumentList.docControl.errorMsg.cancelCheckoutDoc);
tw.local.output[i++] = createPair("docControl.errorMsg.updateProperties",tw.resource.DocumentList.docControl.errorMsg.updateProperties);
tw.local.output[i++] = createPair("docControl.errorMsg.invalidArgumentGetChildren", tw.resource.DocumentList.docControl.errorMsg.invalidArgumentGetChildren);
tw.local.output[i++] = createPair("docControl.errorMsg.invalidArgumentDefault", tw.resource.DocumentList.docControl.errorMsg.invalidArgumentDefault);
tw.local.output[i++] = createPair("docControl.errorMsg.objectNotFoundDocument", tw.resource.DocumentList.docControl.errorMsg.objectNotFoundDocument);
tw.local.output[i++] = createPair("docControl.errorMsg.objectNotFoundFolder", tw.resource.DocumentList.docControl.errorMsg.objectNotFoundFolder);
tw.local.output[i++] = createPair("docControl.errorMsg.objectNotFoundFolderPath", tw.resource.DocumentList.docControl.errorMsg.objectNotFoundFolderPath);
tw.local.output[i++] = createPair("docControl.errorMsg.objectNotFoundDefault", tw.resource.DocumentList.docControl.errorMsg.objectNotFoundDefault);
tw.local.output[i++] = createPair("docControl.errorMsg.permissionDeniedDefault", tw.resource.DocumentList.docControl.errorMsg.permissionDeniedDefault);
tw.local.output[i++] = createPair("docControl.errorMsg.notSupportedDefault", tw.resource.DocumentList.docControl.errorMsg.notSupportedDefault);
tw.local.output[i++] = createPair("docControl.errorMsg.defaultMsg", tw.resource.DocumentList.docControl.errorMsg.defaultMsg);
tw.local.output[i++] = createPair("docControl.errorMsg.constraintAddObjectToFolder", tw.resource.DocumentList.docControl.errorMsg.constraintAddObjectToFolder);
tw.local.output[i++] = createPair("docControl.errorMsg.constraintDeleteFolder", tw.resource.DocumentList.docControl.errorMsg.constraintDeleteFolder);
tw.local.output[i++] = createPair("docControl.errorMsg.constraintRenameFolder", tw.resource.DocumentList.docControl.errorMsg.constraintRenameFolder);
tw.local.output[i++] = createPair("docControl.errorMsg.constraintCheckinOut", tw.resource.DocumentList.docControl.errorMsg.constraintCheckinOut);
tw.local.output[i++] = createPair("docControl.errorMsg.constraintDefault", tw.resource.DocumentList.docControl.errorMsg.constraintDefault);
tw.local.output[i++] = createPair("docControl.errorMsg.filterNotValidDefault", tw.resource.DocumentList.docControl.errorMsg.filterNotValidDefault);
tw.local.output[i++] = createPair("docControl.errorMsg.streamNotSupportedDefault", tw.resource.DocumentList.docControl.errorMsg.streamNotSupportedDefault);
tw.local.output[i++] = createPair("docControl.errorMsg.storageDefault", tw.resource.DocumentList.docControl.errorMsg.storageDefault);
tw.local.output[i++] = createPair("docControl.errorMsg.contentAlreadyExistsDefault", tw.resource.DocumentList.docControl.errorMsg.contentAlreadyExistsDefault);
tw.local.output[i++] = createPair("docControl.errorMsg.versioningDefault", tw.resource.DocumentList.docControl.errorMsg.versioningDefault);
tw.local.output[i++] = createPair("docControl.errorMsg.updateConflictDefault", tw.resource.DocumentList.docControl.errorMsg.updateConflictDefault);
tw.local.output[i++] = createPair("docControl.errorMsg.nameConstraintViolationFolderName", tw.resource.DocumentList.docControl.errorMsg.nameConstraintViolationFolderName);
tw.local.output[i++] = createPair("docControl.errorMsg.nameConstraintViolationAddObjectToFolder", tw.resource.DocumentList.docControl.errorMsg.nameConstraintViolationAddObjectToFolder);
tw.local.output[i++] = createPair("docControl.errorMsg.nameConstrantViolationDefault", tw.resource.DocumentList.docControl.errorMsg.nameConstrantViolationDefault);
tw.local.output[i++] = createPair("docControl.errorMsg.getInstanceId",tw.resource.DocumentList.docControl.errorMsg.getInstanceId);
tw.local.output[i++] = createPair("docControl.errorMsg.serverConfigError",tw.resource.DocumentList.docControl.errorMsg.serverConfigError);
tw.local.output[i++] = createPair("docControl.errorMsg.deleteDocument",tw.resource.DocumentList.docControl.errorMsg.deleteDocument);
tw.local.output[i++] = createPair("docControl.errorMsg.documentAuthorizationService",tw.resource.DocumentList.docControl.errorMsg.documentAuthorizationService);
tw.local.output[i++] = createPair("docControl.deleteDocDiag.title",tw.resource.DocumentList.docControl.deleteDocDiag.title);
tw.local.output[i++] = createPair("docControl.deleteDocDiag.quest",tw.resource.DocumentList.docControl.deleteDocDiag.quest);
tw.local.output[i++] = createPair("docControl.deleteDocDiag.quest2",tw.resource.DocumentList.docControl.deleteDocDiag.quest2);
tw.local.output[i++] = createPair("docControl.createReferenceButton",tw.resource.DocumentList.docControl.createReferenceButton);
tw.local.output[i++] = createPair("docControl.successReference",tw.resource.DocumentList.docControl.successReference);
tw.local.output[i++] = createPair("docControl.failReference",tw.resource.DocumentList.docControl.failReference);
tw.local.output[i++] = createPair("docControl.documentRefTitle",tw.resource.DocumentList.docControl.documentRefTitle);
tw.local.output[i++] = createPair("docControl.addButtonDropdown.addReference",tw.resource.DocumentList.docControl.addButtonDropdown.addReference);
tw.local.output[i++] = createPair("docControl.documentRefInfo",tw.resource.DocumentList.docControl.documentRefInfo);
tw.local.output[i++] = createPair("docControl.refInfo.document",tw.resource.DocumentList.docControl.refInfo.document);
tw.local.output[i++] = createPair("docControl.refInfo.folder",tw.resource.DocumentList.docControl.refInfo.folder);
tw.local.output[i++] = createPair("docControl.documentRefHeader",tw.resource.DocumentList.docControl.documentRefHeader);
tw.local.output[i++] = createPair("docControl.externalServerTitle",tw.resource.DocumentList.docControl.externalServerTitle);
tw.local.output[i++] = createPair("docControl.selectServer",tw.resource.DocumentList.docControl.selectServer);
tw.local.output[i++] = createPair("docControl.referenceAsButton",tw.resource.DocumentList.docControl.referenceAsButton);
tw.local.output[i++] = createPair("docControl.dropdown.referenceFolder",tw.resource.DocumentList.docControl.dropdown.referenceFolder);
tw.local.output[i++] = createPair("docControl.dropdown.referenceDoc",tw.resource.DocumentList.docControl.dropdown.referenceDoc);
tw.local.output[i++] = createPair("docControl.dropdown.renameFolRef",tw.resource.DocumentList.docControl.dropdown.renameFolRef);
tw.local.output[i++] = createPair("docControl.dropdown.remFolRef",tw.resource.DocumentList.docControl.dropdown.remFolRef);
tw.local.output[i++] = createPair("docControl.dropdown.renameDocRef",tw.resource.DocumentList.docControl.dropdown.renameDocRef);
tw.local.output[i++] = createPair("docControl.dropdown.remDocRef",tw.resource.DocumentList.docControl.dropdown.remDocRef);
tw.local.output[i++] = createPair("docControl.renameRefDialog.title",tw.resource.DocumentList.docControl.renameRefDialog.title);
tw.local.output[i++] = createPair("docControl.dropdown.renameRef",tw.resource.DocumentList.docControl.dropdown.renameRef);
tw.local.output[i++] = createPair("docControl.successMsg.renameRef",tw.resource.DocumentList.docControl.successMsg.renameRef);
tw.local.output[i++] = createPair("docControl.referenceTooltip",tw.resource.DocumentList.docControl.referenceTooltip);
tw.local.output[i++] = createPair("docControl.referenced",tw.resource.DocumentList.docControl.referenced);
tw.local.output[i++] = createPair("docControl.refDialog.refNameDesc",tw.resource.DocumentList.docControl.refDialog.refNameDesc);
tw.local.output[i++] = createPair("docControl.refDialog.filterPlaceholder",tw.resource.DocumentList.docControl.refDialog.filterPlaceholder);
tw.local.output[i++] = createPair("docControl.refDialog.search",tw.resource.DocumentList.docControl.refDialog.search);
tw.local.output[i++] = createPair("docControl.refDialog.loadMoreButton",tw.resource.DocumentList.docControl.refDialog.loadMoreButton);
tw.local.output[i++] = createPair("docControl.refDialog.itemsLoaded",tw.resource.DocumentList.docControl.refDialog.itemsLoaded);
tw.local.output[i++] = createPair("docControl.updateBpmDialog.refFailed",tw.resource.DocumentList.docControl.updateBpmDialog.refFailed);
tw.local.output[i++] = createPair("docControl.refDialog.refDisplayName",tw.resource.DocumentList.docControl.refDialog.refDisplayName);
tw.local.output[i++] = createPair("documentListView_button_addDoc",tw.resource.DocumentList.documentListView_button_addDoc);
tw.local.output[i++] = createPair("documentListView_button_cancel",tw.resource.DocumentList.documentListView_button_cancel);
tw.local.output[i++] = createPair("documentListView_button_ok",tw.resource.DocumentList.documentListView_button_ok);
tw.local.output[i++] = createPair("documentListView_bpmDocTypeLabel_file",tw.resource.DocumentList.documentListView_bpmDocTypeLabel_file);
tw.local.output[i++] = createPair("documentListView_bpmDocTypeLabel_url",tw.resource.DocumentList.documentListView_bpmDocTypeLabel_url);
tw.local.output[i++] = createPair("documentListView_documentContentHeader",tw.resource.DocumentList.documentListView_documentContentHeader);
tw.local.output[i++] = createPair("documentListView_selectContentHeader",tw.resource.DocumentList.documentListView_selectContentHeader);
tw.local.output[i++] = createPair("documentListView_selectContentHeaderCheckin",tw.resource.DocumentList.documentListView_selectContentHeaderCheckin);
tw.local.output[i++] = createPair("documentListView_selectContentHeaderBpm",tw.resource.DocumentList.documentListView_selectContentHeaderBpm);
tw.local.output[i++] = createPair("documentListView_selectContentHeaderBpmCheckin",tw.resource.DocumentList.documentListView_selectContentHeaderBpmCheckin);
tw.local.output[i++] = createPair("documentListView_bpmDocumentType",tw.resource.DocumentList.documentListView_bpmDocumentType);
tw.local.output[i++] = createPair("documentListView_urlLinkHeader",tw.resource.DocumentList.documentListView_urlLinkHeader);
tw.local.output[i++] = createPair("documentListView_documentCreationFailure",tw.resource.DocumentList.documentListView_documentCreationFailure);
tw.local.output[i++] = createPair("documentListView_documentCreationSuccess",tw.resource.DocumentList.documentListView_documentCreationSuccess);
tw.local.output[i++] = createPair("documentListView_documentPropertiesHeader",tw.resource.DocumentList.documentListView_documentPropertiesHeader);
tw.local.output[i++] = createPair("documentListView_propertiesHeader",tw.resource.DocumentList.documentListView_propertiesHeader);
tw.local.output[i++] = createPair("documentListView_documentTypeHeader",tw.resource.DocumentList.documentListView_documentTypeHeader);
tw.local.output[i++] = createPair("documentListView_typeHeader",tw.resource.DocumentList.documentListView_typeHeader);
tw.local.output[i++] = createPair("documentListView_documentTypesError",tw.resource.DocumentList.documentListView_documentTypesError);
tw.local.output[i++] = createPair("documentListView_getDocumentAJAXSrvcError",tw.resource.DocumentList.documentListView_getDocumentAJAXSrvcError);
tw.local.output[i++] = createPair("documentListView_getTypeDescendantsAJAXSrvcError",tw.resource.DocumentList.documentListView_getTypeDescendantsAJAXSrvcError);
tw.local.output[i++] = createPair("documentListView_getTypeDefinitionAJAXSrvcError",tw.resource.DocumentList.documentListView_getTypeDefinitionAJAXSrvcError);
tw.local.output[i++] = createPair("documentListView_label_file",tw.resource.DocumentList.documentListView_label_file);
tw.local.output[i++] = createPair("documentListView_label_content",tw.resource.DocumentList.documentListView_label_content);
tw.local.output[i++] = createPair("documentListView_label_url",tw.resource.DocumentList.documentListView_label_url);
tw.local.output[i++] = createPair("documentListView_requiredFieldsMissing",tw.resource.DocumentList.documentListView_requiredFieldsMissing);
tw.local.output[i++] = createPair("documentListView_invalidValues",tw.resource.DocumentList.documentListView_invalidValues);
tw.local.output[i++] = createPair("documentListView_invalidInteger",tw.resource.DocumentList.documentListView_invalidInteger);
tw.local.output[i++] = createPair("documentListView_invalidDecimal",tw.resource.DocumentList.documentListView_invalidDecimal);
tw.local.output[i++] = createPair("documentListView_invalidDateTime",tw.resource.DocumentList.documentListView_invalidDateTime);
tw.local.output[i++] = createPair("documentListView_invalidValue",tw.resource.DocumentList.documentListView_invalidValue);
tw.local.output[i++] = createPair("documentListView_selectDate",tw.resource.DocumentList.documentListView_selectDate);
tw.local.output[i++] = createPair("documentListView_viewDoc",tw.resource.DocumentList.documentListView_viewDoc);
tw.local.output[i++] = createPair("documentListView_updateDoc",tw.resource.DocumentList.documentListView_updateDoc);
tw.local.output[i++] = createPair("documentListView_updateDoc_link",tw.resource.DocumentList.documentListView_updateDoc_link);
tw.local.output[i++] = createPair("documentListView_uploadDoc",tw.resource.DocumentList.documentListView_uploadDoc);
tw.local.output[i++] = createPair("documentListView_addDoc",tw.resource.DocumentList.documentListView_addDoc);
tw.local.output[i++] = createPair("documentListView_uploadDoc_button",tw.resource.DocumentList.documentListView_uploadDoc_button);
tw.local.output[i++] = createPair("documentListView_noIdError",tw.resource.DocumentList.documentListView_noIdError);
tw.local.output[i++] = createPair("documentListView_noVersionIdError",tw.resource.DocumentList.documentListView_noVersionIdError);
tw.local.output[i++] = createPair("documentListView_noNameNoContent",tw.resource.DocumentList.documentListView_noNameNoContent);
tw.local.output[i++] = createPair("documentListView_noContentWithName",tw.resource.DocumentList.documentListView_noContentWithName);
tw.local.output[i++] = createPair("documentListView_button_refresh",tw.resource.DocumentList.documentListView_button_refresh);
tw.local.output[i++] = createPair("documentListView_title",tw.resource.DocumentList.documentListView_title);
tw.local.output[i++] = createPair("documentListView_documentSearchError",tw.resource.DocumentList.documentListView_documentSearchError);
tw.local.output[i++] = createPair("documentListView_documentSearchError_missingProperties",tw.resource.DocumentList.documentListView_documentSearchError_missingProperties);
tw.local.output[i++] = createPair("documentListView_documentVersionsError",tw.resource.DocumentList.documentListView_documentVersionsError);
tw.local.output[i++] = createPair("documentListView_documentContentView",tw.resource.DocumentList.documentListView_documentContentView);
tw.local.output[i++] = createPair("documentListView_noDocumentsFound",tw.resource.DocumentList.documentListView_noDocumentsFound);
tw.local.output[i++] = createPair("documentListView_revisionTitle",tw.resource.DocumentList.documentListView_revisionTitle);
tw.local.output[i++] = createPair("documentListView_fileNameTitle",tw.resource.DocumentList.documentListView_fileNameTitle);
tw.local.output[i++] = createPair("documentListView_revisionDateTitle",tw.resource.DocumentList.documentListView_revisionDateTitle);
tw.local.output[i++] = createPair("documentListView_lastModifiedByTitle",tw.resource.DocumentList.documentListView_lastModifiedByTitle);
tw.local.output[i++] = createPair("documentListView_createdByTitle",tw.resource.DocumentList.documentListView_createdByTitle);
tw.local.output[i++] = createPair("documentListView_actionsTitle",tw.resource.DocumentList.documentListView_actionsTitle);
tw.local.output[i++] = createPair("documentListView_pageFirst",tw.resource.DocumentList.documentListView_pageFirst);
tw.local.output[i++] = createPair("documentListView_pageLast",tw.resource.DocumentList.documentListView_pageLast);
tw.local.output[i++] = createPair("documentListView_pageBack",tw.resource.DocumentList.documentListView_pageBack);
tw.local.output[i++] = createPair("documentListView_pageNext",tw.resource.DocumentList.documentListView_pageNext);
tw.local.output[i++] = createPair("documentListView_page",tw.resource.DocumentList.documentListView_page);
tw.local.output[i++] = createPair("documentListView_versionsTitle",tw.resource.DocumentList.documentListView_versionsTitle);
tw.local.output[i++] = createPair("documentListView_URLHeader",tw.resource.DocumentList.documentListView_URLHeader);
tw.local.output[i++] = createPair("documentListView_closeButton",tw.resource.DocumentList.documentListView_closeButton);
tw.local.output[i++] = createPair("documentListView_revisionsTitle",tw.resource.DocumentList.documentListView_revisionsTitle);
tw.local.output[i++] = createPair("documentListView_documentUpdateSuccess",tw.resource.DocumentList.documentListView_documentUpdateSuccess);
tw.local.output[i++] = createPair("documentListView_documentUpdateFailure",tw.resource.DocumentList.documentListView_documentUpdateFailure);
tw.local.output[i++] = createPair("documentListView_documentUpdateWarningUpdateContent",tw.resource.DocumentList.documentListView_documentUpdateWarningUpdateContent);
tw.local.output[i++] = createPair("documentListView_invalidContentUploadSize",tw.resource.DocumentList.documentListView_invalidContentUploadSize);
tw.local.output[i++] = createPair("documentListView_invalidContentUploadSizeWarning",tw.resource.DocumentList.documentListView_invalidContentUploadSizeWarning);
tw.local.output[i++] = createPair("documentListView_valueRequired",tw.resource.DocumentList.documentListView_valueRequired);
tw.local.output[i++] = createPair("documentListView_loading",tw.resource.DocumentList.documentListView_loading);
tw.local.output[i++] = createPair("documentListView_unsupported",tw.resource.DocumentList.documentListView_unsupported);
tw.local.output[i++] = createPair("documentListView_reopenDialog",tw.resource.DocumentList.documentListView_reopenDialog);
tw.local.output[i++] = createPair("documentListView_documentsListError",tw.resource.DocumentList.documentListView_documentsListError);
tw.local.output[i++] = createPair("documentViewerView_title",tw.resource.DocumentList.documentViewerView_title);
tw.local.output[i++] = createPair("documentViewerView_openinnewwindow",tw.resource.DocumentList.documentViewerView_openinnewwindow);
tw.local.output[i++] = createPair("documentViewerView_maximize",tw.resource.DocumentList.documentViewerView_maximize);
tw.local.output[i++] = createPair("documentViewerView_minimize",tw.resource.DocumentList.documentViewerView_minimize);
tw.local.output[i++] = createPair("documentViewerView_restore",tw.resource.DocumentList.documentViewerView_restore);
tw.local.output[i++] = createPair("documentViewerView_optionsMenu",tw.resource.DocumentList.documentViewerView_optionsMenu);
tw.local.output[i++] = createPair("docControl.validation.maxlength",tw.resource.DocumentList.docControl.validation.maxlength);
tw.local.output[i++] = createPair("docControl.validation.max",tw.resource.DocumentList.docControl.validation.max);
tw.local.output[i++] = createPair("docControl.validation.min",tw.resource.DocumentList.docControl.validation.min);
tw.local.output[i++] = createPair("docControl.validation.number",tw.resource.DocumentList.docControl.validation.number);</script>
                <isRule>false</isRule>
                <guid>6d6db9ef-2ff7-4040-a54f-711008d28193</guid>
                <versionId>0a53f1b6-2a55-497e-9216-b37e70443025</versionId>
            </TWComponent>
        </item>
        <item>
            <lastModified isNull="true" />
            <lastModifiedBy isNull="true" />
            <processItemId>2025.7c87ffa5-b36e-4f67-b0b2-54e390042f44</processItemId>
            <processId>1.dc66f5e0-a383-4564-a239-d1fff20b9ce5</processId>
            <name>End</name>
            <tWComponentName>ExitPoint</tWComponentName>
            <tWComponentId>3008.046af384-1a68-4d12-a531-9e94698abf98</tWComponentId>
            <isLogEnabled>false</isLogEnabled>
            <isTraceEnabled>false</isTraceEnabled>
            <traceCategory isNull="true" />
            <traceLevel isNull="true" />
            <traceMessage isNull="true" />
            <traceSymbolTable isNull="true" />
            <isExecutionContextTraced>false</isExecutionContextTraced>
            <saveExecutionContext>true</saveExecutionContext>
            <documentation isNull="true" />
            <isErrorHandlerEnabled>false</isErrorHandlerEnabled>
            <errorHandlerItemId isNull="true" />
            <guid>guid:2b9bc62ff7863450:-7d6738e9:14276731334:-7ffc</guid>
            <versionId>5570efdf-4b4b-4ecc-9855-cfe2b9bc4acf</versionId>
            <layoutData x="700" y="100">
                <errorLink>
                    <controlPoints />
                    <showEndState>false</showEndState>
                    <showName>false</showName>
                </errorLink>
            </layoutData>
            <TWComponent>
                <lastModified isNull="true" />
                <lastModifiedBy isNull="true" />
                <exitPointId>3008.046af384-1a68-4d12-a531-9e94698abf98</exitPointId>
                <haltProcess>false</haltProcess>
                <guid>16f5b316-3017-4377-b022-2fa2e8f8d991</guid>
                <versionId>cb3c78d4-e58d-4d12-a4a8-41256a20da35</versionId>
            </TWComponent>
        </item>
        <RESOURCE_PROCESS_LINK>
            <lastModified isNull="true" />
            <lastModifiedBy isNull="true" />
            <resourceProcessLinkId>2059.bb5a9b82-3bf8-48ee-9156-4865981a1df2</resourceProcessLinkId>
            <resourceBundleGroupId>/50.05a87f6e-92f1-49f0-9cd4-d66479a5ea46</resourceBundleGroupId>
            <processId>1.dc66f5e0-a383-4564-a239-d1fff20b9ce5</processId>
            <guid>ac9bb461-71c7-4be8-af8c-b387d788fcfe</guid>
            <versionId>313e13b6-ba03-40be-b43b-32a67a33b881</versionId>
        </RESOURCE_PROCESS_LINK>
        <startingProcessItemId>2025.53cf14e2-669b-47b0-a111-a06074c2212b</startingProcessItemId>
        <errorHandlerItemId isNull="true" />
        <layoutData noConversion="true">
            <errorLink>
                <controlPoints />
                <showEndState>false</showEndState>
                <showName>false</showName>
            </errorLink>
        </layoutData>
        <startPoint>
            <layoutData x="20" y="100">
                <errorLink>
                    <controlPoints />
                    <showEndState>false</showEndState>
                    <showName>false</showName>
                </errorLink>
            </layoutData>
        </startPoint>
        <startLink>
            <fromPort locationId="rightCenter" portType="1" />
            <toPort locationId="leftCenter" portType="2" />
            <layoutData>
                <controlPoints />
                <showEndState>false</showEndState>
                <showName>false</showName>
            </layoutData>
        </startLink>
        <link name="Untitled">
            <lastModified isNull="true" />
            <lastModifiedBy isNull="true" />
            <processLinkId>2027.22031205-40c4-4126-a990-9d689769509c</processLinkId>
            <processId>1.dc66f5e0-a383-4564-a239-d1fff20b9ce5</processId>
            <description isNull="true" />
            <fromProcessItemId>2025.53cf14e2-669b-47b0-a111-a06074c2212b</fromProcessItemId>
            <endStateId>Out</endStateId>
            <toProcessItemId>2025.7c87ffa5-b36e-4f67-b0b2-54e390042f44</toProcessItemId>
            <guid>8b132e87-4fbe-4168-b64f-65fe223907ce</guid>
            <versionId>cf1dc44c-a294-4158-9c08-158087f08227</versionId>
            <layoutData>
                <controlPoints />
                <showEndState>false</showEndState>
                <showName>false</showName>
            </layoutData>
            <fromItemPort locationId="rightCenter" portType="1" />
            <toItemPort locationId="leftCenter" portType="2" />
            <fromProcessItemId>2025.53cf14e2-669b-47b0-a111-a06074c2212b</fromProcessItemId>
            <toProcessItemId>2025.7c87ffa5-b36e-4f67-b0b2-54e390042f44</toProcessItemId>
        </link>
    </process>
</teamworks>

