<?xml version="1.0" encoding="UTF-8"?>
<teamworks>
    <process id="1.e017aa05-9adb-4d08-a9f9-9abef44f7ccf" name="ECM Update Folder Properties Service">
        <lastModified>1390392758341</lastModified>
        <lastModifiedBy>tw_admin</lastModifiedBy>
        <processId>1.e017aa05-9adb-4d08-a9f9-9abef44f7ccf</processId>
        <image isNull="true" />
        <tabGroup isNull="true" />
        <startingProcessItemId>2025.fa1d6746-a2c1-4f75-a8d3-062a70eff0c6</startingProcessItemId>
        <isRootProcess>false</isRootProcess>
        <processType>2</processType>
        <isErrorHandlerEnabled>false</isErrorHandlerEnabled>
        <errorHandlerItemId isNull="true" />
        <isLoggingVariables>false</isLoggingVariables>
        <isTransactional>false</isTransactional>
        <processTimingLevel isNull="true" />
        <participantRef isNull="true" />
        <exposedType isNull="true" />
        <isTrackingEnabled>true</isTrackingEnabled>
        <xmlData isNull="true" />
        <cachingType>false</cachingType>
        <itemLabel isNull="true" />
        <cacheLength>43200</cacheLength>
        <mobileReady>false</mobileReady>
        <sboSyncEnabled>true</sboSyncEnabled>
        <externalId isNull="true" />
        <isSecured>false</isSecured>
        <description isNull="true" />
        <guid>guid:caa4bdb1ccc32708:-367be5ab:143b880f43a:-7fe0</guid>
        <versionId>ce6ae8ed-1c41-4693-b87f-ca7635866cba</versionId>
        <dependencySummary isNull="true" />
        <processParameter name="ECMError">
            <lastModified isNull="true" />
            <lastModifiedBy isNull="true" />
            <processParameterId>2055.08c272a5-7f05-4e9b-91b9-f5b35715a0db</processParameterId>
            <processId>1.e017aa05-9adb-4d08-a9f9-9abef44f7ccf</processId>
            <parameterType>3</parameterType>
            <isArrayOf>false</isArrayOf>
            <classId>/12.bfb48b9b-8247-49fb-8f78-82b738b817a6</classId>
            <seq>1</seq>
            <hasDefault>false</hasDefault>
            <defaultValue>ECMError</defaultValue>
            <isLocked>false</isLocked>
            <description isNull="true" />
            <guid>89d18186-9bee-4d19-8216-1ff0fd8663a9</guid>
            <versionId>c0671742-e0e9-4fba-8fa1-21e567396d6b</versionId>
        </processParameter>
        <processParameter name="folderId">
            <lastModified isNull="true" />
            <lastModifiedBy isNull="true" />
            <processParameterId>2055.1150e334-b5f0-482a-908e-dd3f208dd1f9</processParameterId>
            <processId>1.e017aa05-9adb-4d08-a9f9-9abef44f7ccf</processId>
            <parameterType>1</parameterType>
            <isArrayOf>false</isArrayOf>
            <classId>/12.3212d5b3-f692-41b3-a893-343dc5c3df01</classId>
            <seq>2</seq>
            <hasDefault>false</hasDefault>
            <defaultValue isNull="true" />
            <isLocked>false</isLocked>
            <description isNull="true" />
            <guid>d00a0491-0e02-451e-b199-8c6aa43655ec</guid>
            <versionId>9c80e9cc-e2e5-4984-ad0f-fbcb2b5e130a</versionId>
        </processParameter>
        <processParameter name="name">
            <lastModified isNull="true" />
            <lastModifiedBy isNull="true" />
            <processParameterId>2055.6c2277dd-852a-42c9-9635-788622d9bc53</processParameterId>
            <processId>1.e017aa05-9adb-4d08-a9f9-9abef44f7ccf</processId>
            <parameterType>1</parameterType>
            <isArrayOf>false</isArrayOf>
            <classId>f1e96cc6-5fd9-4002-8b04-107d4ddae78a/12.db884a3c-c533-44b7-bb2d-47bec8ad4022</classId>
            <seq>3</seq>
            <hasDefault>false</hasDefault>
            <defaultValue isNull="true" />
            <isLocked>false</isLocked>
            <description isNull="true" />
            <guid>32a73303-741e-4441-8ba1-f66a3bd64685</guid>
            <versionId>4163193c-f1e9-4a40-9467-1b24a4cd9131</versionId>
        </processParameter>
        <processParameter name="modifiedFolderId">
            <lastModified isNull="true" />
            <lastModifiedBy isNull="true" />
            <processParameterId>2055.9fdc1912-cd67-46c2-8067-e2da62b81942</processParameterId>
            <processId>1.e017aa05-9adb-4d08-a9f9-9abef44f7ccf</processId>
            <parameterType>2</parameterType>
            <isArrayOf>false</isArrayOf>
            <classId>/12.3212d5b3-f692-41b3-a893-343dc5c3df01</classId>
            <seq>4</seq>
            <hasDefault>false</hasDefault>
            <defaultValue isNull="true" />
            <isLocked>false</isLocked>
            <description isNull="true" />
            <guid>e62391b9-1a02-438c-a160-8be68dfc73ea</guid>
            <versionId>57246eb5-0b92-41e3-9e16-e2e261085723</versionId>
        </processParameter>
        <processParameter name="serverName">
            <lastModified isNull="true" />
            <lastModifiedBy isNull="true" />
            <processParameterId>2055.4f31faaa-cfe5-470f-b7be-9bf88bbd0165</processParameterId>
            <processId>1.e017aa05-9adb-4d08-a9f9-9abef44f7ccf</processId>
            <parameterType>1</parameterType>
            <isArrayOf>false</isArrayOf>
            <classId>f1e96cc6-5fd9-4002-8b04-107d4ddae78a/12.db884a3c-c533-44b7-bb2d-47bec8ad4022</classId>
            <seq>5</seq>
            <hasDefault>false</hasDefault>
            <defaultValue isNull="true" />
            <isLocked>false</isLocked>
            <description isNull="true" />
            <guid>c20eb5aa-9f48-4e64-84b9-32ea21c0c15b</guid>
            <versionId>aa618a9b-a527-4c58-91fb-38e8909c3b29</versionId>
        </processParameter>
        <processParameter name="properties">
            <lastModified isNull="true" />
            <lastModifiedBy isNull="true" />
            <processParameterId>2055.b7c5ba5f-de9d-44b0-9c65-a10306478a4a</processParameterId>
            <processId>1.e017aa05-9adb-4d08-a9f9-9abef44f7ccf</processId>
            <parameterType>1</parameterType>
            <isArrayOf>true</isArrayOf>
            <classId>/12.a4275847-1a37-4d3c-9289-0462d5afbca9</classId>
            <seq>6</seq>
            <hasDefault>false</hasDefault>
            <defaultValue isNull="true" />
            <isLocked>false</isLocked>
            <description isNull="true" />
            <guid>8a907b8e-9c4e-4ab0-b5ce-9ee03a5c33f0</guid>
            <versionId>74eb7702-d1f0-4d91-8cbb-2b0a768555ea</versionId>
        </processParameter>
        <item>
            <lastModified isNull="true" />
            <lastModifiedBy isNull="true" />
            <processItemId>2025.3fca9b25-e3b1-4afe-a992-7483f0bd4b82</processItemId>
            <processId>1.e017aa05-9adb-4d08-a9f9-9abef44f7ccf</processId>
            <name>End</name>
            <tWComponentName>ExitPoint</tWComponentName>
            <tWComponentId>3008.bfcfef34-dccf-47c9-853a-1f5a7e14f13c</tWComponentId>
            <isLogEnabled>false</isLogEnabled>
            <isTraceEnabled>false</isTraceEnabled>
            <traceCategory isNull="true" />
            <traceLevel isNull="true" />
            <traceMessage isNull="true" />
            <traceSymbolTable isNull="true" />
            <isExecutionContextTraced>false</isExecutionContextTraced>
            <saveExecutionContext>true</saveExecutionContext>
            <documentation isNull="true" />
            <isErrorHandlerEnabled>false</isErrorHandlerEnabled>
            <errorHandlerItemId isNull="true" />
            <guid>guid:caa4bdb1ccc32708:-367be5ab:143b880f43a:-7fdf</guid>
            <versionId>723cd90c-cf68-4870-a273-89633cb7bf80</versionId>
            <layoutData x="700" y="100">
                <errorLink>
                    <controlPoints />
                    <showEndState>false</showEndState>
                    <showName>false</showName>
                </errorLink>
            </layoutData>
            <TWComponent>
                <lastModified isNull="true" />
                <lastModifiedBy isNull="true" />
                <exitPointId>3008.bfcfef34-dccf-47c9-853a-1f5a7e14f13c</exitPointId>
                <haltProcess>false</haltProcess>
                <guid>c9e54946-f258-4cb2-b43a-bd1f04315e43</guid>
                <versionId>e5c4adba-4be8-4b41-8998-67ef67a6a593</versionId>
            </TWComponent>
        </item>
        <item>
            <lastModified isNull="true" />
            <lastModifiedBy isNull="true" />
            <processItemId>2025.fa1d6746-a2c1-4f75-a8d3-062a70eff0c6</processItemId>
            <processId>1.e017aa05-9adb-4d08-a9f9-9abef44f7ccf</processId>
            <name>Rename Folder</name>
            <tWComponentName>ECMConnector</tWComponentName>
            <tWComponentId>3030.3f38bbff-0390-4313-b3e4-54cf763c989a</tWComponentId>
            <isLogEnabled>false</isLogEnabled>
            <isTraceEnabled>false</isTraceEnabled>
            <traceCategory isNull="true" />
            <traceLevel isNull="true" />
            <traceMessage isNull="true" />
            <traceSymbolTable isNull="true" />
            <isExecutionContextTraced>false</isExecutionContextTraced>
            <saveExecutionContext>false</saveExecutionContext>
            <documentation isNull="true" />
            <isErrorHandlerEnabled>false</isErrorHandlerEnabled>
            <errorHandlerItemId isNull="true" />
            <guid>7ecec248-ef93-4dba-b21e-c1b172422b6e</guid>
            <versionId>bc69138f-bf4e-401c-8e3f-609f0b0263f2</versionId>
            <layoutData x="312" y="98">
                <errorLink>
                    <controlPoints />
                    <showEndState>false</showEndState>
                    <showName>false</showName>
                </errorLink>
            </layoutData>
            <TWComponent>
                <lastModified isNull="true" />
                <lastModifiedBy isNull="true" />
                <ecmConnectorId>3030.3f38bbff-0390-4313-b3e4-54cf763c989a</ecmConnectorId>
                <definition>&lt;config type="com.lombardisoftware.client.persistence.ECMConnectorConfiguration"&gt;&#xD;
  &lt;inputParameters&gt;&#xD;
    &lt;parameter&gt;&#xD;
      &lt;name&gt;folderId&lt;/name&gt;&#xD;
      &lt;type&gt;ECMID&lt;/type&gt;&#xD;
      &lt;description&gt;Folder ID&lt;/description&gt;&#xD;
      &lt;defaultValue&gt;&lt;/defaultValue&gt;&#xD;
      &lt;argumentVariable&gt;tw.local.folderId&lt;/argumentVariable&gt;&#xD;
      &lt;isArray&gt;&lt;/isArray&gt;&#xD;
      &lt;isList&gt;false&lt;/isList&gt;&#xD;
    &lt;/parameter&gt;&#xD;
    &lt;parameter&gt;&#xD;
      &lt;name&gt;name&lt;/name&gt;&#xD;
      &lt;type&gt;String&lt;/type&gt;&#xD;
      &lt;description&gt;Name&lt;/description&gt;&#xD;
      &lt;defaultValue&gt;&lt;/defaultValue&gt;&#xD;
      &lt;argumentVariable&gt;tw.local.name&lt;/argumentVariable&gt;&#xD;
      &lt;isArray&gt;&lt;/isArray&gt;&#xD;
      &lt;isList&gt;false&lt;/isList&gt;&#xD;
    &lt;/parameter&gt;&#xD;
    &lt;parameter&gt;&#xD;
      &lt;name&gt;properties&lt;/name&gt;&#xD;
      &lt;type&gt;ECMProperty&lt;/type&gt;&#xD;
      &lt;description&gt;Properties&lt;/description&gt;&#xD;
      &lt;defaultValue&gt;&lt;/defaultValue&gt;&#xD;
      &lt;argumentVariable&gt;tw.local.properties&lt;/argumentVariable&gt;&#xD;
      &lt;isArray&gt;&lt;/isArray&gt;&#xD;
      &lt;isList&gt;true&lt;/isList&gt;&#xD;
    &lt;/parameter&gt;&#xD;
    &lt;parameter&gt;&#xD;
      &lt;name&gt;serverName&lt;/name&gt;&#xD;
      &lt;type&gt;String&lt;/type&gt;&#xD;
      &lt;description&gt;Server name&lt;/description&gt;&#xD;
      &lt;defaultValue&gt;&lt;/defaultValue&gt;&#xD;
      &lt;argumentVariable&gt;tw.local.serverName&lt;/argumentVariable&gt;&#xD;
      &lt;isArray&gt;&lt;/isArray&gt;&#xD;
      &lt;isList&gt;false&lt;/isList&gt;&#xD;
    &lt;/parameter&gt;&#xD;
  &lt;/inputParameters&gt;&#xD;
  &lt;outputParameters&gt;&#xD;
    &lt;parameter&gt;&#xD;
      &lt;name&gt;folderId&lt;/name&gt;&#xD;
      &lt;type&gt;ECMID&lt;/type&gt;&#xD;
      &lt;description&gt;Folder ID&lt;/description&gt;&#xD;
      &lt;defaultValue&gt;&lt;/defaultValue&gt;&#xD;
      &lt;argumentVariable&gt;tw.local.modifiedFolderId&lt;/argumentVariable&gt;&#xD;
      &lt;isArray&gt;&lt;/isArray&gt;&#xD;
      &lt;isList&gt;false&lt;/isList&gt;&#xD;
    &lt;/parameter&gt;&#xD;
  &lt;/outputParameters&gt;&#xD;
  &lt;matchAllSearchCriteria&gt;true&lt;/matchAllSearchCriteria&gt;&#xD;
  &lt;searchParameters /&gt;&#xD;
  &lt;selectParameters /&gt;&#xD;
  &lt;orderOverride&gt;false&lt;/orderOverride&gt;&#xD;
  &lt;orderOverrideValue&gt;&lt;/orderOverrideValue&gt;&#xD;
  &lt;operationType&gt;FOLDER_OP_UPDATE_FOLDER_PROPERTIES&lt;/operationType&gt;&#xD;
  &lt;server&gt;useMappingServer&lt;/server&gt;&#xD;
  &lt;objectTypeSelection&gt;DOCUMENT&lt;/objectTypeSelection&gt;&#xD;
  &lt;useMappedVariable&gt;false&lt;/useMappedVariable&gt;&#xD;
  &lt;faultParameterId&gt;2055.08c272a5-7f05-4e9b-91b9-f5b35715a0db&lt;/faultParameterId&gt;&#xD;
&lt;/config&gt;</definition>
                <guid>919309ec-5566-4a20-8d60-02438af0b5bd</guid>
                <versionId>92f06724-4470-4132-a1e0-f215afee050f</versionId>
            </TWComponent>
        </item>
        <startingProcessItemId>2025.fa1d6746-a2c1-4f75-a8d3-062a70eff0c6</startingProcessItemId>
        <errorHandlerItemId isNull="true" />
        <layoutData noConversion="true">
            <errorLink>
                <controlPoints />
                <showEndState>false</showEndState>
                <showName>false</showName>
            </errorLink>
        </layoutData>
        <startPoint>
            <layoutData x="20" y="100">
                <errorLink>
                    <controlPoints />
                    <showEndState>false</showEndState>
                    <showName>false</showName>
                </errorLink>
            </layoutData>
        </startPoint>
        <startLink>
            <fromPort locationId="rightCenter" portType="1" />
            <toPort locationId="leftCenter" portType="2" />
            <layoutData>
                <controlPoints />
                <showEndState>false</showEndState>
                <showName>false</showName>
            </layoutData>
        </startLink>
        <link name="Untitled">
            <lastModified isNull="true" />
            <lastModifiedBy isNull="true" />
            <processLinkId>2027.69ac9fd0-8471-43d3-8ae7-f12c4791ffc9</processLinkId>
            <processId>1.e017aa05-9adb-4d08-a9f9-9abef44f7ccf</processId>
            <description isNull="true" />
            <fromProcessItemId>2025.fa1d6746-a2c1-4f75-a8d3-062a70eff0c6</fromProcessItemId>
            <endStateId>Out</endStateId>
            <toProcessItemId>2025.3fca9b25-e3b1-4afe-a992-7483f0bd4b82</toProcessItemId>
            <guid>8e4142e9-227e-4940-8a1c-0fc6e2361066</guid>
            <versionId>2adceff7-14c2-4dcb-a58e-f12bbe15bc65</versionId>
            <layoutData>
                <controlPoints />
                <showEndState>false</showEndState>
                <showName>false</showName>
            </layoutData>
            <fromItemPort locationId="rightCenter" portType="1" />
            <toItemPort locationId="leftCenter" portType="2" />
            <fromProcessItemId>2025.fa1d6746-a2c1-4f75-a8d3-062a70eff0c6</fromProcessItemId>
            <toProcessItemId>2025.3fca9b25-e3b1-4afe-a992-7483f0bd4b82</toProcessItemId>
        </link>
    </process>
</teamworks>

