<?xml version="1.0" encoding="UTF-8"?>
<teamworks>
    <process id="1.f59cd940-86c2-4951-83ba-eccf8b00c6c6" name="ECM Delete Folder Service">
        <lastModified>1386751228347</lastModified>
        <lastModifiedBy>tw_admin</lastModifiedBy>
        <processId>1.f59cd940-86c2-4951-83ba-eccf8b00c6c6</processId>
        <image isNull="true" />
        <tabGroup isNull="true" />
        <startingProcessItemId>2025.ef5c71f2-e758-491b-9e34-fe57f1e2305d</startingProcessItemId>
        <isRootProcess>false</isRootProcess>
        <processType>2</processType>
        <isErrorHandlerEnabled>false</isErrorHandlerEnabled>
        <errorHandlerItemId isNull="true" />
        <isLoggingVariables>false</isLoggingVariables>
        <isTransactional>false</isTransactional>
        <processTimingLevel isNull="true" />
        <participantRef isNull="true" />
        <exposedType isNull="true" />
        <isTrackingEnabled>true</isTrackingEnabled>
        <xmlData isNull="true" />
        <cachingType>false</cachingType>
        <itemLabel isNull="true" />
        <cacheLength>43200</cacheLength>
        <mobileReady>false</mobileReady>
        <sboSyncEnabled>true</sboSyncEnabled>
        <externalId isNull="true" />
        <isSecured>false</isSecured>
        <description isNull="true" />
        <guid>guid:2411e7392661b157:6ee6ce6b:142e0c1bd35:-7ffd</guid>
        <versionId>fa6937be-dfa2-4255-b03d-3067a2b2211d</versionId>
        <dependencySummary isNull="true" />
        <processParameter name="ECMError">
            <lastModified isNull="true" />
            <lastModifiedBy isNull="true" />
            <processParameterId>2055.e194703c-c9c1-4fdb-a4f9-9a1359c98f77</processParameterId>
            <processId>1.f59cd940-86c2-4951-83ba-eccf8b00c6c6</processId>
            <parameterType>3</parameterType>
            <isArrayOf>false</isArrayOf>
            <classId>/12.bfb48b9b-8247-49fb-8f78-82b738b817a6</classId>
            <seq>1</seq>
            <hasDefault>false</hasDefault>
            <defaultValue>ECMError</defaultValue>
            <isLocked>false</isLocked>
            <description isNull="true" />
            <guid>0d3ebb5e-729b-47dc-b528-decff6af834f</guid>
            <versionId>7ac6d342-b539-4799-ae74-5aca7727a1be</versionId>
        </processParameter>
        <processParameter name="folderId">
            <lastModified isNull="true" />
            <lastModifiedBy isNull="true" />
            <processParameterId>2055.794212d6-7e54-42b6-81b1-f3c8fb2ca27f</processParameterId>
            <processId>1.f59cd940-86c2-4951-83ba-eccf8b00c6c6</processId>
            <parameterType>1</parameterType>
            <isArrayOf>false</isArrayOf>
            <classId>/12.3212d5b3-f692-41b3-a893-343dc5c3df01</classId>
            <seq>2</seq>
            <hasDefault>false</hasDefault>
            <defaultValue isNull="true" />
            <isLocked>false</isLocked>
            <description isNull="true" />
            <guid>8d964ee0-aaaf-4c3b-a513-50811046a46d</guid>
            <versionId>550ecb6f-b570-447b-accb-d67270a7ea32</versionId>
        </processParameter>
        <processParameter name="serverName">
            <lastModified isNull="true" />
            <lastModifiedBy isNull="true" />
            <processParameterId>2055.62660515-2dc3-42a4-a2e0-973ff4f616d5</processParameterId>
            <processId>1.f59cd940-86c2-4951-83ba-eccf8b00c6c6</processId>
            <parameterType>1</parameterType>
            <isArrayOf>false</isArrayOf>
            <classId>f1e96cc6-5fd9-4002-8b04-107d4ddae78a/12.db884a3c-c533-44b7-bb2d-47bec8ad4022</classId>
            <seq>3</seq>
            <hasDefault>false</hasDefault>
            <defaultValue isNull="true" />
            <isLocked>false</isLocked>
            <description isNull="true" />
            <guid>41435185-d87c-4ef2-b3b0-121a5004afa4</guid>
            <versionId>a7dc261c-fc99-424e-99d4-c59ce6547ab2</versionId>
        </processParameter>
        <item>
            <lastModified isNull="true" />
            <lastModifiedBy isNull="true" />
            <processItemId>2025.ef5c71f2-e758-491b-9e34-fe57f1e2305d</processItemId>
            <processId>1.f59cd940-86c2-4951-83ba-eccf8b00c6c6</processId>
            <name>Delete Folder</name>
            <tWComponentName>ECMConnector</tWComponentName>
            <tWComponentId>3030.674c673e-36b6-4849-86c9-98cd4520d344</tWComponentId>
            <isLogEnabled>false</isLogEnabled>
            <isTraceEnabled>false</isTraceEnabled>
            <traceCategory isNull="true" />
            <traceLevel isNull="true" />
            <traceMessage isNull="true" />
            <traceSymbolTable isNull="true" />
            <isExecutionContextTraced>false</isExecutionContextTraced>
            <saveExecutionContext>false</saveExecutionContext>
            <documentation isNull="true" />
            <isErrorHandlerEnabled>false</isErrorHandlerEnabled>
            <errorHandlerItemId isNull="true" />
            <guid>7d1a5e89-a80a-4223-846d-8d3882fe91a4</guid>
            <versionId>730dbce2-531e-46bd-bf83-d75f207fb586</versionId>
            <layoutData x="402" y="128">
                <errorLink>
                    <controlPoints />
                    <showEndState>false</showEndState>
                    <showName>false</showName>
                </errorLink>
            </layoutData>
            <TWComponent>
                <lastModified isNull="true" />
                <lastModifiedBy isNull="true" />
                <ecmConnectorId>3030.674c673e-36b6-4849-86c9-98cd4520d344</ecmConnectorId>
                <definition>&lt;config type="com.lombardisoftware.client.persistence.ECMConnectorConfiguration"&gt;&#xD;
  &lt;inputParameters&gt;&#xD;
    &lt;parameter&gt;&#xD;
      &lt;name&gt;folderId&lt;/name&gt;&#xD;
      &lt;type&gt;ECMID&lt;/type&gt;&#xD;
      &lt;description&gt;Folder ID&lt;/description&gt;&#xD;
      &lt;defaultValue /&gt;&#xD;
      &lt;argumentVariable&gt;tw.local.folderId&lt;/argumentVariable&gt;&#xD;
      &lt;isArray&gt;&lt;/isArray&gt;&#xD;
      &lt;isList&gt;false&lt;/isList&gt;&#xD;
    &lt;/parameter&gt;&#xD;
    &lt;parameter&gt;&#xD;
      &lt;name&gt;serverName&lt;/name&gt;&#xD;
      &lt;type&gt;String&lt;/type&gt;&#xD;
      &lt;description&gt;Server name&lt;/description&gt;&#xD;
      &lt;defaultValue /&gt;&#xD;
      &lt;argumentVariable&gt;tw.local.serverName&lt;/argumentVariable&gt;&#xD;
      &lt;isArray&gt;&lt;/isArray&gt;&#xD;
      &lt;isList&gt;false&lt;/isList&gt;&#xD;
    &lt;/parameter&gt;&#xD;
  &lt;/inputParameters&gt;&#xD;
  &lt;outputParameters /&gt;&#xD;
  &lt;matchAllSearchCriteria&gt;true&lt;/matchAllSearchCriteria&gt;&#xD;
  &lt;searchParameters /&gt;&#xD;
  &lt;selectParameters /&gt;&#xD;
  &lt;orderOverride&gt;false&lt;/orderOverride&gt;&#xD;
  &lt;orderOverrideValue&gt;&lt;/orderOverrideValue&gt;&#xD;
  &lt;operationType&gt;FOLDER_OP_DELETE_FOLDER&lt;/operationType&gt;&#xD;
  &lt;server&gt;useMappingServer&lt;/server&gt;&#xD;
  &lt;objectTypeSelection&gt;DOCUMENT&lt;/objectTypeSelection&gt;&#xD;
  &lt;useMappedVariable&gt;false&lt;/useMappedVariable&gt;&#xD;
  &lt;faultParameterId&gt;2055.e194703c-c9c1-4fdb-a4f9-9a1359c98f77&lt;/faultParameterId&gt;&#xD;
&lt;/config&gt;</definition>
                <guid>445d95af-d743-44b8-b42b-ca9a427ccd70</guid>
                <versionId>b717e6b6-ce76-49ed-b829-f2aa6434b521</versionId>
            </TWComponent>
        </item>
        <item>
            <lastModified isNull="true" />
            <lastModifiedBy isNull="true" />
            <processItemId>2025.5c673065-ed04-4856-9339-05cc9ad92b94</processItemId>
            <processId>1.f59cd940-86c2-4951-83ba-eccf8b00c6c6</processId>
            <name>End</name>
            <tWComponentName>ExitPoint</tWComponentName>
            <tWComponentId>3008.a75b04f1-aaab-40fe-bdd5-9ce347706995</tWComponentId>
            <isLogEnabled>false</isLogEnabled>
            <isTraceEnabled>false</isTraceEnabled>
            <traceCategory isNull="true" />
            <traceLevel isNull="true" />
            <traceMessage isNull="true" />
            <traceSymbolTable isNull="true" />
            <isExecutionContextTraced>false</isExecutionContextTraced>
            <saveExecutionContext>true</saveExecutionContext>
            <documentation isNull="true" />
            <isErrorHandlerEnabled>false</isErrorHandlerEnabled>
            <errorHandlerItemId isNull="true" />
            <guid>guid:2411e7392661b157:6ee6ce6b:142e0c1bd35:-7ffc</guid>
            <versionId>6aa40701-2eec-4d3b-990b-39d177623ac7</versionId>
            <layoutData x="700" y="100">
                <errorLink>
                    <controlPoints />
                    <showEndState>false</showEndState>
                    <showName>false</showName>
                </errorLink>
            </layoutData>
            <TWComponent>
                <lastModified isNull="true" />
                <lastModifiedBy isNull="true" />
                <exitPointId>3008.a75b04f1-aaab-40fe-bdd5-9ce347706995</exitPointId>
                <haltProcess>false</haltProcess>
                <guid>6d3be2d0-51fb-49ad-bbce-c9b5815f0298</guid>
                <versionId>75cc440e-7e5d-44ea-86a2-e8447f3b210d</versionId>
            </TWComponent>
        </item>
        <startingProcessItemId>2025.ef5c71f2-e758-491b-9e34-fe57f1e2305d</startingProcessItemId>
        <errorHandlerItemId isNull="true" />
        <layoutData noConversion="true">
            <errorLink>
                <controlPoints />
                <showEndState>false</showEndState>
                <showName>false</showName>
            </errorLink>
        </layoutData>
        <startPoint>
            <layoutData x="124" y="110">
                <errorLink>
                    <controlPoints />
                    <showEndState>false</showEndState>
                    <showName>false</showName>
                </errorLink>
            </layoutData>
        </startPoint>
        <startLink>
            <fromPort locationId="rightCenter" portType="1" />
            <toPort locationId="bottomCenter" portType="2" />
            <layoutData>
                <controlPoints />
                <showEndState>false</showEndState>
                <showName>false</showName>
            </layoutData>
        </startLink>
        <link name="Untitled">
            <lastModified isNull="true" />
            <lastModifiedBy isNull="true" />
            <processLinkId>2027.1a344cf0-e033-4b25-9dd3-561e8947fe12</processLinkId>
            <processId>1.f59cd940-86c2-4951-83ba-eccf8b00c6c6</processId>
            <description isNull="true" />
            <fromProcessItemId>2025.ef5c71f2-e758-491b-9e34-fe57f1e2305d</fromProcessItemId>
            <endStateId>Out</endStateId>
            <toProcessItemId>2025.5c673065-ed04-4856-9339-05cc9ad92b94</toProcessItemId>
            <guid>1b1eca15-4ec4-4cef-9dc9-df37d251594a</guid>
            <versionId>decec6e1-db8c-496f-81b3-e90f220585e9</versionId>
            <layoutData>
                <controlPoints />
                <showEndState>false</showEndState>
                <showName>false</showName>
            </layoutData>
            <fromItemPort locationId="rightCenter" portType="1" />
            <toItemPort locationId="leftCenter" portType="2" />
            <fromProcessItemId>2025.ef5c71f2-e758-491b-9e34-fe57f1e2305d</fromProcessItemId>
            <toProcessItemId>2025.5c673065-ed04-4856-9339-05cc9ad92b94</toProcessItemId>
        </link>
    </process>
</teamworks>

