<?xml version="1.0" encoding="UTF-8"?>
<teamworks>
    <twClass id="12.563aa5d6-71dc-4815-8846-b7fe57d4b8f4" name="ECMEventType">
        <lastModified>1343046324859</lastModified>
        <lastModifiedBy>Internal TW Admin user</lastModifiedBy>
        <classId>12.563aa5d6-71dc-4815-8846-b7fe57d4b8f4</classId>
        <type>0</type>
        <isSystem>false</isSystem>
        <shared>false</shared>
        <isShadow>false</isShadow>
        <globalLifetime>false</globalLifetime>
        <internalName isNull="true" />
        <extensionType isNull="true" />
        <saveServiceRef isNull="true" />
        <bpmn2Data isNull="true" />
        <externalId isNull="true" />
        <dependencySummary isNull="true" />
        <description>&lt;HTML&gt;&lt;HEAD&gt;&lt;/HEAD&gt;&#xD;
&lt;BODY style="FONT-FAMILY: arial; FONT-SIZE: 10pt" bgColor=#f5f5f5&gt;The ECMEventType object represents the type of an event received from an ECM system.&lt;/BODY&gt;&lt;/HTML&gt;</description>
        <guid>guid:11d1def534ea1be0:2645fcde:138b3c04098:-7ffb</guid>
        <versionId>a1c24de9-cc5e-4e1a-b1ec-1841fb38e525</versionId>
        <definition>
            <validator>
                <className isNull="true" />
                <errorMessage isNull="true" />
                <webWidgetJavaClass isNull="true" />
                <configData>
                    <schema>
                        <simpleType name="ECMEventType">
                            <restriction base="Selection">
                                <option value="CheckOutCanceled" display="" />
                                <option value="CheckedIn" display="" />
                                <option value="CheckedOut" display="" />
                                <option value="ClassChanged" display="" />
                                <option value="ClassifyCompleted" display="" />
                                <option value="Created" display="" />
                                <option value="Deleted" display="" />
                                <option value="Filed" display="" />
                                <option value="Frozen" display="" />
                                <option value="Locked" display="" />
                                <option value="PublishCompleted" display="" />
                                <option value="PublishRequested" display="" />
                                <option value="SecurityUpdated" display="" />
                                <option value="StateChanged" display="" />
                                <option value="Unfiled" display="" />
                                <option value="Unlocked" display="" />
                                <option value="Updated" display="" />
                                <option value="VersionDemoted" display="" />
                                <option value="VersionPromoted" display="" />
                            </restriction>
                        </simpleType>
                    </schema>
                </configData>
            </validator>
            <annotation type="com.lombardisoftware.core.xml.XMLTypeAnnotation" version="2.0">
                <exclude isNull="true" />
                <anonymous isNull="true" />
                <name isNull="true" />
                <namespace isNull="true" />
                <elementName isNull="true" />
                <elementNamespace isNull="true" />
                <protoTypeName isNull="true" />
                <baseTypeName isNull="true" />
                <specialType isNull="true" />
                <contentTypeVariety isNull="true" />
                <xscRef isNull="true" />
            </annotation>
        </definition>
    </twClass>
</teamworks>

