<?xml version="1.0" encoding="UTF-8"?>
<teamworks>
    <twClass id="12.777cfaf5-13e4-4dbc-b28f-935bbfe2df1e" name="DocumentSelection">
        <lastModified>1396598150177</lastModified>
        <lastModifiedBy>Internal TW Admin user</lastModifiedBy>
        <classId>12.777cfaf5-13e4-4dbc-b28f-935bbfe2df1e</classId>
        <type>0</type>
        <isSystem>false</isSystem>
        <shared>false</shared>
        <isShadow>false</isShadow>
        <globalLifetime>false</globalLifetime>
        <internalName isNull="true" />
        <extensionType isNull="true" />
        <saveServiceRef isNull="true" />
        <bpmn2Data isNull="true" />
        <externalId isNull="true" />
        <dependencySummary isNull="true" />
        <description>Specifies the upload options when creating documents in the IBM BPM document store.</description>
        <guid>guid:8addc4e8dc818346:-4ab4d100:13a1e057831:-732c</guid>
        <versionId>55a43653-fe0d-4e84-b724-1468a046ab6f</versionId>
        <definition>
            <validator>
                <className isNull="true" />
                <errorMessage isNull="true" />
                <webWidgetJavaClass isNull="true" />
                <configData>
                    <schema>
                        <simpleType name="DocumentSelection">
                            <restriction base="Selection">
                                <option value="BPM" display="BPM Documents" />
                                <option value="ECM" display="ECM Documents" />
                            </restriction>
                        </simpleType>
                    </schema>
                </configData>
            </validator>
            <annotation type="com.lombardisoftware.core.xml.XMLTypeAnnotation" version="2.0">
                <exclude isNull="true" />
                <anonymous isNull="true" />
                <name isNull="true" />
                <namespace isNull="true" />
                <elementName isNull="true" />
                <elementNamespace isNull="true" />
                <protoTypeName isNull="true" />
                <baseTypeName isNull="true" />
                <specialType isNull="true" />
                <contentTypeVariety isNull="true" />
                <xscRef isNull="true" />
            </annotation>
        </definition>
    </twClass>
</teamworks>

