<?xml version="1.0" encoding="UTF-8"?>
<teamworks>
    <managedAsset id="61.0fc78575-032c-4d16-8070-bd8da1026fa9" name="ecm_doclist_palette_icon.png">
        <lastModified>1455300286711</lastModified>
        <lastModifiedBy>tw_admin</lastModifiedBy>
        <managedAssetId>61.0fc78575-032c-4d16-8070-bd8da1026fa9</managedAssetId>
        <assetUuid>35a0263f-48dc-4a4f-9477-0dd00e08bb86</assetUuid>
        <mimeType>image/png</mimeType>
        <charEncoding isNull="true" />
        <assetTypeCode>W</assetTypeCode>
        <length>537</length>
        <localLastModification>1454557178000</localLastModification>
        <description isNull="true" />
        <isDocumentationFile>false</isDocumentationFile>
        <guid>guid:d5b59e2cf13bea07:-de335b4:13530014dba:-7c29</guid>
        <versionId>b1c65835-895d-49ba-8d9e-2105eb15c73b</versionId>
    </managedAsset>
</teamworks>

