<?xml version="1.0" encoding="UTF-8"?>
<teamworks>
    <managedAsset id="61.49f50f6a-7ac7-495f-b01b-984280b26862" name="ecm_docexp_palette_icon_resp.png">
        <lastModified>1455300459150</lastModified>
        <lastModifiedBy>tw_admin</lastModifiedBy>
        <managedAssetId>61.49f50f6a-7ac7-495f-b01b-984280b26862</managedAssetId>
        <assetUuid>adcec6a5-0e3e-47c7-8e24-f9c7809087e4</assetUuid>
        <mimeType>image/png</mimeType>
        <charEncoding isNull="true" />
        <assetTypeCode>W</assetTypeCode>
        <length>811</length>
        <localLastModification>1454557178000</localLastModification>
        <description isNull="true" />
        <isDocumentationFile>false</isDocumentationFile>
        <guid>6c03c08f-ed4c-4599-bb60-2afd4194cf02</guid>
        <versionId>08ad9985-9845-4e81-8ca1-091b63d63e8f</versionId>
    </managedAsset>
</teamworks>

