<?xml version="1.0" encoding="UTF-8"?>
<teamworks>
    <managedAsset id="61.52054a0b-a3b6-4fb7-b440-eedbbcadfb2d" name="documentList.js">
        <lastModified>1450451737604</lastModified>
        <lastModifiedBy>tw_admin</lastModifiedBy>
        <managedAssetId>61.52054a0b-a3b6-4fb7-b440-eedbbcadfb2d</managedAssetId>
        <assetUuid>21533a84-3864-4bee-b535-57e0cf3da05e</assetUuid>
        <mimeType>application/javascript</mimeType>
        <charEncoding isNull="true" />
        <assetTypeCode>W</assetTypeCode>
        <length>102193</length>
        <localLastModification>1450291857935</localLastModification>
        <description isNull="true" />
        <isDocumentationFile>false</isDocumentationFile>
        <guid>guid:d5b59e2cf13bea07:-de335b4:13530014dba:-7bcf</guid>
        <versionId>e9109b79-1d43-4649-a6eb-7c362e6bc90c</versionId>
    </managedAsset>
</teamworks>

