<?xml version="1.0" encoding="UTF-8"?>
<teamworks>
    <managedAsset id="61.7074ac40-01fc-4b3a-8bd9-547b89f49943" name="content-controls.min.zip">
        <lastModified>1446128736031</lastModified>
        <lastModifiedBy>tw_admin</lastModifiedBy>
        <managedAssetId>61.7074ac40-01fc-4b3a-8bd9-547b89f49943</managedAssetId>
        <assetUuid>77a689d4-85ed-4008-87c0-7ce680e583c8</assetUuid>
        <mimeType>application/zip</mimeType>
        <charEncoding isNull="true" />
        <assetTypeCode>W</assetTypeCode>
        <length>25008</length>
        <localLastModification>1426459314130</localLastModification>
        <description isNull="true" />
        <isDocumentationFile>false</isDocumentationFile>
        <guid>2c5880d9-179c-48f8-8a85-3cc21eff0ad8</guid>
        <versionId>3d7f13e2-984e-470f-8c4f-434f34306d19</versionId>
    </managedAsset>
</teamworks>

