<?xml version="1.0" encoding="UTF-8"?>
<teamworks>
    <managedAsset id="61.796bf3c1-c09e-4d17-b347-4b99adfb5708" name="ecmDocumentExplorerPreview.png">
        <lastModified>1453229728043</lastModified>
        <lastModifiedBy>tw_admin</lastModifiedBy>
        <managedAssetId>61.796bf3c1-c09e-4d17-b347-4b99adfb5708</managedAssetId>
        <assetUuid>89fc6b3b-e5a3-4c21-b9ab-86a06dd08145</assetUuid>
        <mimeType>image/png</mimeType>
        <charEncoding isNull="true" />
        <assetTypeCode>W</assetTypeCode>
        <length>17915</length>
        <localLastModification>1453226399139</localLastModification>
        <description isNull="true" />
        <isDocumentationFile>false</isDocumentationFile>
        <guid>5c9742bf-c84d-4353-b60f-87f56a1ac646</guid>
        <versionId>d95e7d33-5ac5-4d1d-bdf1-b29fe05eaa36</versionId>
    </managedAsset>
</teamworks>

