<?xml version="1.0" encoding="UTF-8"?>
<teamworks>
    <managedAsset id="61.72c6e463-c43d-4110-a311-1448ef8dfc87" name="documentAttachment-fieldset.js">
        <lastModified>1413920884989</lastModified>
        <lastModifiedBy>Internal TW Admin user</lastModifiedBy>
        <managedAssetId>61.72c6e463-c43d-4110-a311-1448ef8dfc87</managedAssetId>
        <assetUuid>f235effa-45d8-456d-bb7f-89c5f93ff05f</assetUuid>
        <mimeType>application/javascript</mimeType>
        <charEncoding isNull="true" />
        <assetTypeCode>W</assetTypeCode>
        <length>18968</length>
        <localLastModification>1413316738467</localLastModification>
        <description isNull="true" />
        <isDocumentationFile>false</isDocumentationFile>
        <guid>guid:d5b59e2cf13bea07:-de335b4:13530014dba:-7bce</guid>
        <versionId>6b26a02d-f548-4cc1-8d14-589d615063c7</versionId>
    </managedAsset>
</teamworks>

