<?xml version="1.0" encoding="UTF-8"?>
<teamworks>
    <managedAsset id="61.8e56d07f-af8f-4baa-a390-87fa1d7be892" name="ecm_docexp_palette_icon.png">
        <lastModified>1455300459511</lastModified>
        <lastModifiedBy>tw_admin</lastModifiedBy>
        <managedAssetId>61.8e56d07f-af8f-4baa-a390-87fa1d7be892</managedAssetId>
        <assetUuid>2a427c6d-42aa-4961-848e-226eb3821c95</assetUuid>
        <mimeType>image/png</mimeType>
        <charEncoding isNull="true" />
        <assetTypeCode>W</assetTypeCode>
        <length>593</length>
        <localLastModification>1454557178000</localLastModification>
        <description isNull="true" />
        <isDocumentationFile>false</isDocumentationFile>
        <guid>f972f2dc-1360-4122-89b7-1cfac35dac6d</guid>
        <versionId>261de437-14a8-4813-9bef-79e2c7cbd8b8</versionId>
    </managedAsset>
</teamworks>

