<?xml version="1.0" encoding="UTF-8"?>
<teamworks>
    <managedAsset id="61.8bcb34fc-d295-4d40-bcae-7d97aad15427" name="coach_ng_utilities.zip">
        <lastModified>1446128752006</lastModified>
        <lastModifiedBy>tw_admin</lastModifiedBy>
        <managedAssetId>61.8bcb34fc-d295-4d40-bcae-7d97aad15427</managedAssetId>
        <assetUuid>6a885340-27c1-4d3b-9758-b15948212b56</assetUuid>
        <mimeType>application/zip</mimeType>
        <charEncoding isNull="true" />
        <assetTypeCode>W</assetTypeCode>
        <length>118487</length>
        <localLastModification>1438119546930</localLastModification>
        <description isNull="true" />
        <isDocumentationFile>false</isDocumentationFile>
        <guid>964a5a2c-8cec-4b69-a5a2-8246dd9a5c4a</guid>
        <versionId>e5ece5d1-c343-4921-8257-ccde39e52ab4</versionId>
    </managedAsset>
</teamworks>

