<?xml version="1.0" encoding="UTF-8"?>
<teamworks>
    <managedAsset id="61.80154575-9985-4080-928c-8020db9b5575" name="documentList-util.js">
        <lastModified>1413895173014</lastModified>
        <lastModifiedBy>tw_admin</lastModifiedBy>
        <managedAssetId>61.80154575-9985-4080-928c-8020db9b5575</managedAssetId>
        <assetUuid>60797723-f31f-4e22-8a38-29c6366d242f</assetUuid>
        <mimeType>application/javascript</mimeType>
        <charEncoding isNull="true" />
        <assetTypeCode>W</assetTypeCode>
        <length>16312</length>
        <localLastModification>1376522390475</localLastModification>
        <description isNull="true" />
        <isDocumentationFile>false</isDocumentationFile>
        <guid>guid:d5b59e2cf13bea07:-de335b4:13530014dba:-7bcd</guid>
        <versionId>32eb931e-2d54-4f6a-a1b1-203621ce2d88</versionId>
    </managedAsset>
</teamworks>

