<?xml version="1.0" encoding="UTF-8"?>
<teamworks>
    <managedAsset id="61.89501149-b858-4ab4-91c1-53e5e325d88e" name="docList.preview.min.js">
        <lastModified>1444146901413</lastModified>
        <lastModifiedBy>tw_admin</lastModifiedBy>
        <managedAssetId>61.89501149-b858-4ab4-91c1-53e5e325d88e</managedAssetId>
        <assetUuid>3c8643c9-0d33-47cc-8112-8943faf9f1fd</assetUuid>
        <mimeType>application/javascript</mimeType>
        <charEncoding isNull="true" />
        <assetTypeCode>W</assetTypeCode>
        <length>958</length>
        <localLastModification>1444146403130</localLastModification>
        <description isNull="true" />
        <isDocumentationFile>false</isDocumentationFile>
        <guid>c3a1611a-0d3c-42b8-a4a0-a3ef77bf95c4</guid>
        <versionId>a9eac1c9-2081-442b-8b77-3a3256d9b318</versionId>
    </managedAsset>
</teamworks>

