<?xml version="1.0" encoding="UTF-8"?>
<teamworks>
    <managedAsset id="61.ad1b2cca-f0a4-4eff-9941-c3b0c7b3b7da" name="ecm_caseDocumentList_Layout.png">
        <lastModified>1413895193742</lastModified>
        <lastModifiedBy>tw_admin</lastModifiedBy>
        <managedAssetId>61.ad1b2cca-f0a4-4eff-9941-c3b0c7b3b7da</managedAssetId>
        <assetUuid>6a19c081-423b-4e37-9f17-0292f30da745</assetUuid>
        <mimeType>image/png</mimeType>
        <charEncoding isNull="true" />
        <assetTypeCode>W</assetTypeCode>
        <length>30335</length>
        <localLastModification>1387425662000</localLastModification>
        <description isNull="true" />
        <isDocumentationFile>false</isDocumentationFile>
        <guid>4404a7bb-1a3d-43fe-a62b-103dfb2d6a4a</guid>
        <versionId>a3db84ba-2716-4515-9f0c-62f7fe82c7f0</versionId>
    </managedAsset>
</teamworks>

