<?xml version="1.0" encoding="UTF-8"?>
<teamworks>
    <managedAsset id="61.bf01a239-7065-4a3c-a613-aa6ce7103df2" name="docExplorer.preview.min.js">
        <lastModified>1444146893013</lastModified>
        <lastModifiedBy>tw_admin</lastModifiedBy>
        <managedAssetId>61.bf01a239-7065-4a3c-a613-aa6ce7103df2</managedAssetId>
        <assetUuid>552f84d2-757d-442e-8e8c-aa940f94f239</assetUuid>
        <mimeType>application/javascript</mimeType>
        <charEncoding isNull="true" />
        <assetTypeCode>W</assetTypeCode>
        <length>962</length>
        <localLastModification>1444146450756</localLastModification>
        <description isNull="true" />
        <isDocumentationFile>false</isDocumentationFile>
        <guid>89ba79e9-0970-4ee4-85e4-83e58abe33df</guid>
        <versionId>3b584db1-8fcb-4c58-a845-6090dbddb90a</versionId>
    </managedAsset>
</teamworks>

