<?xml version="1.0" encoding="UTF-8"?>
<teamworks>
    <managedAsset id="61.beb38db1-44f8-4e4a-91a8-0cd624def432" name="responsiveDocExplorer.html">
        <lastModified>1446128824773</lastModified>
        <lastModifiedBy>tw_admin</lastModifiedBy>
        <managedAssetId>61.beb38db1-44f8-4e4a-91a8-0cd624def432</managedAssetId>
        <assetUuid>3fa54756-ee94-4476-8b22-6f78b0ac09d6</assetUuid>
        <mimeType>text/html</mimeType>
        <charEncoding isNull="true" />
        <assetTypeCode>W</assetTypeCode>
        <length>22150</length>
        <localLastModification>1426592549282</localLastModification>
        <description isNull="true" />
        <isDocumentationFile>false</isDocumentationFile>
        <guid>f3850fc1-8928-40a1-8b0a-c3a3c81c5781</guid>
        <versionId>daaa0e05-3e10-455f-ba26-7bbadb524357</versionId>
    </managedAsset>
</teamworks>

