<?xml version="1.0" encoding="UTF-8"?>
<teamworks>
    <managedAsset id="61.b3c49cbe-d194-4aaa-a7da-e66caa75dadc" name="dashboards_artifacts.zip">
        <lastModified>1446128785725</lastModified>
        <lastModifiedBy>tw_admin</lastModifiedBy>
        <managedAssetId>61.b3c49cbe-d194-4aaa-a7da-e66caa75dadc</managedAssetId>
        <assetUuid>445a28ea-a6b1-49f2-a46f-3aa911136881</assetUuid>
        <mimeType>application/zip</mimeType>
        <charEncoding isNull="true" />
        <assetTypeCode>W</assetTypeCode>
        <length>2815840</length>
        <localLastModification>1395989310418</localLastModification>
        <description isNull="true" />
        <isDocumentationFile>false</isDocumentationFile>
        <guid>8d3c82e9-f1b5-47dc-acd6-b825c8e02e5e</guid>
        <versionId>91f559d1-852d-4b7c-9deb-d4eac00bb79d</versionId>
    </managedAsset>
</teamworks>

