<?xml version="1.0" encoding="UTF-8"?>
<teamworks>
    <managedAsset id="61.c40711a5-c8a7-4fd3-9318-cceacc357700" name="ecmDialogTemplate.html">
        <lastModified>1446128852507</lastModified>
        <lastModifiedBy>tw_admin</lastModifiedBy>
        <managedAssetId>61.c40711a5-c8a7-4fd3-9318-cceacc357700</managedAssetId>
        <assetUuid>50969045-f7f7-4350-8a91-698fd3a4747e</assetUuid>
        <mimeType>text/html</mimeType>
        <charEncoding isNull="true" />
        <assetTypeCode>W</assetTypeCode>
        <length>37243</length>
        <localLastModification>1427124510000</localLastModification>
        <description isNull="true" />
        <isDocumentationFile>false</isDocumentationFile>
        <guid>ec963f6f-5c5d-43d5-8568-1e6a1e332b0e</guid>
        <versionId>532054db-f3c2-404a-b06e-8faea2e867ed</versionId>
    </managedAsset>
</teamworks>

