<?xml version="1.0" encoding="UTF-8"?>
<teamworks>
    <coachView id="64.33c25271-8772-4882-b310-efa40ed58e0b" name="Heritage Document Explorer">
        <lastModified>1452282403446</lastModified>
        <lastModifiedBy>tw_admin</lastModifiedBy>
        <coachViewId>64.33c25271-8772-4882-b310-efa40ed58e0b</coachViewId>
        <isTemplate>false</isTemplate>
        <layout>&lt;?xml version="1.0" encoding="UTF-8"?&gt;&#xD;
&lt;layout xmlns:xsi="http://www.w3.org/2001/XMLSchema-instance" xmlns="http://www.ibm.com/bpm/CoachDesignerNG"&gt;&#xD;
  &lt;layoutItem xsi:type="CustomHTML"&gt;&#xD;
    &lt;layoutItemId&gt;CustomHTML1&lt;/layoutItemId&gt;&#xD;
    &lt;configData&gt;&#xD;
      &lt;optionName&gt;@customHTML.textContent&lt;/optionName&gt;&#xD;
      &lt;value&gt;&amp;lt;div class=&amp;quot;BPMCollapsibleSectionWithActions BPMSection&amp;quot;&gt;&amp;#xD;&#xD;
	&amp;lt;div id=&amp;quot;$$viewDOMID$$_CollapsibleSectionWithActions&amp;quot; data-dojo-type=&amp;quot;com.ibm.bpm.dashboards/controls/section/CollapsibleSectionWithActions&amp;quot;&gt;&amp;#xD;&#xD;
		&amp;lt;div id=&amp;quot;$$viewDOMID$$_DocumentControl&amp;quot;&gt;&amp;lt;/div&gt;&amp;#xD;&#xD;
	&amp;lt;/div&gt;&amp;#xD;&#xD;
&amp;lt;/div&gt;&lt;/value&gt;&#xD;
    &lt;/configData&gt;&#xD;
    &lt;configData&gt;&#xD;
      &lt;optionName&gt;@customHTML.contentType&lt;/optionName&gt;&#xD;
      &lt;value&gt;TEXT&lt;/value&gt;&#xD;
    &lt;/configData&gt;&#xD;
    &lt;configData&gt;&#xD;
      &lt;optionName&gt;@customHTML.variableContent&lt;/optionName&gt;&#xD;
    &lt;/configData&gt;&#xD;
    &lt;configData&gt;&#xD;
      &lt;optionName&gt;@customHTML.assetContent&lt;/optionName&gt;&#xD;
    &lt;/configData&gt;&#xD;
  &lt;/layoutItem&gt;&#xD;
&lt;/layout&gt;</layout>
        <paletteIcon>/61.8e56d07f-af8f-4baa-a390-87fa1d7be892</paletteIcon>
        <previewImage>/61.ad1b2cca-f0a4-4eff-9941-c3b0c7b3b7da</previewImage>
        <hasLabel>false</hasLabel>
        <labelPosition>0</labelPosition>
        <nineSliceX1Coord>0</nineSliceX1Coord>
        <nineSliceX2Coord>260</nineSliceX2Coord>
        <nineSliceY1Coord>0</nineSliceY1Coord>
        <nineSliceY2Coord>306</nineSliceY2Coord>
        <emitBoundary>false</emitBoundary>
        <isPrototypeFunc>false</isPrototypeFunc>
        <enableDevMode>false</enableDevMode>
        <isMobileReady>false</isMobileReady>
        <loadJsFunction>var msgs = dutils.initLocalizedMessages(this.context.options.localizationService.url, this.context);
this.nlsMsgs = msgs;


var id = this.context.element.id;
this.CSWA = dijitRegistry.byId(id +"_CollapsibleSectionWithActions");
if (!!this.CSWA) {
  var title = null;
  if (!!this.context.options.sectionTitle) {
   title = this.context.options.sectionTitle.get("value");
  }
  if (!title) {
    title = msgs["docControl.title"];
  }
  this.CSWA.setConfig({
    id: id,
    title: title,
    collapsible: !!this.context.options.collapsible ? this.context.options.collapsible.get("value") : false,
    collapsed: !!this.context.options.collapsed ? this.context.options.collapsed.get("value") : false
  });
}

docListCtrl = new docList({baseClass: "documentList",context: this.context,frame: iframe,messages: this.nlsMsgs,cswa:this.CSWA}).placeAt(dom.byId(id +"_DocumentControl"));
docListCtrl.startup();


// Subscribe to Add Button dropdown events from the CSWA
subscribe = connect.subscribe(id +"_AddButtonDropdownSelectedItem", lang.hitch(this, function(evt) {
    var clicked = evt.clicked;
    
    if (clicked === "Add Document") {
        docListCtrl.addDocument();
    } else if (clicked === "Add Folder") {
        docListCtrl.addFolder();
    } 
}));</loadJsFunction>
        <unloadJsFunction>domConstruct.destroy(this.contentNode);
docListCtrl.destroy();
docListCtrl = null;
connect.unsubscribe(subscribe);</unloadJsFunction>
        <viewJsFunction>var visibility = coach_utils.handleVisibility(this.context);
if(visibility === "NONE" || docListCtrl.getBPMDocumentStatus() === true) {
	if (!! this.context.options.hideDocumentControl) {
		this.context.setDisplay(false);
		this.context.setVisibility(false);
	    this.context.options.hideDocumentControl.set("value", true);
	}
}
</viewJsFunction>
        <changeJsFunction>if(event.type === "config") {
    if((event.property === "folderId" || event.property == "instanceId") &amp;&amp; event.oldVal !== event.newVal) {
        this.unload();
        this.load();
        var visibility = coach_utils.handleVisibility(this.context);
        if(!(visibility === "NONE") &amp;&amp; !(docListCtrl.getBPMDocumentStatus() === true)) {
            this.context.setDisplay(true);
           this.context.setVisibility(true);
           this.context.options.hideDocumentControl.set("value", false);
      }
    } else if(event.property === "refreshTrigger") {
        docListCtrl.refreshTriggered(event.newVal);
    }
}</changeJsFunction>
        <collaborationJsFunction isNull="true" />
        <description>Use the control to display a list of documents and folders for a case instance that are stored in the IBM BPM content store. You can set configuration options so that users can view, add, or delete individual folders, check documents in and out of the content store, and view, add, or delete documents.</description>
        <validateJsFunction isNull="true" />
        <previewAdvHtml isNull="true" />
        <previewAdvJs isNull="true" />
        <useUrlBinding>false</useUrlBinding>
        <guid>guid:a67575e4aaaef46c:743934f6:141b9dfafbe:-7ffd</guid>
        <versionId>59c1d582-a812-465d-ac25-3b8ccc36908b</versionId>
        <bindingType name="documentInfos">
            <lastModified isNull="true" />
            <lastModifiedBy isNull="true" />
            <coachViewBindingTypeId>65.fbd9a412-80ed-4f03-a62a-5c947e0d203a</coachViewBindingTypeId>
            <coachViewId>64.33c25271-8772-4882-b310-efa40ed58e0b</coachViewId>
            <isList>true</isList>
            <classId>/12.b0e1b82e-1f8e-4ef7-b5da-2e07effdf361</classId>
            <seq isNull="true" />
            <description isNull="true" />
            <guid>guid:278447cc40c9db1a:18477262:14486a7f25e:-7ffe</guid>
            <versionId>2c16425d-2b45-43e6-a621-f6d4abe1f00d</versionId>
        </bindingType>
        <configOption name="sectionTitle">
            <lastModified isNull="true" />
            <lastModifiedBy isNull="true" />
            <coachViewConfigOptionId>66.b6abf936-a2f1-418d-b0fb-5da27f2a9ebc</coachViewConfigOptionId>
            <coachViewId>64.33c25271-8772-4882-b310-efa40ed58e0b</coachViewId>
            <isList>false</isList>
            <propertyType>OBJECT</propertyType>
            <label>tw.resource.DocumentList.docControl.option.sectionTitle.label</label>
            <classId>f1e96cc6-5fd9-4002-8b04-107d4ddae78a/12.db884a3c-c533-44b7-bb2d-47bec8ad4022</classId>
            <processId isNull="true" />
            <isAdaptive>false</isAdaptive>
            <seq>1</seq>
            <description>tw.resource.DocumentList.docControl.option.sectionTitle.doc</description>
            <groupName isNull="true" />
            <guid>guid:9e7b881b783eeece:-ae23745:144d42ae700:-7ff6</guid>
            <versionId>b488400e-71e4-4f71-92bf-768fd1472940</versionId>
        </configOption>
        <configOption name="collapsible">
            <lastModified isNull="true" />
            <lastModifiedBy isNull="true" />
            <coachViewConfigOptionId>66.47cee7f8-ab1d-4e90-9781-94c8ab61f3f3</coachViewConfigOptionId>
            <coachViewId>64.33c25271-8772-4882-b310-efa40ed58e0b</coachViewId>
            <isList>false</isList>
            <propertyType>OBJECT</propertyType>
            <label>tw.resource.DocumentList.docControl.option.collapsible.label</label>
            <classId>f1e96cc6-5fd9-4002-8b04-107d4ddae78a/12.83ff975e-8dbc-42e5-b738-fa8bc08274a2</classId>
            <processId isNull="true" />
            <isAdaptive>false</isAdaptive>
            <seq>2</seq>
            <description>tw.resource.DocumentList.docControl.option.collapsible.doc</description>
            <groupName isNull="true" />
            <guid>guid:9e7b881b783eeece:-ae23745:144d42ae700:-7ff5</guid>
            <versionId>7f592c08-8811-4d2a-a3b5-2bfd559179ee</versionId>
        </configOption>
        <configOption name="collapsed">
            <lastModified isNull="true" />
            <lastModifiedBy isNull="true" />
            <coachViewConfigOptionId>66.bd191b6e-65ba-4d06-8fc7-a756b74663c8</coachViewConfigOptionId>
            <coachViewId>64.33c25271-8772-4882-b310-efa40ed58e0b</coachViewId>
            <isList>false</isList>
            <propertyType>OBJECT</propertyType>
            <label>tw.resource.DocumentList.docControl.option.collapsed.label</label>
            <classId>f1e96cc6-5fd9-4002-8b04-107d4ddae78a/12.83ff975e-8dbc-42e5-b738-fa8bc08274a2</classId>
            <processId isNull="true" />
            <isAdaptive>false</isAdaptive>
            <seq>3</seq>
            <description>tw.resource.DocumentList.docControl.option.collapsed.doc</description>
            <groupName isNull="true" />
            <guid>guid:9e7b881b783eeece:-ae23745:144d42ae700:-7ff4</guid>
            <versionId>5d43adc1-5c55-4d59-9664-b39e915c2d83</versionId>
        </configOption>
        <configOption name="instanceId">
            <lastModified isNull="true" />
            <lastModifiedBy isNull="true" />
            <coachViewConfigOptionId>66.dabe8dd0-8eea-4127-b346-4bb90397c991</coachViewConfigOptionId>
            <coachViewId>64.33c25271-8772-4882-b310-efa40ed58e0b</coachViewId>
            <isList>false</isList>
            <propertyType>OBJECT</propertyType>
            <label>tw.resource.DocumentList.docControl.option.instanceId.label</label>
            <classId>f1e96cc6-5fd9-4002-8b04-107d4ddae78a/12.db884a3c-c533-44b7-bb2d-47bec8ad4022</classId>
            <processId isNull="true" />
            <isAdaptive>false</isAdaptive>
            <seq>4</seq>
            <description>tw.resource.DocumentList.docControl.option.instanceId.doc</description>
            <groupName isNull="true" />
            <guid>guid:c6fd1ece1ce464ae:-3f7371ef:144af85e85e:-7fff</guid>
            <versionId>a5ade65e-684c-4ed8-95cc-72575fc88b06</versionId>
        </configOption>
        <configOption name="folderId">
            <lastModified isNull="true" />
            <lastModifiedBy isNull="true" />
            <coachViewConfigOptionId>66.9db468ef-3739-47c9-bf11-791c77ca8940</coachViewConfigOptionId>
            <coachViewId>64.33c25271-8772-4882-b310-efa40ed58e0b</coachViewId>
            <isList>false</isList>
            <propertyType>OBJECT</propertyType>
            <label>tw.resource.DocumentList.docControl.option.folderId.label</label>
            <classId>f1e96cc6-5fd9-4002-8b04-107d4ddae78a/12.db884a3c-c533-44b7-bb2d-47bec8ad4022</classId>
            <processId isNull="true" />
            <isAdaptive>false</isAdaptive>
            <seq>5</seq>
            <description>tw.resource.DocumentList.docControl.option.folderId.doc</description>
            <groupName isNull="true" />
            <guid>guid:4c149b7154c63107:-289346d7:141ca1b8186:-7ff9</guid>
            <versionId>b18bd6a4-9855-4209-bf63-3352c27706f7</versionId>
        </configOption>
        <configOption name="refreshTrigger">
            <lastModified isNull="true" />
            <lastModifiedBy isNull="true" />
            <coachViewConfigOptionId>66.53c7ae2f-a48d-4ef8-bb4c-0f447a882dc8</coachViewConfigOptionId>
            <coachViewId>64.33c25271-8772-4882-b310-efa40ed58e0b</coachViewId>
            <isList>false</isList>
            <propertyType>OBJECT</propertyType>
            <label>tw.resource.DocumentList.refreshTrigger</label>
            <classId>f1e96cc6-5fd9-4002-8b04-107d4ddae78a/12.83ff975e-8dbc-42e5-b738-fa8bc08274a2</classId>
            <processId isNull="true" />
            <isAdaptive>false</isAdaptive>
            <seq>6</seq>
            <description>tw.resource.DocumentList.refreshTriggerDesc</description>
            <groupName isNull="true" />
            <guid>guid:b77336b4cd32c086:284e4b20:14494058a9c:-7ffa</guid>
            <versionId>97ff2de5-ae8b-4c0e-a54a-d2b62fbf7f6d</versionId>
        </configOption>
        <configOption name="search">
            <lastModified isNull="true" />
            <lastModifiedBy isNull="true" />
            <coachViewConfigOptionId>66.09c44bd5-5783-440c-bb61-940447691952</coachViewConfigOptionId>
            <coachViewId>64.33c25271-8772-4882-b310-efa40ed58e0b</coachViewId>
            <isList>false</isList>
            <propertyType>SERVICE</propertyType>
            <label>tw.resource.DocumentList.docControl.option.search.label</label>
            <classId isNull="true" />
            <processId>/1.9e785378-82cf-47ca-8cbf-083a46ef3869</processId>
            <isAdaptive>false</isAdaptive>
            <seq>7</seq>
            <description>tw.resource.DocumentList.docControl.option.search.doc</description>
            <groupName isNull="true" />
            <guid>guid:a67575e4aaaef46c:743934f6:141b9dfafbe:-7fdc</guid>
            <versionId>6e40acd2-8078-444e-abe2-fdcb2cb349d7</versionId>
        </configOption>
        <configOption name="getFolder">
            <lastModified isNull="true" />
            <lastModifiedBy isNull="true" />
            <coachViewConfigOptionId>66.2728f26d-8bc3-4ffd-aefd-4d31f89ce827</coachViewConfigOptionId>
            <coachViewId>64.33c25271-8772-4882-b310-efa40ed58e0b</coachViewId>
            <isList>false</isList>
            <propertyType>SERVICE</propertyType>
            <label>tw.resource.DocumentList.docControl.option.getFolder.label</label>
            <classId isNull="true" />
            <processId>/1.7415f0e4-2a2d-4682-8f57-d8eeec0ce5cf</processId>
            <isAdaptive>false</isAdaptive>
            <seq>8</seq>
            <description>tw.resource.DocumentList.docControl.option.getFolder.doc</description>
            <groupName isNull="true" />
            <guid>guid:5d48ec7a5a7987f6:-1130589a:142313b3e62:-7ffc</guid>
            <versionId>b305dcc4-f577-470b-a359-61433f7c1fba</versionId>
        </configOption>
        <configOption name="checkoutDocument">
            <lastModified isNull="true" />
            <lastModifiedBy isNull="true" />
            <coachViewConfigOptionId>66.76e1a21b-0564-4219-adc7-79709152a253</coachViewConfigOptionId>
            <coachViewId>64.33c25271-8772-4882-b310-efa40ed58e0b</coachViewId>
            <isList>false</isList>
            <propertyType>SERVICE</propertyType>
            <label>tw.resource.DocumentList.docControl.option.checkout.label</label>
            <classId isNull="true" />
            <processId>/1.6510812e-a695-4708-962a-fd444b810145</processId>
            <isAdaptive>false</isAdaptive>
            <seq>9</seq>
            <description>tw.resource.DocumentList.docControl.option.checkout.doc</description>
            <groupName isNull="true" />
            <guid>guid:5d48ec7a5a7987f6:-1130589a:142313b3e62:-7ff7</guid>
            <versionId>d0ec4a09-7e52-43fb-a18e-81f0863d7e36</versionId>
        </configOption>
        <configOption name="getTypeDescendants">
            <lastModified isNull="true" />
            <lastModifiedBy isNull="true" />
            <coachViewConfigOptionId>66.8406955b-d562-4e84-b036-ab8c3c103dbd</coachViewConfigOptionId>
            <coachViewId>64.33c25271-8772-4882-b310-efa40ed58e0b</coachViewId>
            <isList>false</isList>
            <propertyType>SERVICE</propertyType>
            <label>tw.resource.DocumentList.docControl.option.getTypeDes.label</label>
            <classId isNull="true" />
            <processId>/1.cb1985a2-898f-4ada-8923-d642ee0470b5</processId>
            <isAdaptive>false</isAdaptive>
            <seq>10</seq>
            <description>tw.resource.DocumentList.docControl.option.getTypeDes.doc</description>
            <groupName isNull="true" />
            <guid>guid:e03623d6551621df:-1d062e8b:14231cca1a0:-7ffc</guid>
            <versionId>d356da11-a590-4894-bbeb-57602331c5d6</versionId>
        </configOption>
        <configOption name="cancelCheckout">
            <lastModified isNull="true" />
            <lastModifiedBy isNull="true" />
            <coachViewConfigOptionId>66.663fb0eb-df68-41a3-94ae-3de05d917b05</coachViewConfigOptionId>
            <coachViewId>64.33c25271-8772-4882-b310-efa40ed58e0b</coachViewId>
            <isList>false</isList>
            <propertyType>SERVICE</propertyType>
            <label>tw.resource.DocumentList.docControl.option.cancelCheckout.label</label>
            <classId isNull="true" />
            <processId>/1.07fd64b1-4c4a-4667-a65b-fd0272031aca</processId>
            <isAdaptive>false</isAdaptive>
            <seq>11</seq>
            <description>tw.resource.DocumentList.docControl.option.cancelCheckout.doc</description>
            <groupName isNull="true" />
            <guid>guid:9e720608bac3efea:4a03f243:1424afe5fd7:-7ffc</guid>
            <versionId>c96abd4c-28bc-4b8a-bb18-53e5d86dbd76</versionId>
        </configOption>
        <configOption name="getTypeDefinition">
            <lastModified isNull="true" />
            <lastModifiedBy isNull="true" />
            <coachViewConfigOptionId>66.748a9a71-c2dc-4021-a723-d53cfcbf0b26</coachViewConfigOptionId>
            <coachViewId>64.33c25271-8772-4882-b310-efa40ed58e0b</coachViewId>
            <isList>false</isList>
            <propertyType>SERVICE</propertyType>
            <label>tw.resource.DocumentList.docControl.option.getTypeDef.label</label>
            <classId isNull="true" />
            <processId>/1.1f60baf5-c9af-4be7-a3e3-89c49265d9ad</processId>
            <isAdaptive>false</isAdaptive>
            <seq>12</seq>
            <description>tw.resource.DocumentList.docControl.option.getTypeDef.doc</description>
            <groupName isNull="true" />
            <guid>guid:1951a89cf0a1d324:2a36d336:142510d4f61:-7ffc</guid>
            <versionId>99128d94-ede4-4d10-81f6-71437fb76cc9</versionId>
        </configOption>
        <configOption name="localizationService">
            <lastModified isNull="true" />
            <lastModifiedBy isNull="true" />
            <coachViewConfigOptionId>66.b0ed092e-6130-471d-b4ea-35c7e749b328</coachViewConfigOptionId>
            <coachViewId>64.33c25271-8772-4882-b310-efa40ed58e0b</coachViewId>
            <isList>false</isList>
            <propertyType>SERVICE</propertyType>
            <label>tw.resource.DocumentList.docControl.option.localization.label</label>
            <classId isNull="true" />
            <processId>/1.dc66f5e0-a383-4564-a239-d1fff20b9ce5</processId>
            <isAdaptive>false</isAdaptive>
            <seq>13</seq>
            <description>tw.resource.DocumentList.docControl.option.localization.doc</description>
            <groupName isNull="true" />
            <guid>guid:3c3c788c4080ab42:-55fc89b6:1426eaa9893:-7ffc</guid>
            <versionId>808c9363-ea8a-4adc-9f7f-e0516352a4ce</versionId>
        </configOption>
        <configOption name="removeDocument">
            <lastModified isNull="true" />
            <lastModifiedBy isNull="true" />
            <coachViewConfigOptionId>66.fc82afb6-2e95-4b36-b8a8-73cbc8c73e7a</coachViewConfigOptionId>
            <coachViewId>64.33c25271-8772-4882-b310-efa40ed58e0b</coachViewId>
            <isList>false</isList>
            <propertyType>SERVICE</propertyType>
            <label>tw.resource.DocumentList.docControl.option.removeDocument.label</label>
            <classId isNull="true" />
            <processId>/1.30f6d4af-445a-42f0-a661-0faf98d0acf1</processId>
            <isAdaptive>false</isAdaptive>
            <seq>14</seq>
            <description>tw.resource.DocumentList.docControl.option.removeDocument.doc</description>
            <groupName isNull="true" />
            <guid>guid:4543b9518a0e4592:-310b67e3:142916482da:-7ffc</guid>
            <versionId>24701b7a-e1ef-429c-838f-983121833230</versionId>
        </configOption>
        <configOption name="createFolder">
            <lastModified isNull="true" />
            <lastModifiedBy isNull="true" />
            <coachViewConfigOptionId>66.90407832-808c-4fc9-9cc9-58bdb13482f5</coachViewConfigOptionId>
            <coachViewId>64.33c25271-8772-4882-b310-efa40ed58e0b</coachViewId>
            <isList>false</isList>
            <propertyType>SERVICE</propertyType>
            <label>tw.resource.DocumentList.docControl.option.createFolder.label</label>
            <classId isNull="true" />
            <processId>/1.02232697-b934-4197-9a91-bc4f5ac4e2f3</processId>
            <isAdaptive>false</isAdaptive>
            <seq>15</seq>
            <description>tw.resource.DocumentList.docControl.option.createFolder.doc</description>
            <groupName isNull="true" />
            <guid>guid:ef684a57aac69c97:-253d4c22:142a463d90b:-7ffc</guid>
            <versionId>190f2708-13ed-4bcd-bc65-d09ce6e7f7f0</versionId>
        </configOption>
        <configOption name="getDocument">
            <lastModified isNull="true" />
            <lastModifiedBy isNull="true" />
            <coachViewConfigOptionId>66.5693236f-406a-489d-9d4c-27ad781018d5</coachViewConfigOptionId>
            <coachViewId>64.33c25271-8772-4882-b310-efa40ed58e0b</coachViewId>
            <isList>false</isList>
            <propertyType>SERVICE</propertyType>
            <label>tw.resource.DocumentList.docControl.option.getDocument.label</label>
            <classId isNull="true" />
            <processId>/1.07f58779-01a8-4626-9ea2-c7d413bd2e62</processId>
            <isAdaptive>false</isAdaptive>
            <seq>16</seq>
            <description>tw.resource.DocumentList.docControl.option.getDocument.doc</description>
            <groupName isNull="true" />
            <guid>guid:a106629b3fc64d42:56675048:142dbfc7b49:-7ffe</guid>
            <versionId>54552e6b-1cdd-40b6-aae3-510a7d2e8629</versionId>
        </configOption>
        <configOption name="deleteFolder">
            <lastModified isNull="true" />
            <lastModifiedBy isNull="true" />
            <coachViewConfigOptionId>66.4f9a4540-7959-42ae-afdf-78ed33e4db0c</coachViewConfigOptionId>
            <coachViewId>64.33c25271-8772-4882-b310-efa40ed58e0b</coachViewId>
            <isList>false</isList>
            <propertyType>SERVICE</propertyType>
            <label>tw.resource.DocumentList.docControl.option.deleteFolder.label</label>
            <classId isNull="true" />
            <processId>/1.f59cd940-86c2-4951-83ba-eccf8b00c6c6</processId>
            <isAdaptive>false</isAdaptive>
            <seq>17</seq>
            <description>tw.resource.DocumentList.docControl.option.deleteFolder.doc</description>
            <groupName isNull="true" />
            <guid>guid:2411e7392661b157:6ee6ce6b:142e0c1bd35:-7ffe</guid>
            <versionId>7dd88932-7624-47e5-83bd-0ef49794d168</versionId>
        </configOption>
        <configOption name="checkinDocument">
            <lastModified isNull="true" />
            <lastModifiedBy isNull="true" />
            <coachViewConfigOptionId>66.9ed1754f-0579-46bf-90d1-02ef9ee87ec5</coachViewConfigOptionId>
            <coachViewId>64.33c25271-8772-4882-b310-efa40ed58e0b</coachViewId>
            <isList>false</isList>
            <propertyType>SERVICE</propertyType>
            <label>tw.resource.DocumentList.docControl.option.checkIn.label</label>
            <classId isNull="true" />
            <processId>/1.10aa0395-daf6-4ea8-abf9-6b6090cfb125</processId>
            <isAdaptive>false</isAdaptive>
            <seq>18</seq>
            <description>tw.resource.DocumentList.docControl.option.checkIn.doc</description>
            <groupName isNull="true" />
            <guid>guid:72623eb2fbb55c99:-3af3d93:142e50fb32f:-7ff9</guid>
            <versionId>f7cd3506-db37-46f0-83c9-1a9475e356d6</versionId>
        </configOption>
        <configOption name="renameFolder">
            <lastModified isNull="true" />
            <lastModifiedBy isNull="true" />
            <coachViewConfigOptionId>66.150367bb-430b-45f3-954a-e2fd75af672d</coachViewConfigOptionId>
            <coachViewId>64.33c25271-8772-4882-b310-efa40ed58e0b</coachViewId>
            <isList>false</isList>
            <propertyType>SERVICE</propertyType>
            <label>tw.resource.DocumentList.docControl.option.updateFolder.label</label>
            <classId isNull="true" />
            <processId>/1.e017aa05-9adb-4d08-a9f9-9abef44f7ccf</processId>
            <isAdaptive>false</isAdaptive>
            <seq>19</seq>
            <description>tw.resource.DocumentList.docControl.option.updateFolder.doc</description>
            <groupName isNull="true" />
            <guid>guid:caa4bdb1ccc32708:-367be5ab:143b880f43a:-7fe1</guid>
            <versionId>249f1c85-2617-4563-9a43-8f56f5471444</versionId>
        </configOption>
        <configOption name="hideDocumentControl">
            <lastModified isNull="true" />
            <lastModifiedBy isNull="true" />
            <coachViewConfigOptionId>66.6c9835ee-cad8-4eb3-aa64-baadf793a706</coachViewConfigOptionId>
            <coachViewId>64.33c25271-8772-4882-b310-efa40ed58e0b</coachViewId>
            <isList>false</isList>
            <propertyType>OBJECT</propertyType>
            <label>tw.resource.DocumentList.docControl.option.hideDocSection.label</label>
            <classId>f1e96cc6-5fd9-4002-8b04-107d4ddae78a/12.83ff975e-8dbc-42e5-b738-fa8bc08274a2</classId>
            <processId isNull="true" />
            <isAdaptive>false</isAdaptive>
            <seq>20</seq>
            <description>tw.resource.DocumentList.docControl.option.hideDocSection.doc</description>
            <groupName isNull="true" />
            <guid>guid:1928deabc58a8dd1:-2905b31d:1446a93df0e:-7fff</guid>
            <versionId>e5d5895b-abc3-4632-a3eb-0787642c6c49</versionId>
        </configOption>
        <configOption name="instanceStatus">
            <lastModified isNull="true" />
            <lastModifiedBy isNull="true" />
            <coachViewConfigOptionId>66.652cda7f-814a-4863-a0bb-e00763adc3ef</coachViewConfigOptionId>
            <coachViewId>64.33c25271-8772-4882-b310-efa40ed58e0b</coachViewId>
            <isList>false</isList>
            <propertyType>OBJECT</propertyType>
            <label>tw.resource.DocumentList.docControl.instanceStatus.label</label>
            <classId>f1e96cc6-5fd9-4002-8b04-107d4ddae78a/12.db884a3c-c533-44b7-bb2d-47bec8ad4022</classId>
            <processId isNull="true" />
            <isAdaptive>false</isAdaptive>
            <seq>21</seq>
            <description>tw.resource.DocumentList.docControl.instanceStatus.doc</description>
            <groupName isNull="true" />
            <guid>guid:d1fa1af7100d7711:68e99683:1454ddf386d:-7fff</guid>
            <versionId>9905d325-5ca8-455c-a1e8-ccf744d08621</versionId>
        </configOption>
        <resource>
            <lastModified isNull="true" />
            <lastModifiedBy isNull="true" />
            <coachViewResourceId>67.79167e82-a0dc-47db-80e8-6e8e19e17af5</coachViewResourceId>
            <coachViewId>64.33c25271-8772-4882-b310-efa40ed58e0b</coachViewId>
            <filePath>com/ibm/bpm/dashboards/controls/css/content_management_controls.css</filePath>
            <ieCondition isNull="true" />
            <mediaQuery isNull="true" />
            <scriptLoadStyle isNull="true" />
            <assetUuid>/61.b3c49cbe-d194-4aaa-a7da-e66caa75dadc</assetUuid>
            <seq>9</seq>
            <guid>4c177473-32c1-4862-92e6-59018ad22dae</guid>
            <versionId>e9a020f6-c1da-48de-8bfa-eb4e66c6521f</versionId>
        </resource>
        <inlineScript name="Inline CSS">
            <lastModified isNull="true" />
            <lastModifiedBy isNull="true" />
            <coachViewInlineScriptId>68.49f40352-db5b-4a45-b4be-f686d44a1efd</coachViewInlineScriptId>
            <coachViewId>64.33c25271-8772-4882-b310-efa40ed58e0b</coachViewId>
            <scriptType>CSS</scriptType>
            <scriptBlock isNull="true" />
            <seq>0</seq>
            <description isNull="true" />
            <guid>393070bf-843c-4ce6-810a-861c4ad616ca</guid>
            <versionId>ab82191e-c1aa-4f81-8536-71f44d4ed8b7</versionId>
        </inlineScript>
        <inlineScript name="Inline Javascript">
            <lastModified isNull="true" />
            <lastModifiedBy isNull="true" />
            <coachViewInlineScriptId>68.14247247-e5fd-4b55-b66d-8a7614a0eb53</coachViewInlineScriptId>
            <coachViewId>64.33c25271-8772-4882-b310-efa40ed58e0b</coachViewId>
            <scriptType>JS</scriptType>
            <scriptBlock>/*
@dojoConfigUpdateStart
if (dojoConfig.isDebug) {
	dojoConfig.packages.push({
		name: 'com.ibm.bpm.dashboards',
        location: com_ibm_bpm_coach.getManagedAssetUrl('dashboards_artifacts_debug.zip', com_ibm_bpm_coach.assetType_WEB, 'SYSCM') + "/com/ibm/bpm/dashboards"
    });
    
    dojoConfig.packages.push({
        name: 'com.ibm.bpm.coach.controls',
        location: com_ibm_bpm_coach.getManagedAssetUrl('coach_ng_utilities.zip', com_ibm_bpm_coach.assetType_WEB, 'SYSCM') + "/com/ibm/bpm/coach/controls"
    });
} else {
	dojoConfig.packages.push({
		name: 'com.ibm.bpm.dashboards',
       	location: com_ibm_bpm_coach.getManagedAssetUrl('dashboards_artifacts.zip', com_ibm_bpm_coach.assetType_WEB, 'SYSCM') + "/com/ibm/bpm/dashboards"
    });
    
    dojoConfig.packages.push({
		name: 'com_ibm_bpm_dashboards',
		location: com_ibm_bpm_coach.getManagedAssetUrl('dashboards_artifacts.zip', com_ibm_bpm_coach.assetType_WEB, 'SYSCM') + "/com_ibm_bpm_dashboards"
	});
	
	dojoConfig.packages.push({
        name: 'com_ibm_bpm_coach_controls',
        location: com_ibm_bpm_coach.getManagedAssetUrl('coach_ng_utilities.zip', com_ibm_bpm_coach.assetType_WEB, 'SYSCM') + "/com_ibm_bpm_coach_controls"
    });
}
@dojoConfigUpdateEnd
@layerRequiredStart
{
  "debug": ["dijit/dijit_bpm"],
  "nonDebug":["com_ibm_bpm_dashboards/content_management", "dijit/dijit_bpm", "com_ibm_bpm_coach_controls/controls"]
}
@layerRequiredEnd
*/
var docListCtrl;
var subscribe;
this.getBaseTextDir = function() {
var baseTextDir = this.context.options &amp;&amp; this.context.options._metadata.baseTextDirection &amp;&amp; this.context.options._metadata.baseTextDirection.get("value") ? this.context.options._metadata.baseTextDirection.get("value") : coach_utils.BiDi.BASE_TEXT_DIRECTION._default;
var generalPrefTextDir = this.context.bpm.system.baseTextDirection;
if (baseTextDir &amp;&amp; baseTextDir.toLowerCase &amp;&amp; baseTextDir.toLowerCase() === coach_utils.BiDi.BASE_TEXT_DIRECTION._default) {
       baseTextDir = coach_utils.BiDi.GENERAL_PREFERENCE_BASE_TEXT_DIRECTION.getValue(generalPrefTextDir);
    }
    return baseTextDir;
}
function getVisibility(context) {
    var visibility = "DEFAULT";
    if (context.options._metadata.visibility) {
        visibility = context.options._metadata.visibility.get("value");
    }

    if (visibility == "DEFAULT") {
        visibility = context.getInheritedVisibility();
    }
	
	return visibility;
}</scriptBlock>
            <seq>1</seq>
            <description isNull="true" />
            <guid>7a276c66-81c6-4027-a29d-4ee303f89a5a</guid>
            <versionId>259491c2-301f-435e-8e64-511e3ce41f4f</versionId>
        </inlineScript>
        <inlineScript name="Header HTML">
            <lastModified isNull="true" />
            <lastModifiedBy isNull="true" />
            <coachViewInlineScriptId>68.034414fd-6418-417d-b1cd-36f5d9cc9d12</coachViewInlineScriptId>
            <coachViewId>64.33c25271-8772-4882-b310-efa40ed58e0b</coachViewId>
            <scriptType>HTML</scriptType>
            <scriptBlock isNull="true" />
            <seq>2</seq>
            <description isNull="true" />
            <guid>ff5cd665-aa4f-4bef-ac99-082b345d7336</guid>
            <versionId>4c4d90c8-d34c-4175-a99e-9f04678987c5</versionId>
        </inlineScript>
        <localization>
            <lastModified isNull="true" />
            <lastModifiedBy isNull="true" />
            <coachViewLocalResId>69.405f9023-2645-42f2-9eb8-993c00b025ef</coachViewLocalResId>
            <coachViewId>64.33c25271-8772-4882-b310-efa40ed58e0b</coachViewId>
            <resourceBundleGroupId>/50.05a87f6e-92f1-49f0-9cd4-d66479a5ea46</resourceBundleGroupId>
            <seq>1</seq>
            <guid>guid:3c3c788c4080ab42:-55fc89b6:1426eaa9893:-7ff6</guid>
            <versionId>302488bc-e75e-4514-be48-dd914e646732</versionId>
        </localization>
        <amdDependency>
            <lastModified isNull="true" />
            <lastModifiedBy isNull="true" />
            <coachViewAmdDepId>70.564909a5-b425-4d39-94a5-be7fe18f539c</coachViewAmdDepId>
            <coachViewId>64.33c25271-8772-4882-b310-efa40ed58e0b</coachViewId>
            <moduleId>dojo/request/iframe</moduleId>
            <functionArgument>iframe</functionArgument>
            <seq>0</seq>
            <guid>5e8876e5-5cef-4e0b-b214-b7972cc006d8</guid>
            <versionId>f23e528f-fda7-404d-99af-54a52e5f9931</versionId>
        </amdDependency>
        <amdDependency>
            <lastModified isNull="true" />
            <lastModifiedBy isNull="true" />
            <coachViewAmdDepId>70.d4e87f75-f86d-4df8-b2d5-d4570612ac52</coachViewAmdDepId>
            <coachViewId>64.33c25271-8772-4882-b310-efa40ed58e0b</coachViewId>
            <moduleId>dijit/Dialog</moduleId>
            <functionArgument>Dialog</functionArgument>
            <seq>1</seq>
            <guid>334cb8be-677a-443e-b589-8daa1ad6a4ba</guid>
            <versionId>5b12fd2c-aa1d-4439-9118-c5b401c6699e</versionId>
        </amdDependency>
        <amdDependency>
            <lastModified isNull="true" />
            <lastModifiedBy isNull="true" />
            <coachViewAmdDepId>70.fa221dec-3903-42f6-8d27-1bca46f2ea67</coachViewAmdDepId>
            <coachViewId>64.33c25271-8772-4882-b310-efa40ed58e0b</coachViewId>
            <moduleId>dijit/form/ComboBox</moduleId>
            <functionArgument>ComboBox</functionArgument>
            <seq>2</seq>
            <guid>2a91aba3-2dea-4d8e-8b5d-0fef819dab38</guid>
            <versionId>e2ea43d4-b08f-4600-a3ab-cc9065f16910</versionId>
        </amdDependency>
        <amdDependency>
            <lastModified isNull="true" />
            <lastModifiedBy isNull="true" />
            <coachViewAmdDepId>70.9f7e8e31-31c9-4efc-83e1-c335d89fdad8</coachViewAmdDepId>
            <coachViewId>64.33c25271-8772-4882-b310-efa40ed58e0b</coachViewId>
            <moduleId>dijit/form/DateTextBox</moduleId>
            <functionArgument>DateTextBox</functionArgument>
            <seq>3</seq>
            <guid>d77b2307-e101-4631-802f-445a23e53370</guid>
            <versionId>86635429-b178-4f7d-bd3f-d9161b473b85</versionId>
        </amdDependency>
        <amdDependency>
            <lastModified isNull="true" />
            <lastModifiedBy isNull="true" />
            <coachViewAmdDepId>70.18101295-8214-4469-a8fd-14fccd520df3</coachViewAmdDepId>
            <coachViewId>64.33c25271-8772-4882-b310-efa40ed58e0b</coachViewId>
            <moduleId>dojo/_base/lang</moduleId>
            <functionArgument>lang</functionArgument>
            <seq>4</seq>
            <guid>d5441863-11b8-42b6-b73d-b0d6f4472995</guid>
            <versionId>ca04a69d-a829-4b38-b508-f3da3e2a57f3</versionId>
        </amdDependency>
        <amdDependency>
            <lastModified isNull="true" />
            <lastModifiedBy isNull="true" />
            <coachViewAmdDepId>70.f1b903fe-c496-4693-b4a5-c6b0515e7f50</coachViewAmdDepId>
            <coachViewId>64.33c25271-8772-4882-b310-efa40ed58e0b</coachViewId>
            <moduleId>dojo/dom-construct</moduleId>
            <functionArgument>domConstruct</functionArgument>
            <seq>5</seq>
            <guid>d6a410e3-0f78-47eb-b2f5-4edc6327078a</guid>
            <versionId>80c3dc32-5b7a-4150-9737-dbc3a094e58b</versionId>
        </amdDependency>
        <amdDependency>
            <lastModified isNull="true" />
            <lastModifiedBy isNull="true" />
            <coachViewAmdDepId>70.ef6cd7bf-9bb4-4ddc-9a32-6775daab25cd</coachViewAmdDepId>
            <coachViewId>64.33c25271-8772-4882-b310-efa40ed58e0b</coachViewId>
            <moduleId>dijit/form/Select</moduleId>
            <functionArgument>Select</functionArgument>
            <seq>6</seq>
            <guid>eb84d51e-285c-487c-b5bb-e4b3a2cb833d</guid>
            <versionId>2bbbeb47-abf5-45ac-a37f-2a0b6df91274</versionId>
        </amdDependency>
        <amdDependency>
            <lastModified isNull="true" />
            <lastModifiedBy isNull="true" />
            <coachViewAmdDepId>70.f8ebeb58-0965-417c-b963-21cbf0b6af15</coachViewAmdDepId>
            <coachViewId>64.33c25271-8772-4882-b310-efa40ed58e0b</coachViewId>
            <moduleId>dijit/form/FilteringSelect</moduleId>
            <functionArgument>FilteringSelect</functionArgument>
            <seq>7</seq>
            <guid>3fee21db-9029-4022-bf45-14fe0e54f4e7</guid>
            <versionId>7c1d6874-b8df-4331-b186-24142c38b925</versionId>
        </amdDependency>
        <amdDependency>
            <lastModified isNull="true" />
            <lastModifiedBy isNull="true" />
            <coachViewAmdDepId>70.55fd85e2-7d0b-4ce5-9540-358342a0d213</coachViewAmdDepId>
            <coachViewId>64.33c25271-8772-4882-b310-efa40ed58e0b</coachViewId>
            <moduleId>dijit/form/DropDownButton</moduleId>
            <functionArgument>DropDownButton</functionArgument>
            <seq>8</seq>
            <guid>01cc7b2f-19f2-4cfa-875b-3075cea89eb0</guid>
            <versionId>8dd0ea62-b184-4c83-b194-161d9a6806fe</versionId>
        </amdDependency>
        <amdDependency>
            <lastModified isNull="true" />
            <lastModifiedBy isNull="true" />
            <coachViewAmdDepId>70.b952b269-1ee4-459d-a1e4-4591d8689b7c</coachViewAmdDepId>
            <coachViewId>64.33c25271-8772-4882-b310-efa40ed58e0b</coachViewId>
            <moduleId>dijit/DropDownMenu</moduleId>
            <functionArgument>DropDownMenu</functionArgument>
            <seq>9</seq>
            <guid>1ea48d89-5ea8-40ad-b4b0-31b875e5363c</guid>
            <versionId>1eca230f-3262-43df-a24a-673ba4d07ef4</versionId>
        </amdDependency>
        <amdDependency>
            <lastModified isNull="true" />
            <lastModifiedBy isNull="true" />
            <coachViewAmdDepId>70.613ec618-650f-431b-88c2-9cc56ec4ea11</coachViewAmdDepId>
            <coachViewId>64.33c25271-8772-4882-b310-efa40ed58e0b</coachViewId>
            <moduleId>dijit/MenuItem</moduleId>
            <functionArgument>MenuItem</functionArgument>
            <seq>10</seq>
            <guid>0d474dd6-0ddf-439d-99c8-b044cf015ab7</guid>
            <versionId>486cd1a7-0755-4b51-85f3-5e36a384b4c0</versionId>
        </amdDependency>
        <amdDependency>
            <lastModified isNull="true" />
            <lastModifiedBy isNull="true" />
            <coachViewAmdDepId>70.bc74898c-ee03-4beb-b7c5-a80d6e393928</coachViewAmdDepId>
            <coachViewId>64.33c25271-8772-4882-b310-efa40ed58e0b</coachViewId>
            <moduleId>com.ibm.bpm.dashboards/controls/documentlist/caseDocumentList</moduleId>
            <functionArgument>docList</functionArgument>
            <seq>11</seq>
            <guid>a9be9379-5469-4ab3-ad3c-cddb5f312c21</guid>
            <versionId>37e411b0-67e8-4e7e-add9-5f2c0cbe8f1f</versionId>
        </amdDependency>
        <amdDependency>
            <lastModified isNull="true" />
            <lastModifiedBy isNull="true" />
            <coachViewAmdDepId>70.0eb1fc7a-a956-4905-9831-b20dcde2be69</coachViewAmdDepId>
            <coachViewId>64.33c25271-8772-4882-b310-efa40ed58e0b</coachViewId>
            <moduleId>dijit/form/CheckBox</moduleId>
            <functionArgument>CheckBox</functionArgument>
            <seq>12</seq>
            <guid>a6d8e81a-596a-4860-9cc6-c3314b302189</guid>
            <versionId>23836ea7-d33e-47f1-bf3e-6a9bf17edd9d</versionId>
        </amdDependency>
        <amdDependency>
            <lastModified isNull="true" />
            <lastModifiedBy isNull="true" />
            <coachViewAmdDepId>70.bf66daec-ea5a-4d09-bc56-550a50d245f9</coachViewAmdDepId>
            <coachViewId>64.33c25271-8772-4882-b310-efa40ed58e0b</coachViewId>
            <moduleId>com.ibm.bpm.dashboards/utils/Utilities</moduleId>
            <functionArgument>dutils</functionArgument>
            <seq>13</seq>
            <guid>1c747a79-3b33-49ef-afd3-8a6e5bb34a43</guid>
            <versionId>64acf6fb-51fe-434c-bcb6-82a7584ff5b3</versionId>
        </amdDependency>
        <amdDependency>
            <lastModified isNull="true" />
            <lastModifiedBy isNull="true" />
            <coachViewAmdDepId>70.bce4e7e7-1786-4eab-9846-d1c90786a8c0</coachViewAmdDepId>
            <coachViewId>64.33c25271-8772-4882-b310-efa40ed58e0b</coachViewId>
            <moduleId>com.ibm.bpm.coach.controls/utilities</moduleId>
            <functionArgument>coach_utils</functionArgument>
            <seq>14</seq>
            <guid>b2320aed-fa90-4912-b0fd-4fc8d34311eb</guid>
            <versionId>5a7d4599-8533-4ea4-8f7e-beacc3bc15ab</versionId>
        </amdDependency>
        <amdDependency>
            <lastModified isNull="true" />
            <lastModifiedBy isNull="true" />
            <coachViewAmdDepId>70.5c96c1ce-91a2-4e0a-9586-72f4f9384466</coachViewAmdDepId>
            <coachViewId>64.33c25271-8772-4882-b310-efa40ed58e0b</coachViewId>
            <moduleId>com.ibm.bpm.dashboards/controls/section/CollapsibleSectionWithActions</moduleId>
            <functionArgument>CollapsibleSection</functionArgument>
            <seq>15</seq>
            <guid>723d26c0-789c-4a87-af8a-631cb3574cc2</guid>
            <versionId>1c29cb66-e683-431e-be5f-87a863aacacf</versionId>
        </amdDependency>
        <amdDependency>
            <lastModified isNull="true" />
            <lastModifiedBy isNull="true" />
            <coachViewAmdDepId>70.c76fa29e-55a7-4cbe-8b3a-73bc8188131c</coachViewAmdDepId>
            <coachViewId>64.33c25271-8772-4882-b310-efa40ed58e0b</coachViewId>
            <moduleId>dijit/registry</moduleId>
            <functionArgument>dijitRegistry</functionArgument>
            <seq>16</seq>
            <guid>e92347c8-1a8e-4414-9f28-a0f52efc250e</guid>
            <versionId>ecaa25ea-73d8-42a9-919a-742f7ca198de</versionId>
        </amdDependency>
        <amdDependency>
            <lastModified isNull="true" />
            <lastModifiedBy isNull="true" />
            <coachViewAmdDepId>70.1dc41c28-7977-4ea7-a0ae-60078ad441ef</coachViewAmdDepId>
            <coachViewId>64.33c25271-8772-4882-b310-efa40ed58e0b</coachViewId>
            <moduleId>dojo/dom</moduleId>
            <functionArgument>dom</functionArgument>
            <seq>17</seq>
            <guid>301e6dd6-2df4-4539-9b76-c20b27e92059</guid>
            <versionId>5d6ed697-ea66-4b6e-8e94-470d6bd5e6dd</versionId>
        </amdDependency>
        <amdDependency>
            <lastModified isNull="true" />
            <lastModifiedBy isNull="true" />
            <coachViewAmdDepId>70.8b6297a7-df9b-4af7-a09e-21ae256b39ab</coachViewAmdDepId>
            <coachViewId>64.33c25271-8772-4882-b310-efa40ed58e0b</coachViewId>
            <moduleId>dojo/_base/connect</moduleId>
            <functionArgument>connect</functionArgument>
            <seq>18</seq>
            <guid>050a012a-b34c-4746-9b3f-229e131536fa</guid>
            <versionId>e31d1822-3b01-455e-9bde-c0f0b57b3e94</versionId>
        </amdDependency>
    </coachView>
</teamworks>

