<?xml version="1.0" encoding="UTF-8"?>
<teamworks>
    <coachView id="64.6f78b265-1cdc-43e7-bba4-efdd3b05cd89" name="Heritage Document Viewer">
        <lastModified>1452282426024</lastModified>
        <lastModifiedBy>tw_admin</lastModifiedBy>
        <coachViewId>64.6f78b265-1cdc-43e7-bba4-efdd3b05cd89</coachViewId>
        <isTemplate>false</isTemplate>
        <layout>&lt;?xml version="1.0" encoding="UTF-8"?&gt;&#xD;
&lt;layout xmlns:xsi="http://www.w3.org/2001/XMLSchema-instance" xmlns="http://www.ibm.com/bpm/CoachDesignerNG"&gt;&#xD;
  &lt;layoutItem xsi:type="CustomHTML"&gt;&#xD;
    &lt;layoutItemId&gt;LAYOUT_ITEM_ID_1&lt;/layoutItemId&gt;&#xD;
    &lt;configData&gt;&#xD;
      &lt;optionName&gt;@customHTML.textContent&lt;/optionName&gt;&#xD;
      &lt;value&gt;&amp;lt;span id=&amp;quot;toolbar&amp;quot; class=&amp;quot;documentViewerLegend v1blue headerBorder&amp;quot;&gt;&amp;#xD;&#xD;
&amp;lt;span style=&amp;quot;font-size:16px;&amp;quot; class=&amp;quot;docTitle&amp;quot;&gt;Document Viewer&amp;lt;/span&gt;&amp;#xD;&#xD;
&amp;lt;/span&gt;&amp;#xD;&#xD;
&amp;lt;div class=&amp;quot;documentViewerFS&amp;quot;&gt;&amp;#xD;&#xD;
&amp;lt;div class=&amp;quot;documentListDiv padFive&amp;quot;&gt;&amp;#xD;&#xD;
&amp;#xD;&#xD;
&amp;#xD;&#xD;
&amp;lt;table class=&amp;quot;classDocViewTable&amp;quot; height=&amp;quot;100%&amp;quot; width=&amp;quot;100%&amp;quot;&gt;&amp;#xD;&#xD;
	&amp;lt;tr&gt;&amp;#xD;&#xD;
		&amp;lt;td&gt;&amp;#xD;&#xD;
			&amp;lt;iframe class=&amp;quot;classDocViewFrame&amp;quot; frameborder=&amp;quot;no&amp;quot; height=&amp;quot;100%&amp;quot; width=&amp;quot;100%&amp;quot; scrolling=&amp;quot;yes&amp;quot;&gt;&amp;lt;/iframe&gt; &amp;#xD;&#xD;
		&amp;lt;/td&gt;	&amp;#xD;&#xD;
	&amp;lt;/tr&gt;&amp;#xD;&#xD;
&amp;lt;/table&gt;&amp;#xD;&#xD;
&amp;lt;div align=&amp;quot;right&amp;quot;&gt;&amp;#xD;&#xD;
&amp;lt;a class=&amp;quot;classDocViewTable&amp;quot; target=&amp;quot;_blank&amp;quot;&gt;Open in new window&amp;lt;/a&gt;&amp;#xD;&#xD;
&amp;lt;/div&gt;&amp;#xD;&#xD;
&amp;#xD;&#xD;
&amp;lt;/div&gt;&amp;#xD;&#xD;
&amp;lt;/div&gt;&lt;/value&gt;&#xD;
    &lt;/configData&gt;&#xD;
    &lt;configData&gt;&#xD;
      &lt;optionName&gt;@customHTML.contentType&lt;/optionName&gt;&#xD;
      &lt;value&gt;TEXT&lt;/value&gt;&#xD;
    &lt;/configData&gt;&#xD;
    &lt;configData&gt;&#xD;
      &lt;optionName&gt;@customHTML.variableContent&lt;/optionName&gt;&#xD;
    &lt;/configData&gt;&#xD;
    &lt;configData&gt;&#xD;
      &lt;optionName&gt;@customHTML.assetContent&lt;/optionName&gt;&#xD;
    &lt;/configData&gt;&#xD;
  &lt;/layoutItem&gt;&#xD;
&lt;/layout&gt;</layout>
        <paletteIcon>/61.3e3af2fc-7d2e-46a8-b797-fe9eec247087</paletteIcon>
        <previewImage>/61.04b82984-98aa-43d7-a2e0-9a26d4e377df</previewImage>
        <hasLabel>true</hasLabel>
        <labelPosition>0</labelPosition>
        <nineSliceX1Coord>1</nineSliceX1Coord>
        <nineSliceX2Coord>8</nineSliceX2Coord>
        <nineSliceY1Coord>1</nineSliceY1Coord>
        <nineSliceY2Coord>8</nineSliceY2Coord>
        <emitBoundary>false</emitBoundary>
        <isPrototypeFunc>false</isPrototypeFunc>
        <enableDevMode>false</enableDevMode>
        <isMobileReady>false</isMobileReady>
        <loadJsFunction>for(i = 0; i&lt;document.styleSheets.length; i++){
    if (document.styleSheets[i].href != null &amp;&amp; document.styleSheets[i].href.indexOf('documentListStyles.css') != -1){
        var rules = document.styleSheets[i].cssRules;
        var imageRulesAdded = 0;
        for(j = 0; j&lt; document.styleSheets[i].cssRules.length; j++){
            if ( document.styleSheets[i].cssRules[j].selectorText == ".contentManagementToolkit .maximizeButton"){
                document.styleSheets[i].cssRules[j].style.backgroundImage = "url('"+ this.context.contextRootMap.teamworks+"/images/ECM/maximize_toggle_16x16.png')";
                imageRulesAdded ++;
                if (imageRulesAdded &gt;=3){
                    break;
                 }
            }else if ( document.styleSheets[i].cssRules[j].selectorText == ".contentManagementToolkit .minimizeButton"){
                 document.styleSheets[i].cssRules[j].style.backgroundImage = "url('"+ this.context.contextRootMap.teamworks+"/images/ECM/minimize_toggle_16x16.png')";
                 imageRulesAdded ++;
                 if (imageRulesAdded &gt;=3){
                    break;
                 }
             }else if ( document.styleSheets[i].cssRules[j].selectorText == ".contentManagementToolkit .optionsMenuButton"){
                 document.styleSheets[i].cssRules[j].style.backgroundImage = "url('"+ this.context.contextRootMap.teamworks+"/images/ECM/options_menu_16x16.png')";
                 imageRulesAdded ++;
                 if (imageRulesAdded &gt;=3){
                    break;
                 }
             }
         }
         break; 
    }
}
var e = this.context.element;
e.className = "contentManagementToolkit " + e.className;
</loadJsFunction>
        <unloadJsFunction isNull="true" />
        <viewJsFunction>iframeElement = this.context.element.getElementsByTagName("iframe")[0];&#xD;
linkElement = this.context.element.getElementsByTagName("a")[0];&#xD;
&#xD;
if(skipIframeReset == false)&#xD;
	iframeElement.src = "about:blank";&#xD;
&#xD;
// Set 'open in new window' link text&#xD;
getResourceBundle();&#xD;
linkElement.innerHTML = documentViewerView_openinnewwindow;&#xD;
&#xD;
// Don't execute this if bound to a list's listSelected property. This is only&#xD;
// if its bound to a regular ECMDocumentInfo object&#xD;
if (this.context.binding &amp;&amp;&#xD;
	this.context.binding.property != "listSelected" &amp;&amp; &#xD;
	this.context.binding.boundObject.get(this.context.binding.property) != undefined) {&#xD;
    &#xD;
    var newUrl = this.context.binding.boundObject.get(this.context.binding.property).contentURL; &#xD;
    newUrl = formatUrl(newUrl);&#xD;
&#xD;
    if (iframeElement.src  !=  newUrl) {&#xD;
        iframeElement.src = newUrl;&#xD;
    }&#xD;
&#xD;
    linkElement.href=newUrl;&#xD;
}&#xD;
&#xD;
function S4() {&#xD;
   return (((1+Math.random())*0x10000)|0).toString(16).substring(1);&#xD;
}&#xD;
&#xD;
var docViewerFieldSet = getElementByClass(this.context.element, "documentViewerFS");&#xD;
&#xD;
if(docListToolbar == undefined){&#xD;
&#xD;
    var docViewerLegend = getElementByClass(this.context.element, "documentViewerLegend v1blue headerBorder");&#xD;
    var id = S4();&#xD;
    docViewerLegend.id = id;&#xD;
  &#xD;
    docListToolbar = new dijit.Toolbar({&#xD;
    }, id);&#xD;
    &#xD;
    var menu = new dijit.DropDownMenu({ style: "display: none;"});&#xD;
    &#xD;
    var menuItem1 = new dijit.MenuItem({&#xD;
    	label: documentViewerView_maximize,&#xD;
    	maximized: false,&#xD;
    	iframe: iframeElement,&#xD;
    	onClick: function(){&#xD;
    		if(this.get('maximized')==false) {&#xD;
    			iframeElement.style.height = window.innerHeight - 100 + 'px';&#xD;
    			this.set('maximized', true);&#xD;
    			this.set('label', documentViewerView_restore);&#xD;
    		} else {&#xD;
    			iframeElement.style.height = '100%';&#xD;
    			this.set('maximized', false);&#xD;
    			this.set('label', documentViewerView_maximize);&#xD;
    		}&#xD;
    	}&#xD;
    });&#xD;
    		&#xD;
    menu.addChild(menuItem1);&#xD;
    var button = new dijit.form.DropDownButton({&#xD;
    	label: "hello!",&#xD;
    	showLabel: false,&#xD;
    	title: documentViewerView_optionsMenu,&#xD;
    	iconClass:"optionsMenuButton",&#xD;
    	name: "programmatic2",&#xD;
    	dropDown: menu,&#xD;
    	style: "float:right;",&#xD;
    });&#xD;
    &#xD;
    var toggleButton = new dijit.form.ToggleButton({&#xD;
    	label: "bold",&#xD;
    	showLabel: false,&#xD;
    	iconClass:'minimizeButton',&#xD;
    	style: "float:right;",&#xD;
    	title: documentViewerView_minimize,&#xD;
    	menuButton: button,&#xD;
    	toggled: false,&#xD;
    	hideViewer: false,&#xD;
    	onClick: function(){&#xD;
    		this.set('iconClass', this.get('toggled') ? "minimizeButton" : "maximizeButton");&#xD;
    		this.set('toggled', !this.get('toggled'));&#xD;
    		if(this.get('hideViewer')==false) {&#xD;
    			domStyle.set(docViewerFieldSet, "display", "none");&#xD;
    			this.set('hideViewer', true);&#xD;
    			this.get('menuButton').set("disabled", true);
    			this.set('title', documentViewerView_restore);&#xD;
    		} else {&#xD;
    			domStyle.set(docViewerFieldSet, "display", "block");&#xD;
    			this.set('hideViewer', false);&#xD;
    			this.get('menuButton').set("disabled", false);
    			this.set('title', documentViewerView_minimize);&#xD;
    		}&#xD;
    	}&#xD;
    });&#xD;
    &#xD;
    docListToolbar.addChild(toggleButton);&#xD;
    docListToolbar.addChild(button);&#xD;
    &#xD;
}&#xD;
&#xD;
var titleText = getElementByClass(this.context.element, "docTitle");&#xD;
//Header Label&#xD;
if (this.context.options._metadata.label != undefined) {&#xD;
	titleText.innerHTML = this.context.options._metadata.label.get("value");&#xD;
} else {&#xD;
	titleText.innerHTML = "";&#xD;
}&#xD;
//Header Tooltip&#xD;
if (this.context.options._metadata.helpText != undefined &amp;&amp; this.context.options._metadata.helpText.get("value") != "") {&#xD;
	titleText.title = this.context.options._metadata.helpText.get("value");&#xD;
}&#xD;
/**&#xD;
 * Set header visibility (needs to be called from the 'view' function, since&#xD;
 * this context.options._metadata.visibility won't be set at 'load' time&#xD;
 */&#xD;
if (this.context.options._metadata.labelVisibility != undefined &amp;&amp;&#xD;
	// Hide header if inside a tab or table&#xD;
	this.context.options._metadata.labelVisibility.get("value") == "NONE") {&#xD;
		document.getElementById(id).style.display = "none";&#xD;
} else {&#xD;
	// show the border otherwise&#xD;
	docViewerFieldSet.className += " bodyBorder";&#xD;
}&#xD;
&#xD;
var visibility = getVisibility(this.context);&#xD;
&#xD;
if (visibility == "NONE") {&#xD;
   	this.context.setDisplay(false);&#xD;
} else {&#xD;
   	this.context.setDisplay(true);&#xD;
}&#xD;
&#xD;
if (visibility == "HIDDEN") {&#xD;
   this.context.setVisibility(false);&#xD;
} else {&#xD;
   this.context.setVisibility(true);&#xD;
}</viewJsFunction>
        <changeJsFunction>if(event.property == "_metadata.visibility"){&#xD;
    &#xD;
    skipIframeReset = true;&#xD;
    this.view();&#xD;
    skipIframeReset = false;&#xD;
    &#xD;
}else if (this.context.binding &amp;&amp; event) {&#xD;
	&#xD;
	var newUrl = "";&#xD;
	if(event.newVal &amp;&amp; event.newVal.contentURL) {&#xD;
		newUrl = formatUrl(event.newVal.contentURL);&#xD;
	}&#xD;
	iframeElement.src = newUrl;&#xD;
	linkElement.href=newUrl;&#xD;
}&#xD;
</changeJsFunction>
        <collaborationJsFunction isNull="true" />
        <description>A Document Viewer displays the contents of a document for a URL.</description>
        <validateJsFunction isNull="true" />
        <previewAdvHtml isNull="true" />
        <previewAdvJs isNull="true" />
        <useUrlBinding>false</useUrlBinding>
        <guid>guid:d5b59e2cf13bea07:4e41f3cf:13530095222:-7fb8</guid>
        <versionId>69fa51ce-ba84-4461-9263-e3b0120a7ccf</versionId>
        <bindingType name="documentURL">
            <lastModified isNull="true" />
            <lastModifiedBy isNull="true" />
            <coachViewBindingTypeId>65.c6dfe50c-c4a4-47af-99bc-b2aaa6611b04</coachViewBindingTypeId>
            <coachViewId>64.6f78b265-1cdc-43e7-bba4-efdd3b05cd89</coachViewId>
            <isList>false</isList>
            <classId>/12.b0e1b82e-1f8e-4ef7-b5da-2e07effdf361</classId>
            <seq isNull="true" />
            <description isNull="true" />
            <guid>guid:d5b59e2cf13bea07:4e41f3cf:13530095222:-7f87</guid>
            <versionId>2ed9bdb7-d125-4998-befd-59df0a1e0dac</versionId>
        </bindingType>
        <resource>
            <lastModified isNull="true" />
            <lastModifiedBy isNull="true" />
            <coachViewResourceId>67.9b34e8fa-2016-45b4-a55f-86e8adf5ebad</coachViewResourceId>
            <coachViewId>64.6f78b265-1cdc-43e7-bba4-efdd3b05cd89</coachViewId>
            <filePath isNull="true" />
            <ieCondition isNull="true" />
            <mediaQuery isNull="true" />
            <scriptLoadStyle isNull="true" />
            <assetUuid>/61.bc4aa7d1-e61f-42b5-825b-5c2b0a0277ad</assetUuid>
            <seq>3</seq>
            <guid>f8ef19d8-4bf1-48c1-91d4-e4adda39d6c3</guid>
            <versionId>21758849-c88d-4687-a08a-f62b958523ee</versionId>
        </resource>
        <resource>
            <lastModified isNull="true" />
            <lastModifiedBy isNull="true" />
            <coachViewResourceId>67.21e149b6-4d8c-4c8c-aafe-da73756d480f</coachViewResourceId>
            <coachViewId>64.6f78b265-1cdc-43e7-bba4-efdd3b05cd89</coachViewId>
            <filePath isNull="true" />
            <ieCondition isNull="true" />
            <mediaQuery isNull="true" />
            <scriptLoadStyle isNull="true" />
            <assetUuid>/61.80154575-9985-4080-928c-8020db9b5575</assetUuid>
            <seq>4</seq>
            <guid>1b5b0ca6-af28-47a4-8efa-ca4b7032a6e9</guid>
            <versionId>115193b7-92d2-4f2a-834a-0d52ebcad470</versionId>
        </resource>
        <inlineScript name="Inline CSS">
            <lastModified isNull="true" />
            <lastModifiedBy isNull="true" />
            <coachViewInlineScriptId>68.bc1c4258-f6a2-46ae-be13-bb2bb4230e8a</coachViewInlineScriptId>
            <coachViewId>64.6f78b265-1cdc-43e7-bba4-efdd3b05cd89</coachViewId>
            <scriptType>CSS</scriptType>
            <scriptBlock isNull="true" />
            <seq>0</seq>
            <description isNull="true" />
            <guid>guid:d5b59e2cf13bea07:4e41f3cf:13530095222:-7fb7</guid>
            <versionId>a196a86c-e325-4c9d-9300-8bad3619e99e</versionId>
        </inlineScript>
        <inlineScript name="Inline Javascript">
            <lastModified isNull="true" />
            <lastModifiedBy isNull="true" />
            <coachViewInlineScriptId>68.e08f3a27-5a3c-4c8f-89f9-005e7c1d9ed0</coachViewInlineScriptId>
            <coachViewId>64.6f78b265-1cdc-43e7-bba4-efdd3b05cd89</coachViewId>
            <scriptType>JS</scriptType>
            <scriptBlock>/*&#xD;
@layerRequiredStart&#xD;
{&#xD;
  "debug": ["dijit/dijit_bpm"],&#xD;
  "nonDebug": ["dijit/dijit_bpm"]&#xD;
}&#xD;
@layerRequiredEnd&#xD;
*/&#xD;
&#xD;
var iframeElement;&#xD;
var skipIframeReset=false;&#xD;
var linkElement;&#xD;
var documentViewerView_openinnewwindow="test";&#xD;
var documentViewerView_maximize="Maximize";&#xD;
var documentViewerView_minimize="Minimize";&#xD;
var documentViewerView_restore="Restore";&#xD;
var documentViewerView_optionsMenu="Options Menu";&#xD;
var docListToolbar;&#xD;
&#xD;
var jsonResURL = this.context.contextRootMap.teamworks+"/jsonResBundleLoader?bundle=JavaScriptMessages";&#xD;
&#xD;
function formatUrl (url) {&#xD;
    newUrl = url;	&#xD;
    newUrl = newUrl.replace(/&amp;amp;/g, '&amp;');&#xD;
    newUrl = newUrl.replace(/&amp;quot;/g, '"');&#xD;
    newUrl = newUrl.replace(/&amp;lt;/g, '&lt;');&#xD;
    newUrl = newUrl.replace(/&amp;gt;/g, '&gt;');&#xD;
    return newUrl;&#xD;
}&#xD;
&#xD;
function getResourceBundle() {&#xD;
	try{&#xD;
	dojo.xhrGet( {&#xD;
	    url: jsonResURL,&#xD;
	    handleAs: "json",&#xD;
	    load: function(responseObject, ioArgs) {&#xD;
	    	resourceBundle = responseObject;&#xD;
			documentViewerView_openinnewwindow = responseObject.documentViewerView_openinnewwindow;&#xD;
			documentViewerView_maximize = responseObject.documentViewerView_maximize;&#xD;
			documentViewerView_minimize = responseObject.documentViewerView_minimize;&#xD;
			documentViewerView_restore = responseObject.documentViewerView_restore;&#xD;
			documentViewerView_optionsMenu = responseObject.documentViewerView_optionsMenu;			&#xD;
	    },&#xD;
	    sync: true&#xD;
	});&#xD;
	}catch(err){&#xD;
		var a = err;&#xD;
		//call will be failed if no security context, &#xD;
		//if do not catch, the failure will block the preview at the AE&#xD;
		//do nothing at here, the validation messages will be default(en) at this case&#xD;
	}&#xD;
&#xD;
}&#xD;
&#xD;
function getVisibility(context) {&#xD;
    var visibility = "DEFAULT";&#xD;
    if (context.options._metadata.visibility) {&#xD;
        visibility = context.options._metadata.visibility.get("value");&#xD;
    }&#xD;
&#xD;
    if (visibility == "DEFAULT") {&#xD;
        visibility = context.getInheritedVisibility();&#xD;
    }&#xD;
	&#xD;
	return visibility;&#xD;
}&#xD;
&#xD;
this._highlightBindingIssue = function(){&#xD;}&#xD;
</scriptBlock>
            <seq>1</seq>
            <description isNull="true" />
            <guid>guid:d5b59e2cf13bea07:4e41f3cf:13530095222:-7fb6</guid>
            <versionId>a17a0d4a-cfc2-432e-8347-b07455ee3d4b</versionId>
        </inlineScript>
        <inlineScript name="Header HTML">
            <lastModified isNull="true" />
            <lastModifiedBy isNull="true" />
            <coachViewInlineScriptId>68.9cb9b979-d41f-4b16-9520-5f2fbfd12da5</coachViewInlineScriptId>
            <coachViewId>64.6f78b265-1cdc-43e7-bba4-efdd3b05cd89</coachViewId>
            <scriptType>HTML</scriptType>
            <scriptBlock isNull="true" />
            <seq>2</seq>
            <description isNull="true" />
            <guid>guid:d5b59e2cf13bea07:4e41f3cf:13530095222:-7fb5</guid>
            <versionId>19fc8038-1881-4acb-94c5-c75b76425a68</versionId>
        </inlineScript>
        <amdDependency>
            <lastModified isNull="true" />
            <lastModifiedBy isNull="true" />
            <coachViewAmdDepId>70.a44a4e53-1013-418b-837e-426569b95160</coachViewAmdDepId>
            <coachViewId>64.6f78b265-1cdc-43e7-bba4-efdd3b05cd89</coachViewId>
            <moduleId>dijit/Toolbar</moduleId>
            <functionArgument>Toolbar</functionArgument>
            <seq>0</seq>
            <guid>guid:66493e57dd5fc875:-50f08653:1389427f037:-7ffc</guid>
            <versionId>3d04e745-d2b5-4903-94c1-2495223bad5e</versionId>
        </amdDependency>
        <amdDependency>
            <lastModified isNull="true" />
            <lastModifiedBy isNull="true" />
            <coachViewAmdDepId>70.10ff3979-743a-4a16-a31b-450e90d40658</coachViewAmdDepId>
            <coachViewId>64.6f78b265-1cdc-43e7-bba4-efdd3b05cd89</coachViewId>
            <moduleId>dijit/DropDownMenu</moduleId>
            <functionArgument>DropDownMenu</functionArgument>
            <seq>1</seq>
            <guid>guid:66493e57dd5fc875:-50f08653:1389427f037:-7ffb</guid>
            <versionId>4c6feb4f-03fd-44ae-a251-5360805d9dd6</versionId>
        </amdDependency>
        <amdDependency>
            <lastModified isNull="true" />
            <lastModifiedBy isNull="true" />
            <coachViewAmdDepId>70.02df361e-003e-454f-882a-7bd32a20f6bd</coachViewAmdDepId>
            <coachViewId>64.6f78b265-1cdc-43e7-bba4-efdd3b05cd89</coachViewId>
            <moduleId>dijit/MenuItem</moduleId>
            <functionArgument>MenuItem</functionArgument>
            <seq>2</seq>
            <guid>guid:66493e57dd5fc875:-50f08653:1389427f037:-7ffa</guid>
            <versionId>865988ab-2c72-4107-803f-62cd18719371</versionId>
        </amdDependency>
        <amdDependency>
            <lastModified isNull="true" />
            <lastModifiedBy isNull="true" />
            <coachViewAmdDepId>70.f38d52e8-5e50-4dad-b8a8-a1261eb0eb28</coachViewAmdDepId>
            <coachViewId>64.6f78b265-1cdc-43e7-bba4-efdd3b05cd89</coachViewId>
            <moduleId>dijit/form/DropDownButton</moduleId>
            <functionArgument>DropDownButton</functionArgument>
            <seq>3</seq>
            <guid>guid:66493e57dd5fc875:-50f08653:1389427f037:-7ff9</guid>
            <versionId>1f54174a-c772-4123-94dd-7a16ee2641a5</versionId>
        </amdDependency>
        <amdDependency>
            <lastModified isNull="true" />
            <lastModifiedBy isNull="true" />
            <coachViewAmdDepId>70.d6ed3265-042e-4e48-a024-5292f7afdee7</coachViewAmdDepId>
            <coachViewId>64.6f78b265-1cdc-43e7-bba4-efdd3b05cd89</coachViewId>
            <moduleId>dijit/form/ToggleButton</moduleId>
            <functionArgument>ToggleButton</functionArgument>
            <seq>4</seq>
            <guid>guid:66493e57dd5fc875:-50f08653:1389427f037:-7ff8</guid>
            <versionId>c9887038-59d5-4ba2-8970-5a8879e76087</versionId>
        </amdDependency>
        <amdDependency>
            <lastModified isNull="true" />
            <lastModifiedBy isNull="true" />
            <coachViewAmdDepId>70.85b5f13a-ce3f-46a4-a8b3-5ed4cc020e49</coachViewAmdDepId>
            <coachViewId>64.6f78b265-1cdc-43e7-bba4-efdd3b05cd89</coachViewId>
            <moduleId>dojo/dom-style</moduleId>
            <functionArgument>domStyle</functionArgument>
            <seq>5</seq>
            <guid>e7fc3c64-e262-4d59-81d5-bbf5ceaeeb62</guid>
            <versionId>b43827fc-e380-421d-ada6-fc2680c07450</versionId>
        </amdDependency>
    </coachView>
</teamworks>

