<?xml version="1.0" encoding="UTF-8"?>
<teamworks>
    <coachView id="64.860ee39b-bb1d-4ae1-aa15-99442e66820a" name="Document Viewer">
        <lastModified>1453229870285</lastModified>
        <lastModifiedBy>tw_admin</lastModifiedBy>
        <coachViewId>64.860ee39b-bb1d-4ae1-aa15-99442e66820a</coachViewId>
        <isTemplate>false</isTemplate>
        <layout>&lt;?xml version="1.0" encoding="UTF-8" standalone="yes"?&gt;&lt;ns2:layout xmlns:ns2="http://www.ibm.com/bpm/CoachDesignerNG" xmlns:ns3="http://www.ibm.com/bpm/coachview"&gt;&lt;ns2:layoutItem xsi:type="ns2:CustomHTML" version="8550" xmlns:xsi="http://www.w3.org/2001/XMLSchema-instance"&gt;&lt;ns2:id&gt;09fbdf10-21e8-4273-846f-7eff4b06fd4e&lt;/ns2:id&gt;&lt;ns2:layoutItemId&gt;CustomHTML1&lt;/ns2:layoutItemId&gt;&lt;ns2:configData&gt;&lt;ns2:id&gt;dfd86229-8038-4589-85a5-4c906e2cd67e&lt;/ns2:id&gt;&lt;ns2:optionName&gt;@customHTML.contentType&lt;/ns2:optionName&gt;&lt;ns2:value&gt;ASSET&lt;/ns2:value&gt;&lt;/ns2:configData&gt;&lt;ns2:configData&gt;&lt;ns2:id&gt;8a9d6d66-adbd-4668-8b58-1e5e3f9cc47a&lt;/ns2:id&gt;&lt;ns2:optionName&gt;@customHTML.assetContent&lt;/ns2:optionName&gt;&lt;ns2:value&gt;61.b87f7c4c-be52-4181-8b02-033a75616b0e&lt;/ns2:value&gt;&lt;/ns2:configData&gt;&lt;/ns2:layoutItem&gt;&lt;ns2:layoutItem xsi:type="ns2:CustomHTML" version="8550" xmlns:xsi="http://www.w3.org/2001/XMLSchema-instance"&gt;&lt;ns2:id&gt;8762a64b-0200-42ba-813f-2c18c39fe89d&lt;/ns2:id&gt;&lt;ns2:layoutItemId&gt;ValidationAlert&lt;/ns2:layoutItemId&gt;&lt;ns2:configData&gt;&lt;ns2:id&gt;6b99eae7-51de-4cdd-8efe-5b271ba97e5b&lt;/ns2:id&gt;&lt;ns2:optionName&gt;@customHTML.contentType&lt;/ns2:optionName&gt;&lt;ns2:value&gt;ASSET&lt;/ns2:value&gt;&lt;/ns2:configData&gt;&lt;ns2:configData&gt;&lt;ns2:id&gt;fc4361a3-c714-42be-87fe-c70299e9ca64&lt;/ns2:id&gt;&lt;ns2:optionName&gt;@customHTML.assetContent&lt;/ns2:optionName&gt;&lt;ns2:value&gt;61.e37c8eaa-0cd4-3b24-a7d5-c0cdcdd58eb2&lt;/ns2:value&gt;&lt;/ns2:configData&gt;&lt;/ns2:layoutItem&gt;&lt;/ns2:layout&gt;</layout>
        <paletteIcon>/61.711f5c54-ed39-4493-8043-a4ab19ae3254</paletteIcon>
        <previewImage>/61.bea510b5-df85-4889-823e-4293c06b42b9</previewImage>
        <hasLabel>false</hasLabel>
        <labelPosition>0</labelPosition>
        <nineSliceX1Coord>0</nineSliceX1Coord>
        <nineSliceX2Coord>0</nineSliceX2Coord>
        <nineSliceY1Coord>0</nineSliceY1Coord>
        <nineSliceY2Coord>0</nineSliceY2Coord>
        <emitBoundary>false</emitBoundary>
        <isPrototypeFunc>false</isPrototypeFunc>
        <enableDevMode>false</enableDevMode>
        <isMobileReady>true</isMobileReady>
        <loadJsFunction>if(coachViewHelper.isDebug){&#xD;
	coachViewHelper.loadResource('content-controls.debug.zip', 'SYSCM', '/scripts/debug.js');&#xD;
}else{&#xD;
	coachViewHelper.loadResource('content-controls.min.zip', 'SYSCM', '/scripts/content-controls.min.js');&#xD;
}&#xD;
&#xD;
coachViewHelper.bootstrap(this, "responsive.coaches", "docViewer", {Explorer: 9});</loadJsFunction>
        <unloadJsFunction isNull="true" />
        <viewJsFunction>  coachViewHelper.init();</viewJsFunction>
        <changeJsFunction>  coachViewHelper.notify(this);</changeJsFunction>
        <collaborationJsFunction isNull="true" />
        <description isNull="true" />
        <validateJsFunction isNull="true" />
        <previewAdvHtml>/61.b87f7c4c-be52-4181-8b02-033a75616b0e</previewAdvHtml>
        <previewAdvJs>/61.f5c1ab45-90d7-49fc-8911-634758c06cbc</previewAdvJs>
        <useUrlBinding>false</useUrlBinding>
        <guid>guid:4a774fd1f18e7714:1b901dbd:14c1950f655:-7ffd</guid>
        <versionId>d895478b-3c09-41a6-94ac-e819dc8d5e6b</versionId>
        <bindingType name="documentURL">
            <lastModified isNull="true" />
            <lastModifiedBy isNull="true" />
            <coachViewBindingTypeId>65.a0fb3f85-6d46-4a30-b915-23a2bed97407</coachViewBindingTypeId>
            <coachViewId>64.860ee39b-bb1d-4ae1-aa15-99442e66820a</coachViewId>
            <isList>false</isList>
            <classId>/12.b0e1b82e-1f8e-4ef7-b5da-2e07effdf361</classId>
            <seq>0</seq>
            <description isNull="true" />
            <guid>e17f0a73-1b35-44fc-a884-32de2bf548af</guid>
            <versionId>217693d7-5053-436d-8747-950232059365</versionId>
        </bindingType>
        <configOption name="collapsible">
            <lastModified isNull="true" />
            <lastModifiedBy isNull="true" />
            <coachViewConfigOptionId>66.09f8f340-7b5f-408a-a4b9-8e92c4298a36</coachViewConfigOptionId>
            <coachViewId>64.860ee39b-bb1d-4ae1-aa15-99442e66820a</coachViewId>
            <isList>false</isList>
            <propertyType>OBJECT</propertyType>
            <label>tw.resource.DocumentList.docControl.option.collapsible.label</label>
            <classId>f1e96cc6-5fd9-4002-8b04-107d4ddae78a/12.83ff975e-8dbc-42e5-b738-fa8bc08274a2</classId>
            <processId isNull="true" />
            <isAdaptive>false</isAdaptive>
            <seq>0</seq>
            <description>tw.resource.DocumentList.docControl.option.collapsible.doc</description>
            <groupName isNull="true" />
            <guid>guid:c8c3dc288959a678:-a5699fc:15121ad09a0:-7fff</guid>
            <versionId>57e02015-4a6b-471f-b230-afeef03d8e58</versionId>
        </configOption>
        <configOption name="collapsed">
            <lastModified isNull="true" />
            <lastModifiedBy isNull="true" />
            <coachViewConfigOptionId>66.70789403-4c48-488d-beab-9609c9d9342c</coachViewConfigOptionId>
            <coachViewId>64.860ee39b-bb1d-4ae1-aa15-99442e66820a</coachViewId>
            <isList>false</isList>
            <propertyType>OBJECT</propertyType>
            <label>tw.resource.DocumentList.docControl.option.collapsed.label</label>
            <classId>f1e96cc6-5fd9-4002-8b04-107d4ddae78a/12.83ff975e-8dbc-42e5-b738-fa8bc08274a2</classId>
            <processId isNull="true" />
            <isAdaptive>false</isAdaptive>
            <seq>1</seq>
            <description>tw.resource.DocumentList.docControl.option.collapsed.doc</description>
            <groupName isNull="true" />
            <guid>guid:c8c3dc288959a678:-a5699fc:15121ad09a0:-7ffe</guid>
            <versionId>40ceba07-e0a2-47d8-9a93-29514b169c83</versionId>
        </configOption>
        <configOption name="localizationService">
            <lastModified isNull="true" />
            <lastModifiedBy isNull="true" />
            <coachViewConfigOptionId>66.668c2c43-fbc1-4e5a-83d8-23b72c579dcc</coachViewConfigOptionId>
            <coachViewId>64.860ee39b-bb1d-4ae1-aa15-99442e66820a</coachViewId>
            <isList>false</isList>
            <propertyType>SERVICE</propertyType>
            <label>tw.resource.DocumentList.docControl.option.localization.label</label>
            <classId isNull="true" />
            <processId>/1.dc66f5e0-a383-4564-a239-d1fff20b9ce5</processId>
            <isAdaptive>false</isAdaptive>
            <seq>2</seq>
            <description>tw.resource.DocumentList.docControl.option.localization.doc</description>
            <groupName isNull="true" />
            <guid>guid:5c896c3ffadfeead:-28f1f675:150dd7935d3:-7feb</guid>
            <versionId>d13111f9-a8e5-4c5e-9784-5e978880f07b</versionId>
        </configOption>
        <configOption name="headerColor">
            <lastModified isNull="true" />
            <lastModifiedBy isNull="true" />
            <coachViewConfigOptionId>66.2466736c-8805-4a31-ae54-cc37e7ae5600</coachViewConfigOptionId>
            <coachViewId>64.860ee39b-bb1d-4ae1-aa15-99442e66820a</coachViewId>
            <isList>false</isList>
            <propertyType>OBJECT</propertyType>
            <label>tw.resource.messages.responsive.coaches.sectionColors</label>
            <classId>1c0d347d-007e-4b1b-a3f7-929be673b0c4/12.31957116-b4d2-3e59-a7a0-3102368d1930</classId>
            <processId isNull="true" />
            <isAdaptive>false</isAdaptive>
            <seq>3</seq>
            <description>tw.resource.messages.responsive.coaches.sectionColors.description</description>
            <groupName>tw.resource.messages.responsive.coaches.style</groupName>
            <guid>86bf61fd-a35c-4fc8-b1f8-3a660fb86243</guid>
            <versionId>4a1eb2c7-0c70-478a-8cd4-cff382108066</versionId>
        </configOption>
        <configOption name="headerTextSize">
            <lastModified isNull="true" />
            <lastModifiedBy isNull="true" />
            <coachViewConfigOptionId>66.a2ab98f1-6466-4278-a448-cbcfea2d5e85</coachViewConfigOptionId>
            <coachViewId>64.860ee39b-bb1d-4ae1-aa15-99442e66820a</coachViewId>
            <isList>false</isList>
            <propertyType>OBJECT</propertyType>
            <label>tw.resource.messages.responsive.coaches.section.headerSize</label>
            <classId>1c0d347d-007e-4b1b-a3f7-929be673b0c4/12.0b2df65b-a634-34b8-96f8-7da0de513dde</classId>
            <processId isNull="true" />
            <isAdaptive>false</isAdaptive>
            <seq>4</seq>
            <description>tw.resource.messages.responsive.coaches.section.headerSize.description</description>
            <groupName>tw.resource.messages.responsive.coaches.style</groupName>
            <guid>675aec6d-5f86-49c2-b4f1-7aa164e8836d</guid>
            <versionId>965c354f-1b27-4323-a13d-08a91321350c</versionId>
        </configOption>
        <dynamicStyle>
            <lastModified isNull="true" />
            <lastModifiedBy isNull="true" />
            <coachViewDynamicStyleId>73.df753152-4488-4ea8-9570-6334b710d719</coachViewDynamicStyleId>
            <coachViewId>64.860ee39b-bb1d-4ae1-aa15-99442e66820a</coachViewId>
            <filePath>scripts/controls.less</filePath>
            <assetUuid>1c0d347d-007e-4b1b-a3f7-929be673b0c4/61.753ec599-e014-3ac0-9251-63c6aa962a34</assetUuid>
            <seq>0</seq>
            <guid>0c8daf36-d7da-4dca-b17f-014b5e2402de</guid>
            <versionId>b81b106e-da03-4f1f-9359-0c1a3d81371e</versionId>
        </dynamicStyle>
        <resource>
            <lastModified isNull="true" />
            <lastModifiedBy isNull="true" />
            <coachViewResourceId>67.a48a84ed-0f2b-4e6b-8d6f-ac632a28ea3b</coachViewResourceId>
            <coachViewId>64.860ee39b-bb1d-4ae1-aa15-99442e66820a</coachViewId>
            <filePath>scripts/content-controls.min.css</filePath>
            <ieCondition isNull="true" />
            <mediaQuery isNull="true" />
            <scriptLoadStyle isNull="true" />
            <assetUuid>/61.7074ac40-01fc-4b3a-8bd9-547b89f49943</assetUuid>
            <seq>1</seq>
            <guid>cd75c39c-2f59-4be7-b10c-0cabc8cd4b3a</guid>
            <versionId>2ad4f773-bf3d-4241-8eed-2805c2fd1954</versionId>
        </resource>
        <inlineScript name="Inline Javascript">
            <lastModified isNull="true" />
            <lastModifiedBy isNull="true" />
            <coachViewInlineScriptId>68.b24e19a2-e7cf-4efe-a6f6-f4e8d8f48c95</coachViewInlineScriptId>
            <coachViewId>64.860ee39b-bb1d-4ae1-aa15-99442e66820a</coachViewId>
            <scriptType>JS</scriptType>
            <scriptBlock>/*&#xD;
@dojoConfigUpdateStart&#xD;
dojoConfig.packages.push({&#xD;
name: 'com.ibm.bpm.coach.angular',&#xD;
location: com_ibm_bpm_coach.getManagedAssetUrl('coachview.helper.min.zip',&#xD;
com_ibm_bpm_coach.assetType_WEB, 'SYSRC')&#xD;
});&#xD;
@dojoConfigUpdateEnd&#xD;
*/&#xD;
&#xD;
this._highlightBindingIssue = function(){&#xD;
}</scriptBlock>
            <seq>0</seq>
            <description isNull="true" />
            <guid>6072b111-bd5d-435e-8aaf-89fd41dd4862</guid>
            <versionId>bdbacceb-badf-4562-b92c-0b12b2817ffc</versionId>
        </inlineScript>
        <inlineScript name="Inline CSS">
            <lastModified isNull="true" />
            <lastModifiedBy isNull="true" />
            <coachViewInlineScriptId>68.2f68fb0d-5666-4cda-a7f1-d47b5e886155</coachViewInlineScriptId>
            <coachViewId>64.860ee39b-bb1d-4ae1-aa15-99442e66820a</coachViewId>
            <scriptType>CSS</scriptType>
            <scriptBlock isNull="true" />
            <seq>1</seq>
            <description isNull="true" />
            <guid>249c3f5a-bdc9-4745-a959-15a5cfe23e1f</guid>
            <versionId>3a1d3ea4-0277-42f4-84da-2c325879aa31</versionId>
        </inlineScript>
        <inlineScript name="Header HTML">
            <lastModified isNull="true" />
            <lastModifiedBy isNull="true" />
            <coachViewInlineScriptId>68.c3d2ee4f-d869-4a5e-8242-872de02163b7</coachViewInlineScriptId>
            <coachViewId>64.860ee39b-bb1d-4ae1-aa15-99442e66820a</coachViewId>
            <scriptType>HTML</scriptType>
            <scriptBlock isNull="true" />
            <seq>2</seq>
            <description isNull="true" />
            <guid>73493121-65cf-495d-a738-92e7925e755b</guid>
            <versionId>f58c13fc-9f41-4976-8b77-2886f22ff734</versionId>
        </inlineScript>
        <localization>
            <lastModified isNull="true" />
            <lastModifiedBy isNull="true" />
            <coachViewLocalResId>69.105a4e76-6e3c-45e9-838b-2f2d2d0e5f1d</coachViewLocalResId>
            <coachViewId>64.860ee39b-bb1d-4ae1-aa15-99442e66820a</coachViewId>
            <resourceBundleGroupId>/50.05a87f6e-92f1-49f0-9cd4-d66479a5ea46</resourceBundleGroupId>
            <seq>0</seq>
            <guid>guid:5c896c3ffadfeead:-28f1f675:150dd7935d3:-7fed</guid>
            <versionId>f98b843e-8454-44db-b5b4-0faf447af26a</versionId>
        </localization>
        <localization>
            <lastModified isNull="true" />
            <lastModifiedBy isNull="true" />
            <coachViewLocalResId>69.74b4b7a3-81ae-46b0-9f5a-49115fc31d78</coachViewLocalResId>
            <coachViewId>64.860ee39b-bb1d-4ae1-aa15-99442e66820a</coachViewId>
            <resourceBundleGroupId>1c0d347d-007e-4b1b-a3f7-929be673b0c4/50.b17076cd-8a20-376f-9c7d-379adea7aabc</resourceBundleGroupId>
            <seq>1</seq>
            <guid>18c56241-41bd-46f2-8bb8-2a3c340fb9c8</guid>
            <versionId>821f7ab5-5155-4e47-9fb8-e9a7113f5185</versionId>
        </localization>
        <amdDependency>
            <lastModified isNull="true" />
            <lastModifiedBy isNull="true" />
            <coachViewAmdDepId>70.5eae21d7-0127-4dd9-b8af-ff04fbf54a4f</coachViewAmdDepId>
            <coachViewId>64.860ee39b-bb1d-4ae1-aa15-99442e66820a</coachViewId>
            <moduleId>com.ibm.bpm.coach.angular/scripts/coachViewHelper</moduleId>
            <functionArgument>coachViewHelper</functionArgument>
            <seq>0</seq>
            <guid>23f22089-06d1-4b0a-90b7-b07684de5fb9</guid>
            <versionId>02848744-927f-455a-b61f-95f12bbb9579</versionId>
        </amdDependency>
    </coachView>
</teamworks>

